0,0.0,0.0,-0.1452513966480447,-0.31843575418994413,-0.3240223463687151,-0.5642458100558659,-0.43575418994413406,-0.8044692737430168,-0.4301675977653631,-1.0,-0.7039106145251397,-0.4692737430167598,-0.9720670391061452,-0.329608938547486,-0.8547486033519553,-0.2737430167597765,-0.7318435754189944,-0.29608938547486036,-0.7374301675977654,-0.24581005586592178,-0.9385474860335196,-0.13966480446927373,-0.8212290502793296,-0.1005586592178771,-0.6983240223463687,-0.12290502793296089,-0.7206703910614525,-0.0223463687150838,-0.8715083798882681,0.027932960893854747,-0.770949720670391,0.061452513966480445,-0.6536312849162011,0.05027932960893855,-0.6871508379888268,0.18435754189944134,-0.8100558659217877,0.18435754189944134,-0.7039106145251397,0.20670391061452514,-0.5977653631284916,0.2011173184357542
0,0.0,0.0,-0.13636363636363635,-0.32386363636363635,-0.3181818181818182,-0.5681818181818182,-0.42045454545454547,-0.8068181818181818,-0.4090909090909091,-1.0,-0.6761363636363636,-0.4772727272727273,-0.9715909090909091,-0.32954545454545453,-0.8579545454545454,-0.2727272727272727,-0.7329545454545454,-0.30113636363636365,-0.7045454545454546,-0.25,-0.9318181818181818,-0.14204545454545456,-0.8125,-0.10227272727272728,-0.6931818181818182,-0.13068181818181818,-0.6931818181818182,-0.028409090909090908,-0.8636363636363636,0.028409090909090908,-0.7613636363636364,0.0625,-0.6420454545454546,0.045454545454545456,-0.6590909090909091,0.17045454545454544,-0.7897727272727273,0.18181818181818182,-0.6818181818181818,0.20454545454545456,-0.5795454545454546,0.19318181818181818
0,0.0,0.0,-0.13636363636363635,-0.3125,-0.32386363636363635,-0.5625,-0.4318181818181818,-0.8011363636363636,-0.42045454545454547,-1.0,-0.6818181818181818,-0.48863636363636365,-0.9772727272727273,-0.3409090909090909,-0.8636363636363636,-0.2784090909090909,-0.7386363636363636,-0.3068181818181818,-0.7102272727272727,-0.2727272727272727,-0.9488636363636364,-0.1534090909090909,-0.8295454545454546,-0.10227272727272728,-0.7045454545454546,-0.13636363636363635,-0.7045454545454546,-0.05113636363636364,-0.8806818181818182,0.017045454545454544,-0.7727272727272727,0.056818181818181816,-0.6534090909090909,0.03409090909090909,-0.6761363636363636,0.14772727272727273,-0.8068181818181818,0.16477272727272727,-0.6988636363636364,0.1875,-0.5909090909090909,0.17613636363636365
0,0.0,0.0,-0.11695906432748537,-0.3157894736842105,-0.28654970760233917,-0.5730994152046783,-0.38011695906432746,-0.8070175438596491,-0.36257309941520466,-1.0,-0.6432748538011696,-0.5380116959064327,-0.9532163742690059,-0.42105263157894735,-0.8304093567251462,-0.3508771929824561,-0.7017543859649122,-0.3684210526315789,-0.6842105263157895,-0.32748538011695905,-0.9415204678362573,-0.23976608187134502,-0.8187134502923976,-0.18128654970760233,-0.695906432748538,-0.19298245614035087,-0.6900584795321637,-0.1111111111111111,-0.9005847953216374,-0.06432748538011696,-0.7894736842105263,-0.017543859649122806,-0.6608187134502924,-0.023391812865497075,-0.6783625730994152,0.0935672514619883,-0.8421052631578947,0.10526315789473684,-0.7251461988304093,0.14035087719298245,-0.6140350877192983,0.14035087719298245
0,0.0,0.0,-0.10778443113772455,-0.31137724550898205,-0.2634730538922156,-0.5748502994011976,-0.3473053892215569,-0.8143712574850299,-0.31736526946107785,-1.0,-0.5748502994011976,-0.5449101796407185,-0.8982035928143712,-0.4491017964071856,-0.7904191616766467,-0.3772455089820359,-0.6646706586826348,-0.38323353293413176,-0.6227544910179641,-0.3473053892215569,-0.8982035928143712,-0.2634730538922156,-0.7844311377245509,-0.20359281437125748,-0.6586826347305389,-0.2155688622754491,-0.6407185628742516,-0.1437125748502994,-0.8562874251497006,-0.09580838323353294,-0.7485029940119761,-0.04790419161676647,-0.6287425149700598,-0.05389221556886228,-0.6407185628742516,0.05389221556886228,-0.8023952095808383,0.059880239520958084,-0.6946107784431138,0.08982035928143713,-0.5868263473053892,0.09580838323353294
0,0.0,0.0,-0.10588235294117647,-0.31176470588235294,-0.2529411764705882,-0.5705882352941176,-0.3352941176470588,-0.8058823529411765,-0.3058823529411765,-1.0,-0.5588235294117647,-0.5235294117647059,-0.8823529411764706,-0.43529411764705883,-0.7705882352941177,-0.37058823529411766,-0.6411764705882353,-0.3764705882352941,-0.6058823529411764,-0.31176470588235294,-0.8764705882352941,-0.24705882352941178,-0.7588235294117647,-0.19411764705882353,-0.6294117647058823,-0.20588235294117646,-0.6235294117647059,-0.1,-0.8352941176470589,-0.07058823529411765,-0.7352941176470589,-0.029411764705882353,-0.611764705882353,-0.03529411764705882,-0.6235294117647059,0.1,-0.7941176470588235,0.08823529411764706,-0.6882352941176471,0.11176470588235295,-0.5882352941176471,0.12352941176470589
0,0.0,0.0,-0.07344632768361582,-0.3107344632768362,-0.2033898305084746,-0.576271186440678,-0.2655367231638418,-0.8135593220338984,-0.23163841807909605,-1.0,-0.480225988700565,-0.5649717514124294,-0.8192090395480226,-0.5141242937853108,-0.7288135593220338,-0.4293785310734463,-0.6045197740112994,-0.423728813559322,-0.5423728813559322,-0.3672316384180791,-0.8361581920903954,-0.3333333333333333,-0.7288135593220338,-0.2598870056497175,-0.6045197740112994,-0.2655367231638418,-0.5819209039548022,-0.1694915254237288,-0.807909604519774,-0.15819209039548024,-0.7062146892655368,-0.1016949152542373,-0.5875706214689266,-0.1016949152542373,-0.5988700564971752,0.022598870056497175,-0.7570621468926554,0.0,-0.655367231638418,0.03954802259887006,-0.559322033898305,0.05084745762711865
0,0.0,0.0,-0.07368421052631578,-0.30526315789473685,-0.22105263157894736,-0.5789473684210527,-0.26842105263157895,-0.8105263157894737,-0.23157894736842105,-1.0,-0.4421052631578947,-0.5894736842105263,-0.7947368421052632,-0.5526315789473685,-0.7105263157894737,-0.47368421052631576,-0.5842105263157895,-0.4631578947368421,-0.49473684210526314,-0.3894736842105263,-0.8105263157894737,-0.3736842105263158,-0.7105263157894737,-0.30526315789473685,-0.5842105263157895,-0.3,-0.5368421052631579,-0.18947368421052632,-0.7894736842105263,-0.20526315789473684,-0.7,-0.15263157894736842,-0.5789473684210527,-0.14210526315789473,-0.5631578947368421,0.005263157894736842,-0.7578947368421053,-0.04736842105263158,-0.6684210526315789,-0.005263157894736842,-0.5684210526315789,0.015789473684210527
0,0.0,0.0,-0.0845771144278607,-0.27860696517412936,-0.24875621890547264,-0.5572139303482587,-0.29850746268656714,-0.7960199004975125,-0.24378109452736318,-1.0,-0.3482587064676617,-0.5422885572139303,-0.746268656716418,-0.5223880597014925,-0.6616915422885572,-0.44776119402985076,-0.5323383084577115,-0.43781094527363185,-0.373134328358209,-0.35323383084577115,-0.7611940298507462,-0.34328358208955223,-0.6616915422885572,-0.27860696517412936,-0.527363184079602,-0.2835820895522388,-0.4129353233830846,-0.15920398009950248,-0.7512437810945274,-0.17412935323383086,-0.6467661691542289,-0.12437810945273632,-0.5174129353233831,-0.12437810945273632,-0.44776119402985076,0.024875621890547265,-0.7114427860696517,-0.009950248756218905,-0.6218905472636815,0.014925373134328358,-0.5074626865671642,0.024875621890547265
0,0.0,0.0,-0.09595959595959595,-0.25757575757575757,-0.2676767676767677,-0.5505050505050505,-0.31313131313131315,-0.7929292929292929,-0.23737373737373738,-1.0,-0.2676767676767677,-0.5303030303030303,-0.6868686868686869,-0.5151515151515151,-0.6161616161616161,-0.42424242424242425,-0.48484848484848486,-0.41919191919191917,-0.2676767676767677,-0.3333333333333333,-0.702020202020202,-0.30808080808080807,-0.6060606060606061,-0.2474747474747475,-0.4696969696969697,-0.25757575757575757,-0.29292929292929293,-0.13636363636363635,-0.6868686868686869,-0.13636363636363635,-0.5959595959595959,-0.09595959595959595,-0.4595959595959596,-0.09595959595959595,-0.3383838383838384,0.050505050505050504,-0.6515151515151515,0.025252525252525252,-0.5757575757575758,0.04040404040404041,-0.4595959595959596,0.045454545454545456
0,0.0,0.0,-0.0979381443298969,-0.25773195876288657,-0.25773195876288657,-0.5567010309278351,-0.28350515463917525,-0.7989690721649485,-0.20103092783505155,-1.0,-0.20618556701030927,-0.520618556701031,-0.6288659793814433,-0.5,-0.5515463917525774,-0.41237113402061853,-0.422680412371134,-0.4175257731958763,-0.20103092783505155,-0.31443298969072164,-0.6391752577319587,-0.28350515463917525,-0.5515463917525774,-0.23195876288659795,-0.41237113402061853,-0.23711340206185566,-0.22164948453608246,-0.1134020618556701,-0.634020618556701,-0.1134020618556701,-0.5515463917525774,-0.08247422680412371,-0.4175257731958763,-0.08247422680412371,-0.25773195876288657,0.06701030927835051,-0.5927835051546392,0.04639175257731959,-0.5360824742268041,0.04639175257731959,-0.422680412371134,0.041237113402061855
0,0.0,0.0,-0.14,-0.28,-0.255,-0.575,-0.28,-0.8,-0.22,-1.0,-0.135,-0.515,-0.55,-0.51,-0.5,-0.42,-0.385,-0.41,-0.125,-0.31,-0.57,-0.315,-0.49,-0.255,-0.365,-0.245,-0.15,-0.115,-0.57,-0.135,-0.51,-0.1,-0.385,-0.095,-0.2,0.06,-0.565,0.03,-0.565,0.015,-0.5,0.0
0,0.0,0.0,-0.15458937198067632,-0.2753623188405797,-0.2560386473429952,-0.5748792270531401,-0.25120772946859904,-0.8067632850241546,-0.17391304347826086,-1.0,-0.06763285024154589,-0.5072463768115942,-0.4492753623188406,-0.463768115942029,-0.40096618357487923,-0.3719806763285024,-0.2946859903381642,-0.37681159420289856,-0.03864734299516908,-0.30434782608695654,-0.4492753623188406,-0.28019323671497587,-0.3961352657004831,-0.22705314009661837,-0.28502415458937197,-0.2318840579710145,-0.05314009661835749,-0.12077294685990338,-0.45410628019323673,-0.1111111111111111,-0.4106280193236715,-0.08695652173913043,-0.2995169082125604,-0.09178743961352658,-0.10628019323671498,0.03864734299516908,-0.4444444444444444,0.033816425120772944,-0.4492753623188406,0.024154589371980676,-0.37681159420289856,0.00966183574879227
0,0.0,0.0,-0.14553990610328638,-0.29107981220657275,-0.14553990610328638,-0.596244131455399,-0.0892018779342723,-0.8169014084507042,-0.014084507042253521,-1.0,0.15492957746478872,-0.5305164319248826,-0.14084507042253522,-0.49295774647887325,-0.24413145539906103,-0.43661971830985913,-0.2347417840375587,-0.4413145539906103,0.19718309859154928,-0.3380281690140845,-0.16901408450704225,-0.3051643192488263,-0.2535211267605634,-0.2863849765258216,-0.2347417840375587,-0.3051643192488263,0.1784037558685446,-0.16901408450704225,-0.18779342723004694,-0.14553990610328638,-0.2676056338028169,-0.14553990610328638,-0.2300469483568075,-0.16901408450704225,0.11737089201877934,-0.023474178403755867,-0.18779342723004694,-0.018779342723004695,-0.2535211267605634,-0.028169014084507043,-0.22535211267605634,-0.046948356807511735
0,0.0,0.0,-0.05434782608695652,-0.29347826086956524,0.06521739130434782,-0.5869565217391305,0.14673913043478262,-0.7989130434782609,0.21195652173913043,-1.0,0.43478260869565216,-0.44021739130434784,0.14673913043478262,-0.3695652173913043,0.0,-0.358695652173913,0.04891304347826087,-0.375,0.47282608695652173,-0.21739130434782608,0.10326086956521739,-0.16847826086956522,-0.021739130434782608,-0.22826086956521738,0.05434782608695652,-0.2826086956521739,0.42391304347826086,-0.016304347826086956,0.059782608695652176,-0.016304347826086956,-0.03804347826086957,-0.09239130434782608,0.043478260869565216,-0.1358695652173913,0.33695652173913043,0.13043478260869565,0.043478260869565216,0.125,-0.043478260869565216,0.04891304347826087,-0.005434782608695652,0.0
0,0.0,0.0,0.00558659217877095,-0.2905027932960894,0.2011173184357542,-0.5977653631284916,0.33519553072625696,-0.8044692737430168,0.4022346368715084,-1.0,0.6312849162011173,-0.4692737430167598,0.44692737430167595,-0.4134078212290503,0.26256983240223464,-0.39106145251396646,0.24581005586592178,-0.39664804469273746,0.6871508379888268,-0.2681564245810056,0.43575418994413406,-0.20670391061452514,0.2569832402234637,-0.24022346368715083,0.27932960893854747,-0.27932960893854747,0.6536312849162011,-0.07262569832402235,0.39664804469273746,-0.0335195530726257,0.24022346368715083,-0.0782122905027933,0.27932960893854747,-0.12290502793296089,0.5810055865921788,0.09497206703910614,0.3687150837988827,0.12849162011173185,0.24022346368715083,0.0782122905027933,0.2569832402234637,0.0335195530726257
0,0.0,0.0,0.023668639053254437,-0.28994082840236685,0.23668639053254437,-0.5739644970414202,0.3905325443786982,-0.7869822485207101,0.46745562130177515,-1.0,0.7100591715976331,-0.4437869822485207,0.5384615384615384,-0.3668639053254438,0.33727810650887574,-0.35502958579881655,0.31952662721893493,-0.3727810650887574,0.7633136094674556,-0.23668639053254437,0.5325443786982249,-0.16568047337278108,0.31952662721893493,-0.1952662721893491,0.33727810650887574,-0.23668639053254437,0.7218934911242604,-0.029585798816568046,0.4911242603550296,0.01775147928994083,0.3076923076923077,-0.03550295857988166,0.3431952662721893,-0.08875739644970414,0.6390532544378699,0.14792899408284024,0.46153846153846156,0.17751479289940827,0.3076923076923077,0.11834319526627218,0.3136094674556213,0.0650887573964497
0,0.0,0.0,0.005988023952095809,-0.281437125748503,0.20359281437125748,-0.5688622754491018,0.3473053892215569,-0.7904191616766467,0.41317365269461076,-1.0,0.6766467065868264,-0.4550898203592814,0.5149700598802395,-0.3712574850299401,0.30538922155688625,-0.3473053892215569,0.2874251497005988,-0.3712574850299401,0.7544910179640718,-0.24550898203592814,0.5149700598802395,-0.15568862275449102,0.2994011976047904,-0.19161676646706588,0.32335329341317365,-0.24550898203592814,0.7305389221556886,-0.03592814371257485,0.47904191616766467,0.03592814371257485,0.2994011976047904,-0.017964071856287425,0.3473053892215569,-0.07784431137724551,0.6467065868263473,0.15568862275449102,0.4431137724550898,0.20359281437125748,0.2994011976047904,0.1437125748502994,0.32335329341317365,0.07784431137724551
0,0.0,0.0,0.0,-0.2808988764044944,0.16853932584269662,-0.5730337078651685,0.30337078651685395,-0.7865168539325843,0.34269662921348315,-1.0,0.6404494382022472,-0.48314606741573035,0.5617977528089888,-0.4157303370786517,0.34831460674157305,-0.38202247191011235,0.29213483146067415,-0.38764044943820225,0.7303370786516854,-0.28651685393258425,0.5730337078651685,-0.20224719101123595,0.33707865168539325,-0.21910112359550563,0.34269662921348315,-0.25842696629213485,0.7191011235955056,-0.0898876404494382,0.5280898876404494,-0.02247191011235955,0.33146067415730335,-0.06741573033707865,0.3539325842696629,-0.11797752808988764,0.6573033707865169,0.08426966292134831,0.4943820224719101,0.12359550561797752,0.34269662921348315,0.06741573033707865,0.34831460674157305,0.0056179775280898875
0,0.0,0.0,0.05084745762711865,-0.2937853107344633,0.24293785310734464,-0.5875706214689266,0.384180790960452,-0.8022598870056498,0.4180790960451977,-1.0,0.6214689265536724,-0.4406779661016949,0.7966101694915254,-0.4463276836158192,0.576271186440678,-0.3898305084745763,0.423728813559322,-0.3672316384180791,0.6497175141242938,-0.24858757062146894,0.7909604519774012,-0.23163841807909605,0.5141242937853108,-0.21468926553672316,0.3898305084745763,-0.23163841807909605,0.6384180790960452,-0.05649717514124294,0.7457627118644068,-0.03954802259887006,0.4971751412429379,-0.062146892655367235,0.384180790960452,-0.10734463276836158,0.5932203389830508,0.11864406779661017,0.6892655367231638,0.12429378531073447,0.5084745762711864,0.07909604519774012,0.423728813559322,0.02824858757062147
0,0.0,0.0,0.08139534883720931,-0.29651162790697677,0.31976744186046513,-0.5813953488372093,0.4883720930232558,-0.7965116279069767,0.5465116279069767,-1.0,0.6976744186046512,-0.38953488372093026,0.8953488372093024,-0.4011627906976744,0.6744186046511628,-0.36627906976744184,0.5116279069767442,-0.3430232558139535,0.7093023255813954,-0.18604651162790697,0.8837209302325582,-0.1744186046511628,0.5813953488372093,-0.18604651162790697,0.4476744186046512,-0.20348837209302326,0.6802325581395349,0.005813953488372093,0.8023255813953488,0.029069767441860465,0.5290697674418605,-0.023255813953488372,0.4127906976744186,-0.08139534883720931,0.6162790697674418,0.18604651162790697,0.7209302325581395,0.19767441860465115,0.5348837209302325,0.13372093023255813,0.45348837209302323,0.0755813953488372
0,0.0,0.0,0.10778443113772455,-0.30538922155688625,0.3592814371257485,-0.5748502994011976,0.5389221556886228,-0.7904191616766467,0.6167664670658682,-0.9880239520958084,0.7245508982035929,-0.3473053892215569,1.0,-0.3473053892215569,0.7844311377245509,-0.33532934131736525,0.5868263473053892,-0.32934131736526945,0.7125748502994012,-0.15568862275449102,0.9401197604790419,-0.12574850299401197,0.6526946107784432,-0.1497005988023952,0.47904191616766467,-0.17365269461077845,0.6646706586826348,0.029940119760479042,0.8562874251497006,0.0658682634730539,0.5868263473053892,-0.005988023952095809,0.4311377245508982,-0.059880239520958084,0.592814371257485,0.2155688622754491,0.7544910179640718,0.23353293413173654,0.5808383233532934,0.16167664670658682,0.46706586826347307,0.10179640718562874
0,0.0,0.0,0.12195121951219512,-0.3170731707317073,0.35365853658536583,-0.5914634146341463,0.5182926829268293,-0.8048780487804879,0.5792682926829268,-1.0,0.7073170731707317,-0.36585365853658536,0.9817073170731707,-0.3780487804878049,0.7682926829268293,-0.35365853658536583,0.5792682926829268,-0.34146341463414637,0.7073170731707317,-0.17682926829268292,0.9512195121951219,-0.15853658536585366,0.6585365853658537,-0.17682926829268292,0.4878048780487805,-0.20121951219512196,0.6646341463414634,0.006097560975609756,0.8719512195121951,0.018292682926829267,0.6036585365853658,-0.036585365853658534,0.4451219512195122,-0.07926829268292683,0.5975609756097561,0.18292682926829268,0.7621951219512195,0.18902439024390244,0.5914634146341463,0.11585365853658537,0.47560975609756095,0.06707317073170732
0,0.0,0.0,0.10828025477707007,-0.3184713375796178,0.33121019108280253,-0.5923566878980892,0.4840764331210191,-0.802547770700637,0.5414012738853503,-1.0,0.7133757961783439,-0.36942675159235666,0.9936305732484076,-0.3821656050955414,0.7707006369426752,-0.36942675159235666,0.5796178343949044,-0.35668789808917195,0.7006369426751592,-0.16560509554140126,0.9426751592356688,-0.17197452229299362,0.6560509554140127,-0.1910828025477707,0.49044585987261147,-0.20382165605095542,0.6624203821656051,0.025477707006369428,0.8789808917197452,0.025477707006369428,0.6050955414012739,-0.03184713375796178,0.45222929936305734,-0.06369426751592357,0.5987261146496815,0.21656050955414013,0.7707006369426752,0.19745222929936307,0.6050955414012739,0.1337579617834395,0.49044585987261147,0.08917197452229299
0,0.0,0.0,0.1165644171779141,-0.3312883435582822,0.3312883435582822,-0.6073619631901841,0.49079754601226994,-0.8159509202453987,0.5276073619631901,-1.0,0.6871165644171779,-0.3803680981595092,0.9631901840490797,-0.39263803680981596,0.7423312883435583,-0.37423312883435583,0.5521472392638037,-0.3619631901840491,0.6809815950920245,-0.1901840490797546,0.9263803680981595,-0.1901840490797546,0.6441717791411042,-0.2085889570552147,0.4785276073619632,-0.22699386503067484,0.6441717791411042,-0.006134969325153374,0.8588957055214724,-0.012269938650306749,0.5950920245398773,-0.06748466257668712,0.44171779141104295,-0.09815950920245399,0.5828220858895705,0.17791411042944785,0.7484662576687117,0.15950920245398773,0.5828220858895705,0.09202453987730061,0.4723926380368098,0.05521472392638037
0,0.0,0.0,0.07643312101910828,-0.31210191082802546,0.33121019108280253,-0.5987261146496815,0.5159235668789809,-0.802547770700637,0.5732484076433121,-1.0,0.7197452229299363,-0.3885350318471338,0.9299363057324841,-0.4012738853503185,0.6942675159235668,-0.37579617834394907,0.5286624203821656,-0.3630573248407643,0.7261146496815286,-0.17834394904458598,0.910828025477707,-0.17197452229299362,0.6050955414012739,-0.1910828025477707,0.46496815286624205,-0.2229299363057325,0.6815286624203821,0.025477707006369428,0.821656050955414,0.03184713375796178,0.5414012738853503,-0.03184713375796178,0.4140127388535032,-0.08280254777070063,0.6178343949044586,0.21656050955414013,0.732484076433121,0.21656050955414013,0.5414012738853503,0.14012738853503184,0.4394904458598726,0.07643312101910828
0,0.0,0.0,0.08333333333333333,-0.3076923076923077,0.25,-0.5833333333333334,0.38461538461538464,-0.8076923076923077,0.4166666666666667,-1.0,0.6346153846153846,-0.4166666666666667,0.8974358974358975,-0.4166666666666667,0.6923076923076923,-0.36538461538461536,0.5128205128205128,-0.33974358974358976,0.6474358974358975,-0.22435897435897437,0.8782051282051282,-0.20512820512820512,0.5961538461538461,-0.1987179487179487,0.42948717948717946,-0.21794871794871795,0.6217948717948718,-0.038461538461538464,0.8076923076923077,-0.019230769230769232,0.5512820512820513,-0.04487179487179487,0.40384615384615385,-0.07692307692307693,0.5769230769230769,0.1346153846153846,0.7243589743589743,0.14743589743589744,0.5576923076923077,0.10256410256410256,0.44871794871794873,0.0641025641025641
0,0.0,0.0,0.078125,-0.2890625,0.265625,-0.5703125,0.4140625,-0.796875,0.4375,-1.0,0.65625,-0.421875,0.875,-0.4140625,0.625,-0.359375,0.46875,-0.34375,0.6796875,-0.21875,0.8671875,-0.203125,0.5625,-0.1875,0.4296875,-0.203125,0.65625,-0.0234375,0.8203125,-0.015625,0.5390625,-0.0390625,0.4140625,-0.0625,0.6171875,0.1484375,0.7421875,0.140625,0.546875,0.109375,0.4609375,0.078125
0,0.0,0.0,0.08490566037735849,-0.29245283018867924,0.25471698113207547,-0.5660377358490566,0.3867924528301887,-0.8018867924528302,0.41509433962264153,-1.0,0.6509433962264151,-0.42452830188679247,0.8773584905660378,-0.37735849056603776,0.6509433962264151,-0.33962264150943394,0.49056603773584906,-0.33962264150943394,0.660377358490566,-0.2169811320754717,0.8584905660377359,-0.16981132075471697,0.5754716981132075,-0.16981132075471697,0.42452830188679247,-0.20754716981132076,0.6415094339622641,-0.02830188679245283,0.7924528301886793,0.009433962264150943,0.5283018867924528,-0.018867924528301886,0.39622641509433965,-0.07547169811320754,0.6037735849056604,0.14150943396226415,0.7169811320754716,0.16981132075471697,0.5283018867924528,0.1320754716981132,0.44339622641509435,0.07547169811320754
0,0.0,0.0,0.10416666666666667,-0.2916666666666667,0.2916666666666667,-0.5625,0.4270833333333333,-0.7916666666666666,0.4479166666666667,-1.0,0.7083333333333334,-0.375,0.8958333333333334,-0.2916666666666667,0.65625,-0.2708333333333333,0.5104166666666666,-0.3020833333333333,0.6875,-0.16666666666666666,0.8645833333333334,-0.07291666666666667,0.5729166666666666,-0.10416666666666667,0.4583333333333333,-0.16666666666666666,0.6458333333333334,0.010416666666666666,0.78125,0.09375,0.5104166666666666,0.041666666666666664,0.40625,-0.03125,0.59375,0.16666666666666666,0.6979166666666666,0.21875,0.5104166666666666,0.17708333333333334,0.4270833333333333,0.11458333333333333
0,0.0,0.0,0.10989010989010989,-0.2857142857142857,0.2967032967032967,-0.5604395604395604,0.42857142857142855,-0.7912087912087912,0.43956043956043955,-1.0,0.6813186813186813,-0.3626373626373626,0.9230769230769231,-0.2967032967032967,0.7142857142857143,-0.2857142857142857,0.5274725274725275,-0.2967032967032967,0.6703296703296703,-0.15384615384615385,0.8791208791208791,-0.08791208791208792,0.6043956043956044,-0.10989010989010989,0.45054945054945056,-0.16483516483516483,0.6373626373626373,0.02197802197802198,0.8021978021978022,0.07692307692307693,0.5494505494505495,0.02197802197802198,0.4175824175824176,-0.03296703296703297,0.5824175824175825,0.18681318681318682,0.7252747252747253,0.21978021978021978,0.5494505494505495,0.17582417582417584,0.45054945054945056,0.10989010989010989
0,0.0,0.0,0.10344827586206896,-0.28735632183908044,0.26436781609195403,-0.5517241379310345,0.39080459770114945,-0.7931034482758621,0.39080459770114945,-1.0,0.6781609195402298,-0.39080459770114945,0.9080459770114943,-0.3333333333333333,0.6896551724137931,-0.2988505747126437,0.5172413793103449,-0.2988505747126437,0.6781609195402298,-0.1839080459770115,0.8735632183908046,-0.12643678160919541,0.5977011494252874,-0.12643678160919541,0.45977011494252873,-0.1724137931034483,0.6436781609195402,-0.011494252873563218,0.8045977011494253,0.04597701149425287,0.5517241379310345,0.011494252873563218,0.42528735632183906,-0.04597701149425287,0.5862068965517241,0.16091954022988506,0.7126436781609196,0.19540229885057472,0.5402298850574713,0.14942528735632185,0.4482758620689655,0.09195402298850575
0,0.0,0.0,0.10465116279069768,-0.29069767441860467,0.26744186046511625,-0.5581395348837209,0.37209302325581395,-0.8023255813953488,0.37209302325581395,-1.0,0.6395348837209303,-0.3953488372093023,0.8953488372093024,-0.36046511627906974,0.686046511627907,-0.313953488372093,0.5116279069767442,-0.313953488372093,0.6511627906976745,-0.19767441860465115,0.8604651162790697,-0.1511627906976744,0.5930232558139535,-0.1511627906976744,0.4418604651162791,-0.18604651162790697,0.6162790697674418,-0.023255813953488372,0.8023255813953488,0.023255813953488372,0.5697674418604651,-0.011627906976744186,0.43023255813953487,-0.05813953488372093,0.5813953488372093,0.13953488372093023,0.7209302325581395,0.16279069767441862,0.5697674418604651,0.12790697674418605,0.46511627906976744,0.08139534883720931
0,0.0,0.0,0.10465116279069768,-0.3023255813953488,0.26744186046511625,-0.5697674418604651,0.38372093023255816,-0.8023255813953488,0.38372093023255816,-1.0,0.6511627906976745,-0.4069767441860465,0.8837209302325582,-0.36046511627906974,0.6744186046511628,-0.3372093023255814,0.5,-0.3372093023255814,0.6395348837209303,-0.20930232558139536,0.8488372093023255,-0.16279069767441862,0.5813953488372093,-0.16279069767441862,0.4418604651162791,-0.19767441860465115,0.6046511627906976,-0.023255813953488372,0.7790697674418605,0.011627906976744186,0.5348837209302325,-0.023255813953488372,0.4069767441860465,-0.06976744186046512,0.5581395348837209,0.13953488372093023,0.7093023255813954,0.1511627906976744,0.5348837209302325,0.12790697674418605,0.4418604651162791,0.08139534883720931
0,0.0,0.0,0.08139534883720931,-0.29069767441860467,0.2441860465116279,-0.5697674418604651,0.3488372093023256,-0.8023255813953488,0.3488372093023256,-1.0,0.627906976744186,-0.4069767441860465,0.8837209302325582,-0.37209302325581395,0.6627906976744186,-0.3372093023255814,0.5,-0.3372093023255814,0.627906976744186,-0.20930232558139536,0.8488372093023255,-0.16279069767441862,0.5697674418604651,-0.1511627906976744,0.43023255813953487,-0.18604651162790697,0.6046511627906976,-0.03488372093023256,0.7790697674418605,0.011627906976744186,0.5232558139534884,-0.011627906976744186,0.3953488372093023,-0.06976744186046512,0.5581395348837209,0.12790697674418605,0.6976744186046512,0.1511627906976744,0.5232558139534884,0.12790697674418605,0.43023255813953487,0.08139534883720931
0,0.0,0.0,0.09411764705882353,-0.29411764705882354,0.25882352941176473,-0.5647058823529412,0.3764705882352941,-0.8,0.36470588235294116,-1.0,0.6470588235294118,-0.38823529411764707,0.8705882352941177,-0.36470588235294116,0.6588235294117647,-0.32941176470588235,0.49411764705882355,-0.3176470588235294,0.6470588235294118,-0.18823529411764706,0.8588235294117647,-0.15294117647058825,0.5764705882352941,-0.15294117647058825,0.43529411764705883,-0.18823529411764706,0.611764705882353,-0.011764705882352941,0.8,0.023529411764705882,0.5411764705882353,-0.011764705882352941,0.4117647058823529,-0.058823529411764705,0.5529411764705883,0.15294117647058825,0.7058823529411765,0.16470588235294117,0.5411764705882353,0.12941176470588237,0.4470588235294118,0.08235294117647059
0,0.0,0.0,0.08045977011494253,-0.28735632183908044,0.20689655172413793,-0.5632183908045977,0.3103448275862069,-0.8045977011494253,0.3103448275862069,-1.0,0.632183908045977,-0.41379310344827586,0.8620689655172413,-0.40229885057471265,0.6551724137931034,-0.3793103448275862,0.4942528735632184,-0.367816091954023,0.632183908045977,-0.21839080459770116,0.8505747126436781,-0.20689655172413793,0.5747126436781609,-0.19540229885057472,0.42528735632183906,-0.20689655172413793,0.6091954022988506,-0.04597701149425287,0.7816091954022989,-0.022988505747126436,0.5287356321839081,-0.05747126436781609,0.39080459770114945,-0.08045977011494253,0.5632183908045977,0.13793103448275862,0.7126436781609196,0.12643678160919541,0.5402298850574713,0.09195402298850575,0.4367816091954023,0.05747126436781609
0,0.0,0.0,0.0,-0.26804123711340205,0.08247422680412371,-0.5670103092783505,0.15463917525773196,-0.8144329896907216,0.13402061855670103,-1.0,0.4948453608247423,-0.5257731958762887,0.6288659793814433,-0.5360824742268041,0.422680412371134,-0.4536082474226804,0.31958762886597936,-0.4329896907216495,0.5670103092783505,-0.35051546391752575,0.6701030927835051,-0.3402061855670103,0.41237113402061853,-0.28865979381443296,0.35051546391752575,-0.30927835051546393,0.5876288659793815,-0.17525773195876287,0.6494845360824743,-0.16494845360824742,0.41237113402061853,-0.14432989690721648,0.3402061855670103,-0.16494845360824742,0.5876288659793815,-0.010309278350515464,0.6288659793814433,-0.020618556701030927,0.4536082474226804,-0.020618556701030927,0.38144329896907214,-0.05154639175257732
0,0.0,0.0,-0.037383177570093455,-0.24299065420560748,0.04672897196261682,-0.5514018691588785,0.102803738317757,-0.794392523364486,0.09345794392523364,-1.0,0.4766355140186916,-0.5700934579439252,0.4392523364485981,-0.4766355140186916,0.2616822429906542,-0.3925233644859813,0.24299065420560748,-0.40186915887850466,0.5887850467289719,-0.411214953271028,0.4953271028037383,-0.29906542056074764,0.2897196261682243,-0.2523364485981308,0.29906542056074764,-0.2897196261682243,0.616822429906542,-0.2336448598130841,0.4953271028037383,-0.12149532710280374,0.3177570093457944,-0.11214953271028037,0.32710280373831774,-0.16822429906542055,0.5981308411214953,-0.07476635514018691,0.48598130841121495,0.018691588785046728,0.3364485981308411,0.018691588785046728,0.3364485981308411,-0.037383177570093455
0,0.0,0.0,-0.07407407407407407,-0.25,0.018518518518518517,-0.5462962962962963,0.07407407407407407,-0.7777777777777778,0.08333333333333333,-1.0,0.4722222222222222,-0.5277777777777778,0.25,-0.4351851851851852,0.09259259259259259,-0.37037037037037035,0.12037037037037036,-0.37037037037037035,0.5648148148148148,-0.3333333333333333,0.2777777777777778,-0.23148148148148148,0.1111111111111111,-0.23148148148148148,0.1574074074074074,-0.25925925925925924,0.5648148148148148,-0.12962962962962962,0.2777777777777778,-0.05555555555555555,0.12962962962962962,-0.07407407407407407,0.18518518518518517,-0.1111111111111111,0.5185185185185185,0.046296296296296294,0.2777777777777778,0.1111111111111111,0.14814814814814814,0.08333333333333333,0.16666666666666666,0.046296296296296294
0,0.0,0.0,-0.05785123966942149,-0.23140495867768596,0.01652892561983471,-0.5619834710743802,0.06611570247933884,-0.7933884297520661,0.0743801652892562,-1.0,0.371900826446281,-0.512396694214876,0.0743801652892562,-0.4132231404958678,0.0,-0.36363636363636365,0.04132231404958678,-0.371900826446281,0.4380165289256198,-0.32231404958677684,0.06611570247933884,-0.2231404958677686,0.0,-0.2231404958677686,0.04132231404958678,-0.256198347107438,0.4214876033057851,-0.1322314049586777,0.05785123966942149,-0.05785123966942149,-0.024793388429752067,-0.049586776859504134,0.01652892561983471,-0.05785123966942149,0.371900826446281,0.01652892561983471,0.0743801652892562,0.08264462809917356,-0.008264462809917356,0.09090909090909091,0.01652892561983471,0.09090909090909091
0,0.0,0.0,-0.047244094488188976,-0.25984251968503935,-0.03937007874015748,-0.5590551181102362,-0.015748031496062992,-0.7952755905511811,0.03937007874015748,-1.0,0.18110236220472442,-0.49606299212598426,-0.2125984251968504,-0.44881889763779526,-0.1968503937007874,-0.36220472440944884,-0.05511811023622047,-0.36220472440944884,0.23622047244094488,-0.31496062992125984,-0.2125984251968504,-0.2440944881889764,-0.16535433070866143,-0.2125984251968504,-0.023622047244094488,-0.23622047244094488,0.2440944881889764,-0.11811023622047244,-0.18110236220472442,-0.06299212598425197,-0.14173228346456693,-0.05511811023622047,-0.015748031496062992,-0.07874015748031496,0.2283464566929134,0.07086614173228346,-0.11811023622047244,0.09448818897637795,-0.11023622047244094,0.07086614173228346,-0.015748031496062992,0.05511811023622047
0,0.0,0.0,-0.07894736842105263,-0.2894736842105263,-0.125,-0.5855263157894737,-0.125,-0.8157894736842105,-0.07236842105263158,-1.0,0.006578947368421052,-0.5592105263157895,-0.3355263157894737,-0.48026315789473684,-0.29605263157894735,-0.40131578947368424,-0.18421052631578946,-0.4144736842105263,0.05263157894736842,-0.3881578947368421,-0.34210526315789475,-0.3092105263157895,-0.27631578947368424,-0.26973684210526316,-0.17105263157894737,-0.2894736842105263,0.06578947368421052,-0.21710526315789475,-0.3026315789473684,-0.15789473684210525,-0.24342105263157895,-0.14473684210526316,-0.13815789473684212,-0.15789473684210525,0.05921052631578947,-0.05921052631578947,-0.24342105263157895,-0.039473684210526314,-0.21052631578947367,-0.046052631578947366,-0.11842105263157894,-0.05921052631578947
0,0.0,0.0,-0.11464968152866242,-0.29936305732484075,-0.22929936305732485,-0.5859872611464968,-0.2802547770700637,-0.8089171974522293,-0.2484076433121019,-1.0,-0.1910828025477707,-0.6242038216560509,-0.5414012738853503,-0.5222929936305732,-0.49044585987261147,-0.4394904458598726,-0.39490445859872614,-0.4585987261146497,-0.16560509554140126,-0.4585987261146497,-0.5477707006369427,-0.3503184713375796,-0.46496815286624205,-0.3057324840764331,-0.3630573248407643,-0.3248407643312102,-0.1464968152866242,-0.2929936305732484,-0.5031847133757962,-0.20382165605095542,-0.42038216560509556,-0.18471337579617833,-0.31210191082802546,-0.21656050955414013,-0.14012738853503184,-0.1337579617834395,-0.445859872611465,-0.08280254777070063,-0.3885350318471338,-0.07643312101910828,-0.2802547770700637,-0.10191082802547771
0,0.0,0.0,-0.058823529411764705,-0.29411764705882354,-0.13725490196078433,-0.5947712418300654,-0.16339869281045752,-0.8235294117647058,-0.10457516339869281,-1.0,-0.11764705882352941,-0.7254901960784313,-0.49673202614379086,-0.673202614379085,-0.43790849673202614,-0.5686274509803921,-0.32679738562091504,-0.5555555555555556,-0.12418300653594772,-0.5751633986928104,-0.5359477124183006,-0.5032679738562091,-0.43790849673202614,-0.43790849673202614,-0.3202614379084967,-0.43137254901960786,-0.1437908496732026,-0.40522875816993464,-0.5228758169934641,-0.35294117647058826,-0.43137254901960786,-0.29411764705882354,-0.3137254901960784,-0.3006535947712418,-0.17647058823529413,-0.22875816993464052,-0.48366013071895425,-0.21568627450980393,-0.41830065359477125,-0.17647058823529413,-0.30718954248366015,-0.1830065359477124
0,0.0,0.0,-0.0392156862745098,-0.28104575163398693,-0.11764705882352941,-0.5816993464052288,-0.1503267973856209,-0.8104575163398693,-0.08496732026143791,-1.0,-0.0915032679738562,-0.6993464052287581,-0.477124183006536,-0.673202614379085,-0.43137254901960786,-0.5620915032679739,-0.32679738562091504,-0.5490196078431373,-0.10457516339869281,-0.5424836601307189,-0.5163398692810458,-0.49019607843137253,-0.43790849673202614,-0.4117647058823529,-0.3202614379084967,-0.4117647058823529,-0.13071895424836602,-0.37254901960784315,-0.5098039215686274,-0.3333333333333333,-0.43137254901960786,-0.27450980392156865,-0.3137254901960784,-0.27450980392156865,-0.16993464052287582,-0.19607843137254902,-0.477124183006536,-0.19607843137254902,-0.4117647058823529,-0.1568627450980392,-0.3006535947712418,-0.1568627450980392
0,0.0,0.0,-0.02027027027027027,-0.27702702702702703,-0.10810810810810811,-0.5878378378378378,-0.13513513513513514,-0.8175675675675675,-0.060810810810810814,-1.0,-0.12837837837837837,-0.6959459459459459,-0.5202702702702703,-0.6824324324324325,-0.46621621621621623,-0.5675675675675675,-0.35135135135135137,-0.5540540540540541,-0.14189189189189189,-0.5405405405405406,-0.5675675675675675,-0.4864864864864865,-0.4797297297297297,-0.40540540540540543,-0.3581081081081081,-0.40540540540540543,-0.18243243243243243,-0.36486486486486486,-0.5608108108108109,-0.32432432432432434,-0.47297297297297297,-0.25675675675675674,-0.35135135135135137,-0.2635135135135135,-0.22972972972972974,-0.18243243243243243,-0.5337837837837838,-0.17567567567567569,-0.4594594594594595,-0.13513513513513514,-0.33783783783783783,-0.14189189189189189
0,0.0,0.0,0.006802721088435374,-0.2653061224489796,-0.09523809523809523,-0.5850340136054422,-0.11564625850340136,-0.8163265306122449,-0.05442176870748299,-1.0,-0.11564625850340136,-0.673469387755102,-0.5306122448979592,-0.673469387755102,-0.47619047619047616,-0.564625850340136,-0.35374149659863946,-0.5510204081632653,-0.14965986394557823,-0.5102040816326531,-0.5782312925170068,-0.47619047619047616,-0.48299319727891155,-0.4013605442176871,-0.36054421768707484,-0.4013605442176871,-0.19727891156462585,-0.3333333333333333,-0.5714285714285714,-0.3129251700680272,-0.48299319727891155,-0.25170068027210885,-0.36054421768707484,-0.2585034013605442,-0.25170068027210885,-0.1564625850340136,-0.5510204081632653,-0.16326530612244897,-0.46258503401360546,-0.12244897959183673,-0.3469387755102041,-0.12244897959183673
0,0.0,0.0,-0.03289473684210526,-0.27631578947368424,-0.13815789473684212,-0.5789473684210527,-0.15789473684210525,-0.8092105263157895,-0.09210526315789473,-1.0,-0.13157894736842105,-0.631578947368421,-0.5131578947368421,-0.6118421052631579,-0.4473684210526316,-0.5263157894736842,-0.32894736842105265,-0.5197368421052632,-0.14473684210526316,-0.4605263157894737,-0.5460526315789473,-0.42105263157894735,-0.4473684210526316,-0.3618421052631579,-0.3223684210526316,-0.3618421052631579,-0.17763157894736842,-0.27631578947368424,-0.5460526315789473,-0.2631578947368421,-0.4473684210526316,-0.2236842105263158,-0.3223684210526316,-0.2236842105263158,-0.21710526315789475,-0.10526315789473684,-0.5197368421052632,-0.125,-0.4276315789473684,-0.09868421052631579,-0.3157894736842105,-0.09210526315789473
0,0.0,0.0,-0.1,-0.28125,-0.2,-0.575,-0.225,-0.80625,-0.16875,-1.0,-0.11875,-0.5625,-0.4875,-0.50625,-0.4125,-0.43125,-0.29375,-0.4375,-0.1125,-0.375,-0.5125,-0.31875,-0.4,-0.2875,-0.28125,-0.29375,-0.125,-0.2,-0.4875,-0.16875,-0.3875,-0.15,-0.275,-0.15625,-0.14375,-0.04375,-0.44375,-0.0375,-0.375,-0.03125,-0.2625,-0.03125
0,0.0,0.0,-0.049689440993788817,-0.30434782608695654,-0.055900621118012424,-0.577639751552795,-0.043478260869565216,-0.8012422360248447,-0.006211180124223602,-1.0,0.13664596273291926,-0.4472049689440994,-0.19875776397515527,-0.38509316770186336,-0.18633540372670807,-0.35403726708074534,-0.09316770186335403,-0.391304347826087,0.18633540372670807,-0.2484472049689441,-0.19875776397515527,-0.2111801242236025,-0.15527950310559005,-0.21739130434782608,-0.055900621118012424,-0.2360248447204969,0.20496894409937888,-0.07453416149068323,-0.15527950310559005,-0.055900621118012424,-0.11180124223602485,-0.07453416149068323,-0.012422360248447204,-0.09316770186335403,0.19875776397515527,0.07453416149068323,-0.08074534161490683,0.055900621118012424,-0.062111801242236024,0.031055900621118012,0.031055900621118012,0.018633540372670808
0,0.0,0.0,-0.1391304347826087,-0.2608695652173913,-0.20869565217391303,-0.48695652173913045,-0.28695652173913044,-0.7217391304347827,-0.28695652173913044,-1.0,-0.0782608695652174,-0.17391304347826086,-0.5391304347826087,-0.008695652173913044,-0.5217391304347826,-0.034782608695652174,-0.4,-0.0782608695652174,-0.008695652173913044,0.10434782608695652,-0.4608695652173913,0.23478260869565218,-0.4260869565217391,0.14782608695652175,-0.33043478260869563,0.0782608695652174,0.034782608695652174,0.3130434782608696,-0.391304347826087,0.40869565217391307,-0.3826086956521739,0.30434782608695654,-0.30434782608695654,0.25217391304347825,0.05217391304347826,0.45217391304347826,-0.2608695652173913,0.5043478260869565,-0.30434782608695654,0.43478260869565216,-0.2782608695652174,0.391304347826087
0,0.0,0.0,-0.08,-0.272,-0.136,-0.488,-0.184,-0.736,-0.192,-1.0,0.04,-0.216,-0.36,-0.128,-0.408,-0.168,-0.336,-0.192,0.088,0.048,-0.352,0.104,-0.416,0.008,-0.384,-0.032,0.104,0.256,-0.296,0.264,-0.384,0.16,-0.392,0.112,0.096,0.384,-0.184,0.368,-0.248,0.296,-0.264,0.248
0,0.0,0.0,-0.04918032786885246,-0.30327868852459017,-0.02459016393442623,-0.5327868852459017,-0.01639344262295082,-0.7540983606557377,0.0,-1.0,0.32786885245901637,-0.19672131147540983,-0.08196721311475409,0.00819672131147541,-0.08196721311475409,-0.13114754098360656,0.02459016393442623,-0.2540983606557377,0.4180327868852459,0.040983606557377046,-0.040983606557377046,0.19672131147540983,-0.00819672131147541,0.040983606557377046,0.09836065573770492,-0.04918032786885246,0.4344262295081967,0.21311475409836064,0.02459016393442623,0.3360655737704918,0.05737704918032787,0.1885245901639344,0.1721311475409836,0.09016393442622951,0.4180327868852459,0.3360655737704918,0.10655737704918032,0.38524590163934425,0.11475409836065574,0.28688524590163933,0.21311475409836064,0.1885245901639344
0,0.0,0.0,-0.07777777777777778,-0.2222222222222222,-0.011111111111111112,-0.4777777777777778,0.07777777777777778,-0.7,0.05555555555555555,-0.9555555555555556,0.7666666666666667,-0.18888888888888888,0.5222222222222223,0.2777777777777778,0.26666666666666666,0.2,0.18888888888888888,0.0,0.9444444444444444,0.022222222222222223,0.6,0.4888888888888889,0.3111111111111111,0.37777777777777777,0.3,0.18888888888888888,1.0,0.2111111111111111,0.6888888888888889,0.6111111111111112,0.4444444444444444,0.5111111111111111,0.4111111111111111,0.34444444444444444,1.0,0.34444444444444444,0.7555555555555555,0.6111111111111112,0.5444444444444444,0.5555555555555556,0.5,0.4444444444444444
0,0.0,0.0,0.031914893617021274,-0.18085106382978725,0.14893617021276595,-0.40425531914893614,0.22340425531914893,-0.648936170212766,0.20212765957446807,-0.8829787234042553,0.925531914893617,-0.3191489361702128,0.8085106382978723,0.14893617021276595,0.5212765957446809,0.1595744680851064,0.30851063829787234,0.0425531914893617,1.0,-0.14893617021276595,0.8617021276595744,0.3191489361702128,0.5212765957446809,0.30851063829787234,0.3191489361702128,0.1702127659574468,0.9787234042553191,0.010638297872340425,0.8297872340425532,0.4148936170212766,0.5425531914893617,0.40425531914893614,0.3617021276595745,0.2872340425531915,0.8936170212765957,0.13829787234042554,0.776595744680851,0.425531914893617,0.5638297872340425,0.425531914893617,0.43617021276595747,0.32978723404255317
0,0.0,0.0,0.22727272727272727,-0.21818181818181817,0.4818181818181818,-0.4,0.6363636363636364,-0.5454545454545454,0.6454545454545455,-0.7272727272727273,0.7454545454545455,-0.18181818181818182,1.0,0.1,0.8818181818181818,0.05454545454545454,0.7363636363636363,-0.05454545454545454,0.7181818181818181,0.0,0.9818181818181818,0.24545454545454545,0.8363636363636363,0.18181818181818182,0.7,0.08181818181818182,0.7,0.14545454545454545,0.9272727272727272,0.35454545454545455,0.7818181818181819,0.2727272727272727,0.6545454545454545,0.16363636363636364,0.6636363636363637,0.24545454545454545,0.8636363636363636,0.37272727272727274,0.7545454545454545,0.3090909090909091,0.6545454545454545,0.21818181818181817
0,0.0,0.0,0.1276595744680851,-0.031914893617021274,0.30851063829787234,-0.18085106382978725,0.48936170212765956,-0.3617021276595745,0.5531914893617021,-0.574468085106383,0.8404255319148937,-0.3191489361702128,1.0,0.010638297872340425,0.7872340425531915,0.1276595744680851,0.5957446808510638,0.11702127659574468,0.8723404255319149,-0.2127659574468085,0.9468085106382979,0.14893617021276595,0.723404255319149,0.2553191489361702,0.5957446808510638,0.23404255319148937,0.8404255319148937,-0.0851063829787234,0.9148936170212766,0.24468085106382978,0.7659574468085106,0.35106382978723405,0.648936170212766,0.3404255319148936,0.7978723404255319,0.02127659574468085,0.9361702127659575,0.23404255319148937,0.9361702127659575,0.32978723404255317,0.925531914893617,0.3723404255319149
0,0.0,0.0,0.14563106796116504,-0.2524271844660194,0.3592233009708738,-0.46601941747572817,0.49514563106796117,-0.6796116504854369,0.49514563106796117,-0.8737864077669902,0.7475728155339806,-0.3883495145631068,1.0,-0.17475728155339806,0.7475728155339806,-0.1262135922330097,0.5728155339805825,-0.14563106796116504,0.7281553398058253,-0.20388349514563106,0.9320388349514563,-0.019417475728155338,0.6407766990291263,-0.02912621359223301,0.4854368932038835,-0.10679611650485436,0.6796116504854369,-0.05825242718446602,0.8058252427184466,0.11650485436893204,0.5533980582524272,0.06796116504854369,0.4174757281553398,-0.019417475728155338,0.6213592233009708,0.06796116504854369,0.7184466019417476,0.1941747572815534,0.5242718446601942,0.1553398058252427,0.4174757281553398,0.06796116504854369
0,0.0,0.0,0.14285714285714285,-0.2571428571428571,0.38095238095238093,-0.4857142857142857,0.5047619047619047,-0.7047619047619048,0.5047619047619047,-0.8952380952380953,0.7428571428571429,-0.3619047619047619,1.0,-0.1619047619047619,0.7523809523809524,-0.12380952380952381,0.5714285714285714,-0.1619047619047619,0.7047619047619048,-0.19047619047619047,0.8952380952380953,-0.009523809523809525,0.6095238095238096,-0.009523809523809525,0.4857142857142857,-0.10476190476190476,0.6571428571428571,-0.0380952380952381,0.8095238095238095,0.11428571428571428,0.5523809523809524,0.0761904761904762,0.42857142857142855,-0.02857142857142857,0.5904761904761905,0.0761904761904762,0.7142857142857143,0.2,0.5333333333333333,0.1619047619047619,0.4095238095238095,0.06666666666666667
0,0.0,0.0,0.15384615384615385,-0.25961538461538464,0.38461538461538464,-0.4807692307692308,0.5192307692307693,-0.7115384615384616,0.5,-0.9134615384615384,0.75,-0.3557692307692308,1.0,-0.14423076923076922,0.75,-0.11538461538461539,0.5673076923076923,-0.15384615384615385,0.7211538461538461,-0.16346153846153846,0.9038461538461539,0.019230769230769232,0.6153846153846154,0.0,0.4807692307692308,-0.09615384615384616,0.6634615384615384,-0.009615384615384616,0.7980769230769231,0.14423076923076922,0.5480769230769231,0.09615384615384616,0.4230769230769231,0.0,0.6057692307692307,0.10576923076923077,0.7115384615384616,0.22115384615384615,0.5384615384615384,0.18269230769230768,0.4423076923076923,0.11538461538461539
0,0.0,0.0,0.15841584158415842,-0.25742574257425743,0.39603960396039606,-0.48514851485148514,0.5148514851485149,-0.7029702970297029,0.49504950495049505,-0.9108910891089109,0.7524752475247525,-0.3465346534653465,1.0,-0.13861386138613863,0.7425742574257426,-0.10891089108910891,0.5643564356435643,-0.1485148514851485,0.7227722772277227,-0.15841584158415842,0.900990099009901,0.019801980198019802,0.6039603960396039,0.0,0.48514851485148514,-0.0891089108910891,0.6732673267326733,-0.009900990099009901,0.801980198019802,0.1485148514851485,0.5445544554455446,0.09900990099009901,0.43564356435643564,0.009900990099009901,0.6138613861386139,0.1188118811881188,0.7227722772277227,0.2376237623762376,0.5445544554455446,0.19801980198019803,0.45544554455445546,0.1188118811881188
0,0.0,0.0,0.1553398058252427,-0.27184466019417475,0.3883495145631068,-0.5048543689320388,0.5242718446601942,-0.7281553398058253,0.5145631067961165,-0.9320388349514563,0.7572815533980582,-0.3300970873786408,1.0,-0.1262135922330097,0.7572815533980582,-0.0970873786407767,0.5728155339805825,-0.14563106796116504,0.7281553398058253,-0.13592233009708737,0.9029126213592233,0.038834951456310676,0.6213592233009708,0.009708737864077669,0.47572815533980584,-0.07766990291262135,0.6699029126213593,0.019417475728155338,0.8058252427184466,0.1650485436893204,0.5533980582524272,0.11650485436893204,0.4174757281553398,0.019417475728155338,0.6019417475728155,0.14563106796116504,0.7184466019417476,0.2524271844660194,0.5339805825242718,0.21359223300970873,0.42718446601941745,0.13592233009708737
0,0.0,0.0,0.13333333333333333,-0.2857142857142857,0.3523809523809524,-0.5428571428571428,0.4857142857142857,-0.780952380952381,0.49523809523809526,-1.0,0.7238095238095238,-0.3142857142857143,0.9523809523809523,-0.2,0.7333333333333333,-0.2,0.5619047619047619,-0.22857142857142856,0.6952380952380952,-0.11428571428571428,0.8857142857142857,0.009523809523809525,0.6095238095238096,-0.047619047619047616,0.4666666666666667,-0.11428571428571428,0.6285714285714286,0.06666666666666667,0.7714285714285715,0.1619047619047619,0.5238095238095238,0.08571428571428572,0.4,0.0,0.5523809523809524,0.20952380952380953,0.6666666666666666,0.2857142857142857,0.49523809523809526,0.21904761904761905,0.4095238095238095,0.1523809523809524
0,0.0,0.0,0.12871287128712872,-0.3069306930693069,0.33663366336633666,-0.5643564356435643,0.45544554455445546,-0.7920792079207921,0.46534653465346537,-1.0,0.6831683168316832,-0.3069306930693069,0.9405940594059405,-0.25742574257425743,0.7326732673267327,-0.27722772277227725,0.5445544554455446,-0.297029702970297,0.6534653465346535,-0.10891089108910891,0.8712871287128713,-0.0594059405940594,0.6039603960396039,-0.10891089108910891,0.43564356435643564,-0.15841584158415842,0.6039603960396039,0.0594059405940594,0.7722772277227723,0.09900990099009901,0.5346534653465347,0.019801980198019802,0.38613861386138615,-0.039603960396039604,0.5247524752475248,0.22772277227722773,0.6732673267326733,0.2376237623762376,0.5148514851485149,0.16831683168316833,0.40594059405940597,0.10891089108910891
0,0.0,0.0,0.09900990099009901,-0.31683168316831684,0.297029702970297,-0.5841584158415841,0.39603960396039606,-0.8118811881188119,0.40594059405940597,-1.0,0.6633663366336634,-0.36633663366336633,0.900990099009901,-0.38613861386138615,0.693069306930693,-0.37623762376237624,0.5148514851485149,-0.36633663366336633,0.6633663366336634,-0.1782178217821782,0.8613861386138614,-0.1782178217821782,0.6138613861386139,-0.19801980198019803,0.43564356435643564,-0.21782178217821782,0.6237623762376238,0.0,0.7722772277227723,-0.009900990099009901,0.5445544554455446,-0.0594059405940594,0.39603960396039606,-0.0891089108910891,0.5643564356435643,0.16831683168316833,0.6732673267326733,0.13861386138613863,0.5247524752475248,0.07920792079207921,0.40594059405940597,0.0297029702970297
0,0.0,0.0,0.1111111111111111,-0.34444444444444444,0.36666666666666664,-0.6222222222222222,0.5111111111111111,-0.8111111111111111,0.5222222222222223,-1.0,0.7777777777777778,-0.37777777777777777,1.0,-0.4777777777777778,0.7555555555555555,-0.45555555555555555,0.5666666666666667,-0.4222222222222222,0.7888888888888889,-0.17777777777777778,0.9666666666666667,-0.26666666666666666,0.6666666666666666,-0.28888888888888886,0.4888888888888889,-0.25555555555555554,0.7444444444444445,0.011111111111111112,0.8555555555555555,-0.08888888888888889,0.5777777777777777,-0.13333333333333333,0.43333333333333335,-0.1111111111111111,0.6777777777777778,0.2,0.7555555555555555,0.1,0.5888888888888889,0.03333333333333333,0.5111111111111111,0.044444444444444446
0,0.0,0.0,0.10112359550561797,-0.33707865168539325,0.3595505617977528,-0.6067415730337079,0.4943820224719101,-0.797752808988764,0.5056179775280899,-0.9775280898876404,0.7640449438202247,-0.3707865168539326,1.0,-0.4606741573033708,0.7415730337078652,-0.4606741573033708,0.5393258426966292,-0.42696629213483145,0.7640449438202247,-0.16853932584269662,0.9662921348314607,-0.25842696629213485,0.651685393258427,-0.29213483146067415,0.48314606741573035,-0.24719101123595505,0.7303370786516854,0.02247191011235955,0.8651685393258427,-0.0898876404494382,0.5730337078651685,-0.1348314606741573,0.42696629213483145,-0.10112359550561797,0.6629213483146067,0.21348314606741572,0.7640449438202247,0.0898876404494382,0.5842696629213483,0.033707865168539325,0.48314606741573035,0.0449438202247191
0,0.0,0.0,0.09278350515463918,-0.3402061855670103,0.3402061855670103,-0.6185567010309279,0.4639175257731959,-0.8144329896907216,0.4948453608247423,-1.0,0.7525773195876289,-0.4020618556701031,0.8556701030927835,-0.5154639175257731,0.6185567010309279,-0.4845360824742268,0.4742268041237113,-0.4329896907216495,0.7938144329896907,-0.1958762886597938,0.8247422680412371,-0.30927835051546393,0.5360824742268041,-0.30927835051546393,0.44329896907216493,-0.26804123711340205,0.7525773195876289,0.010309278350515464,0.7422680412371134,-0.10309278350515463,0.4948453608247423,-0.13402061855670103,0.422680412371134,-0.10309278350515463,0.6597938144329897,0.1958762886597938,0.6907216494845361,0.1134020618556701,0.5463917525773195,0.041237113402061855,0.4845360824742268,0.041237113402061855
0,0.0,0.0,0.04424778761061947,-0.2920353982300885,0.22123893805309736,-0.584070796460177,0.336283185840708,-0.8053097345132744,0.37168141592920356,-1.0,0.6814159292035398,-0.5132743362831859,0.6017699115044248,-0.5221238938053098,0.3893805309734513,-0.45132743362831856,0.336283185840708,-0.40707964601769914,0.7610619469026548,-0.3008849557522124,0.6548672566371682,-0.3008849557522124,0.39823008849557523,-0.2920353982300885,0.36283185840707965,-0.2831858407079646,0.7345132743362832,-0.08849557522123894,0.5929203539823009,-0.07079646017699115,0.36283185840707965,-0.11504424778761062,0.34513274336283184,-0.1415929203539823,0.6548672566371682,0.09734513274336283,0.49557522123893805,0.09734513274336283,0.3185840707964602,0.04424778761061947,0.30973451327433627,0.008849557522123894
0,0.0,0.0,-0.024390243902439025,-0.2764227642276423,0.13008130081300814,-0.5772357723577236,0.24390243902439024,-0.7886178861788617,0.2926829268292683,-1.0,0.5609756097560976,-0.5040650406504065,0.3333333333333333,-0.44715447154471544,0.16260162601626016,-0.4065040650406504,0.17886178861788618,-0.4065040650406504,0.6341463414634146,-0.2845528455284553,0.3333333333333333,-0.23577235772357724,0.17073170731707318,-0.25203252032520324,0.2032520325203252,-0.2764227642276423,0.6097560975609756,-0.07317073170731707,0.2926829268292683,-0.04878048780487805,0.15447154471544716,-0.08130081300813008,0.2032520325203252,-0.12195121951219512,0.5365853658536586,0.10569105691056911,0.2682926829268293,0.12195121951219512,0.14634146341463414,0.08943089430894309,0.17073170731707318,0.04878048780487805
0,0.0,0.0,-0.09090909090909091,-0.23484848484848486,0.015151515151515152,-0.5833333333333334,0.09848484848484848,-0.8106060606060606,0.1590909090909091,-1.0,0.3333333333333333,-0.48484848484848486,-0.022727272727272728,-0.42424242424242425,-0.09848484848484848,-0.3712121212121212,-0.022727272727272728,-0.36363636363636365,0.42424242424242425,-0.25757575757575757,-0.06818181818181818,-0.1893939393939394,-0.05303030303030303,-0.20454545454545456,0.06060606060606061,-0.24242424242424243,0.4015151515151515,-0.030303030303030304,-0.05303030303030303,0.007575757575757576,-0.07575757575757576,-0.045454545454545456,0.030303030303030304,-0.09090909090909091,0.32575757575757575,0.15151515151515152,-0.022727272727272728,0.1590909090909091,-0.06818181818181818,0.12121212121212122,-0.015151515151515152,0.08333333333333333
0,0.0,0.0,-0.05,-0.2714285714285714,0.014285714285714285,-0.5714285714285714,0.07857142857142857,-0.7928571428571428,0.17142857142857143,-1.0,0.3,-0.4357142857142857,-0.1,-0.4,-0.15714285714285714,-0.35,-0.05,-0.3357142857142857,0.35,-0.20714285714285716,-0.12142857142857143,-0.17857142857142858,-0.12142857142857143,-0.17857142857142858,0.0,-0.2,0.32142857142857145,0.014285714285714285,-0.12142857142857143,0.014285714285714285,-0.12142857142857143,-0.007142857142857143,0.0,-0.02857142857142857,0.25,0.19285714285714287,-0.09285714285714286,0.17857142857142858,-0.11428571428571428,0.15,-0.02857142857142857,0.14285714285714285
0,0.0,0.0,-0.04964539007092199,-0.2765957446808511,-0.0425531914893617,-0.5815602836879432,0.0425531914893617,-0.8156028368794326,0.1773049645390071,-1.0,0.23404255319148937,-0.41134751773049644,-0.24822695035460993,-0.3617021276595745,-0.3404255319148936,-0.2978723404255319,-0.2624113475177305,-0.2695035460992908,0.2624113475177305,-0.16312056737588654,-0.2765957446808511,-0.1347517730496454,-0.3049645390070922,-0.16312056737588654,-0.22695035460992907,-0.19148936170212766,0.22695035460992907,0.06382978723404255,-0.28368794326241137,0.05673758865248227,-0.3049645390070922,-0.014184397163120567,-0.22695035460992907,-0.05673758865248227,0.16312056737588654,0.2624113475177305,-0.2198581560283688,0.24113475177304963,-0.2553191489361702,0.1773049645390071,-0.22695035460992907,0.1347517730496454
0,0.0,0.0,-0.08205128205128205,-0.28205128205128205,-0.1282051282051282,-0.5846153846153846,-0.1076923076923077,-0.8153846153846154,-0.020512820512820513,-1.0,0.0,-0.5384615384615384,-0.4256410256410256,-0.48205128205128206,-0.37948717948717947,-0.41025641025641024,-0.2512820512820513,-0.4153846153846154,0.035897435897435895,-0.358974358974359,-0.4512820512820513,-0.2923076923076923,-0.3487179487179487,-0.26153846153846155,-0.20512820512820512,-0.28717948717948716,0.041025641025641026,-0.17435897435897435,-0.4205128205128205,-0.11282051282051282,-0.3230769230769231,-0.10256410256410256,-0.18974358974358974,-0.11794871794871795,0.015384615384615385,0.020512820512820513,-0.3435897435897436,0.03076923076923077,-0.30256410256410254,0.010256410256410256,-0.21025641025641026,-0.010256410256410256
0,0.0,0.0,-0.11682242990654206,-0.26635514018691586,-0.27102803738317754,-0.5607476635514018,-0.29439252336448596,-0.7990654205607477,-0.22429906542056074,-1.0,-0.22897196261682243,-0.5420560747663551,-0.6261682242990654,-0.48130841121495327,-0.5467289719626168,-0.4158878504672897,-0.4252336448598131,-0.4252336448598131,-0.205607476635514,-0.35046728971962615,-0.6308411214953271,-0.27102803738317754,-0.5186915887850467,-0.24766355140186916,-0.38317757009345793,-0.2616822429906542,-0.205607476635514,-0.16822429906542055,-0.5887850467289719,-0.12149532710280374,-0.48130841121495327,-0.102803738317757,-0.35514018691588783,-0.11682242990654206,-0.21495327102803738,0.0,-0.5233644859813084,0.018691588785046728,-0.4392523364485981,0.02336448598130841,-0.32242990654205606,0.009345794392523364
0,0.0,0.0,-0.1187214611872146,-0.2694063926940639,-0.1461187214611872,-0.5616438356164384,-0.136986301369863,-0.8036529680365296,-0.0593607305936073,-1.0,0.0136986301369863,-0.5388127853881278,-0.3698630136986301,-0.4748858447488584,-0.3835616438356164,-0.3881278538812785,-0.2648401826484018,-0.4018264840182648,0.0730593607305936,-0.3424657534246575,-0.3881278538812785,-0.2922374429223744,-0.3470319634703196,-0.2374429223744292,-0.2237442922374429,-0.2465753424657534,0.0867579908675799,-0.1552511415525114,-0.3470319634703196,-0.1278538812785388,-0.319634703196347,-0.0730593607305936,-0.2191780821917808,-0.0776255707762557,0.0776255707762557,0.0136986301369863,-0.2694063926940639,0.0365296803652968,-0.2694063926940639,0.0547945205479452,-0.1917808219178082,0.045662100456621
0,0.0,0.0,-0.15948275862068967,-0.2672413793103448,-0.27586206896551724,-0.5689655172413793,-0.2801724137931034,-0.7974137931034483,-0.20689655172413793,-1.0,-0.13793103448275862,-0.5646551724137931,-0.521551724137931,-0.49137931034482757,-0.46120689655172414,-0.4051724137931034,-0.34913793103448276,-0.41379310344827586,-0.09913793103448276,-0.3706896551724138,-0.5258620689655172,-0.2974137931034483,-0.4353448275862069,-0.25,-0.3103448275862069,-0.2629310344827586,-0.09482758620689655,-0.1810344827586207,-0.5043103448275862,-0.12931034482758622,-0.4051724137931034,-0.09913793103448276,-0.28448275862068967,-0.11206896551724138,-0.11637931034482758,-0.004310344827586207,-0.4482758620689655,0.008620689655172414,-0.375,0.021551724137931036,-0.25862068965517243,0.017241379310344827
0,0.0,0.0,-0.04838709677419355,-0.24731182795698925,0.04838709677419355,-0.5645161290322581,0.12903225806451613,-0.7795698924731183,0.22043010752688172,-1.0,0.42473118279569894,-0.3709677419354839,0.03763440860215054,-0.2849462365591398,-0.06451612903225806,-0.2956989247311828,0.0,-0.3333333333333333,0.489247311827957,-0.10752688172043011,-0.016129032258064516,-0.053763440860215055,-0.08064516129032258,-0.13440860215053763,0.021505376344086023,-0.20967741935483872,0.43548387096774194,0.12365591397849462,-0.026881720430107527,0.13440860215053763,-0.08064516129032258,0.053763440860215055,0.010752688172043012,0.016129032258064516,0.34408602150537637,0.3010752688172043,0.005376344086021506,0.3172043010752688,-0.05913978494623656,0.24193548387096775,-0.021505376344086023,0.1935483870967742
0,0.0,0.0,-0.04371584699453552,-0.2568306010928962,0.07650273224043716,-0.5573770491803278,0.1912568306010929,-0.7704918032786885,0.28415300546448086,-1.0,0.546448087431694,-0.3879781420765027,0.20765027322404372,-0.28415300546448086,0.04371584699453552,-0.29508196721311475,0.08743169398907104,-0.32786885245901637,0.6120218579234973,-0.14754098360655737,0.19672131147540983,-0.060109289617486336,0.0,-0.1366120218579235,0.06557377049180328,-0.1912568306010929,0.5846994535519126,0.07650273224043716,0.16939890710382513,0.12568306010928962,0.01092896174863388,0.03825136612021858,0.07650273224043716,-0.01639344262295082,0.5136612021857924,0.2677595628415301,0.19672131147540983,0.30601092896174864,0.060109289617486336,0.21311475409836064,0.07650273224043716,0.13114754098360656
0,0.0,0.0,-0.08374384236453201,-0.24630541871921183,-0.014778325123152709,-0.5517241379310345,0.034482758620689655,-0.7832512315270936,0.07881773399014778,-1.0,0.41379310344827586,-0.4630541871921182,0.1625615763546798,-0.3251231527093596,0.014778325123152709,-0.3251231527093596,0.04433497536945813,-0.37438423645320196,0.5073891625615764,-0.2660098522167488,0.18226600985221675,-0.1330049261083744,0.014778325123152709,-0.17733990147783252,0.059113300492610835,-0.23645320197044334,0.5123152709359606,-0.07389162561576355,0.18719211822660098,0.014778325123152709,0.03940886699507389,-0.029556650246305417,0.07881773399014778,-0.08866995073891626,0.4729064039408867,0.10344827586206896,0.21674876847290642,0.15763546798029557,0.07881773399014778,0.09359605911330049,0.07881773399014778,0.019704433497536946
0,0.0,0.0,-0.11538461538461539,-0.23076923076923078,-0.09134615384615384,-0.5384615384615384,-0.07692307692307693,-0.7740384615384616,-0.08173076923076923,-1.0,0.36538461538461536,-0.5096153846153846,0.14903846153846154,-0.34134615384615385,0.004807692307692308,-0.30288461538461536,0.019230769230769232,-0.35096153846153844,0.4807692307692308,-0.3269230769230769,0.17307692307692307,-0.14423076923076922,0.009615384615384616,-0.15865384615384615,0.052884615384615384,-0.23557692307692307,0.5144230769230769,-0.1346153846153846,0.20192307692307693,-0.004807692307692308,0.057692307692307696,-0.028846153846153848,0.09615384615384616,-0.09134615384615384,0.4951923076923077,0.038461538461538464,0.2548076923076923,0.1346153846153846,0.11538461538461539,0.09615384615384616,0.10576923076923077,0.028846153846153848
0,0.0,0.0,-0.13705583756345177,-0.2233502538071066,-0.16751269035532995,-0.5228426395939086,-0.19796954314720813,-0.766497461928934,-0.25380710659898476,-1.0,0.3197969543147208,-0.5685279187817259,0.15228426395939088,-0.27918781725888325,-0.01015228426395939,-0.233502538071066,-0.01015228426395939,-0.30456852791878175,0.47715736040609136,-0.40609137055837563,0.20812182741116753,-0.09644670050761421,0.005076142131979695,-0.09644670050761421,0.015228426395939087,-0.17766497461928935,0.5431472081218274,-0.2182741116751269,0.2639593908629442,0.03553299492385787,0.07614213197969544,0.030456852791878174,0.07614213197969544,-0.04568527918781726,0.5532994923857868,-0.04568527918781726,0.3350253807106599,0.1319796954314721,0.16243654822335024,0.1218274111675127,0.1218274111675127,0.050761421319796954
0,0.0,0.0,-0.1631578947368421,-0.21578947368421053,-0.20526315789473684,-0.5157894736842106,-0.24210526315789474,-0.7631578947368421,-0.3263157894736842,-1.0,0.3,-0.5894736842105263,0.15263157894736842,-0.2578947368421053,-0.021052631578947368,-0.21052631578947367,-0.031578947368421054,-0.29473684210526313,0.4789473684210526,-0.43157894736842106,0.23157894736842105,-0.08947368421052632,0.015789473684210527,-0.07894736842105263,0.010526315789473684,-0.1631578947368421,0.5578947368421052,-0.25263157894736843,0.3,0.03684210526315789,0.1,0.031578947368421054,0.08947368421052632,-0.042105263157894736,0.5789473684210527,-0.07894736842105263,0.3684210526315789,0.12105263157894737,0.19473684210526315,0.11578947368421053,0.14736842105263157,0.04736842105263158
0,0.0,0.0,-0.1702127659574468,-0.2127659574468085,-0.2074468085106383,-0.5159574468085106,-0.24468085106382978,-0.7606382978723404,-0.31382978723404253,-1.0,0.2978723404255319,-0.5797872340425532,0.15425531914893617,-0.25,-0.026595744680851064,-0.20212765957446807,-0.03723404255319149,-0.2925531914893617,0.4787234042553192,-0.4148936170212766,0.25,-0.0797872340425532,0.015957446808510637,-0.07446808510638298,0.015957446808510637,-0.16489361702127658,0.5691489361702128,-0.23404255319148937,0.3191489361702128,0.05319148936170213,0.10106382978723404,0.05319148936170213,0.09574468085106383,-0.026595744680851064,0.5957446808510638,-0.05851063829787234,0.40425531914893614,0.14361702127659576,0.2127659574468085,0.13829787234042554,0.16489361702127658,0.06914893617021277
0,0.0,0.0,-0.11650485436893204,-0.23786407766990292,-0.0970873786407767,-0.5388349514563107,-0.09223300970873786,-0.7718446601941747,-0.13106796116504854,-1.0,0.3640776699029126,-0.5339805825242718,0.18446601941747573,-0.30097087378640774,0.038834951456310676,-0.2669902912621359,0.05339805825242718,-0.33495145631067963,0.5,-0.3737864077669903,0.24271844660194175,-0.1262135922330097,0.06310679611650485,-0.13592233009708737,0.10194174757281553,-0.22330097087378642,0.5485436893203883,-0.1941747572815534,0.2815533980582524,0.0048543689320388345,0.11650485436893204,-0.014563106796116505,0.1407766990291262,-0.08737864077669903,0.5436893203883495,-0.02912621359223301,0.33495145631067963,0.1262135922330097,0.18446601941747573,0.0970873786407767,0.1650485436893204,0.024271844660194174
0,0.0,0.0,-0.05263157894736842,-0.2679425837320574,0.05741626794258373,-0.569377990430622,0.1291866028708134,-0.7894736842105263,0.17703349282296652,-1.0,0.45933014354066987,-0.44019138755980863,0.21052631578947367,-0.3444976076555024,0.08133971291866028,-0.33014354066985646,0.11483253588516747,-0.36363636363636365,0.5215311004784688,-0.23923444976076555,0.19617224880382775,-0.14832535885167464,0.05263157894736842,-0.18660287081339713,0.11004784688995216,-0.23923444976076555,0.5023923444976076,-0.05263157894736842,0.19138755980861244,-0.004784688995215311,0.06220095693779904,-0.05263157894736842,0.11004784688995216,-0.09569377990430622,0.4449760765550239,0.10526315789473684,0.20574162679425836,0.13875598086124402,0.0861244019138756,0.07177033492822966,0.0861244019138756,0.014354066985645933
0,0.0,0.0,-0.010869565217391304,-0.27717391304347827,0.16304347826086957,-0.5760869565217391,0.28804347826086957,-0.782608695652174,0.4076086956521739,-1.0,0.5597826086956522,-0.34782608695652173,0.20108695652173914,-0.32065217391304346,0.08152173913043478,-0.3423913043478261,0.15217391304347827,-0.3695652173913043,0.592391304347826,-0.09782608695652174,0.15760869565217392,-0.08152173913043478,0.043478260869565216,-0.17391304347826086,0.14130434782608695,-0.22282608695652173,0.5271739130434783,0.11413043478260869,0.11956521739130435,0.09239130434782608,0.02717391304347826,0.0,0.10869565217391304,-0.03804347826086957,0.42391304347826086,0.2717391304347826,0.10869565217391304,0.2554347826086957,0.021739130434782608,0.16304347826086957,0.06521739130434782,0.10326086956521739
0,0.0,0.0,0.061224489795918366,-0.3197278911564626,0.2925170068027211,-0.6054421768707483,0.4557823129251701,-0.8231292517006803,0.6870748299319728,-1.0,0.673469387755102,-0.19727891156462585,0.14285714285714285,-0.30612244897959184,0.08843537414965986,-0.3945578231292517,0.2653061224489796,-0.3945578231292517,0.6394557823129252,0.12244897959183673,0.047619047619047616,-0.061224489795918366,0.0,-0.1836734693877551,0.19047619047619047,-0.17006802721088435,0.5170068027210885,0.20408163265306123,0.0,0.19047619047619047,-0.034013605442176874,0.08843537414965986,0.14285714285714285,0.10884353741496598,0.36054421768707484,0.20408163265306123,-0.02040816326530612,0.20408163265306123,-0.06802721088435375,0.20408163265306123,0.05442176870748299,0.20408163265306123
0,0.0,0.0,-0.10434782608695652,-0.19130434782608696,-0.3173913043478261,-0.30434782608695654,-0.4826086956521739,-0.4,-0.5652173913043478,-0.4956521739130435,-0.40869565217391307,-0.18695652173913044,-0.7956521739130434,-0.25217391304347825,-0.9478260869565217,-0.2956521739130435,-0.9869565217391304,-0.3130434782608696,-0.45652173913043476,0.0,-0.8869565217391304,-0.06086956521739131,-1.0,-0.11304347826086956,-0.9956521739130435,-0.13478260869565217,-0.4652173913043478,0.08695652173913043,-0.8608695652173913,0.08695652173913043,-0.9391304347826087,0.08260869565217391,-0.9173913043478261,0.06956521739130435,-0.45217391304347826,0.08695652173913043,-0.7521739130434782,0.08695652173913043,-0.8391304347826087,0.08695652173913043,-0.8478260869565217,0.08695652173913043
0,0.0,0.0,0.0182648401826484,-0.3059360730593607,-0.0502283105022831,-0.5799086757990868,-0.0410958904109589,-0.8127853881278538,0.0502283105022831,-0.958904109589041,-0.4611872146118721,-0.6073059360730594,-0.7168949771689498,-0.6712328767123288,-0.821917808219178,-0.6621004566210046,-0.8767123287671232,-0.6529680365296804,-0.5662100456621004,-0.410958904109589,-0.7899543378995434,-0.4931506849315068,-0.8995433789954338,-0.4977168949771689,-0.954337899543379,-0.4931506849315068,-0.6210045662100456,-0.2191780821917808,-0.817351598173516,-0.3150684931506849,-0.9315068493150684,-0.3378995433789954,-1.0,-0.3378995433789954,-0.639269406392694,-0.0410958904109589,-0.8036529680365296,-0.1324200913242009,-0.8904109589041096,-0.1506849315068493,-0.958904109589041,-0.1643835616438356
0,0.0,0.0,-0.016597510373443983,-0.27800829875518673,-0.0954356846473029,-0.5228215767634855,-0.0954356846473029,-0.7385892116182573,-0.029045643153526972,-0.8796680497925311,-0.43983402489626555,-0.5186721991701245,-0.6763485477178424,-0.5767634854771784,-0.8215767634854771,-0.5892116182572614,-0.9294605809128631,-0.5975103734439834,-0.5186721991701245,-0.34854771784232363,-0.7427385892116183,-0.4149377593360996,-0.8921161825726142,-0.43568464730290457,-1.0,-0.45228215767634855,-0.5560165975103735,-0.17842323651452283,-0.7593360995850622,-0.25311203319502074,-0.8921161825726142,-0.27385892116182575,-0.9875518672199171,-0.29045643153526973,-0.5643153526970954,-0.02074688796680498,-0.7344398340248963,-0.0912863070539419,-0.8381742738589212,-0.1078838174273859,-0.9253112033195021,-0.12863070539419086
0,0.0,0.0,-0.0913978494623656,-0.3064516129032258,-0.22580645161290322,-0.5806451612903226,-0.25268817204301075,-0.8172043010752689,-0.1881720430107527,-1.0,-0.5967741935483871,-0.5967741935483871,-0.9193548387096774,-0.5161290322580645,-0.8172043010752689,-0.41935483870967744,-0.6827956989247311,-0.42473118279569894,-0.6505376344086021,-0.3978494623655914,-0.9247311827956989,-0.3172043010752688,-0.8118279569892473,-0.24731182795698925,-0.6774193548387096,-0.25806451612903225,-0.6666666666666666,-0.1935483870967742,-0.8655913978494624,-0.12903225806451613,-0.7580645161290323,-0.08602150537634409,-0.6344086021505376,-0.0913978494623656,-0.6559139784946236,0.0,-0.7956989247311828,0.021505376344086023,-0.6881720430107527,0.05913978494623656,-0.5806451612903226,0.05913978494623656
0,0.0,0.0,-0.10734463276836158,-0.3050847457627119,-0.2598870056497175,-0.5649717514124294,-0.3050847457627119,-0.8022598870056498,-0.24293785310734464,-1.0,-0.5423728813559322,-0.576271186440678,-0.8700564971751412,-0.4915254237288136,-0.7627118644067796,-0.4180790960451977,-0.632768361581921,-0.4293785310734463,-0.5819209039548022,-0.384180790960452,-0.8700564971751412,-0.3107344632768362,-0.7570621468926554,-0.24858757062146894,-0.632768361581921,-0.2598870056497175,-0.5932203389830508,-0.1807909604519774,-0.8135593220338984,-0.14124293785310735,-0.7175141242937854,-0.0903954802259887,-0.5988700564971752,-0.0903954802259887,-0.5875706214689266,0.01694915254237288,-0.7627118644067796,0.011299435028248588,-0.6610169491525424,0.04519774011299435,-0.559322033898305,0.05649717514124294
0,0.0,0.0,-0.08670520231213873,-0.30057803468208094,-0.24855491329479767,-0.5722543352601156,-0.28901734104046245,-0.815028901734104,-0.23121387283236994,-1.0,-0.49710982658959535,-0.5838150289017341,-0.8554913294797688,-0.5260115606936416,-0.7745664739884393,-0.4393063583815029,-0.6416184971098265,-0.43352601156069365,-0.5433526011560693,-0.3930635838150289,-0.8728323699421965,-0.3352601156069364,-0.7745664739884393,-0.2658959537572254,-0.6473988439306358,-0.27167630057803466,-0.5606936416184971,-0.19653179190751446,-0.8265895953757225,-0.16184971098265896,-0.7283236994219653,-0.10982658959537572,-0.6069364161849711,-0.10404624277456648,-0.5664739884393064,-0.005780346820809248,-0.7514450867052023,-0.005780346820809248,-0.653179190751445,0.03468208092485549,-0.5549132947976878,0.04046242774566474
0,0.0,0.0,0.01875,-0.3125,-0.0375,-0.6,-0.0375,-0.8375,0.06875,-1.0,-0.3875,-0.71875,-0.7,-0.6875,-0.64375,-0.58125,-0.53125,-0.55,-0.5,-0.55,-0.7625,-0.50625,-0.69375,-0.41875,-0.575,-0.39375,-0.5875,-0.3625,-0.76875,-0.3375,-0.70625,-0.26875,-0.6,-0.2375,-0.64375,-0.175,-0.75625,-0.18125,-0.675,-0.11875,-0.58125,-0.0875
0,0.0,0.0,0.03870967741935484,-0.2967741935483871,-0.0064516129032258064,-0.5935483870967742,0.0064516129032258064,-0.8387096774193549,0.12258064516129032,-1.0,-0.3870967741935484,-0.7806451612903226,-0.7096774193548387,-0.7612903225806451,-0.6967741935483871,-0.632258064516129,-0.6129032258064516,-0.567741935483871,-0.5032258064516129,-0.632258064516129,-0.7548387096774194,-0.5419354838709678,-0.6903225806451613,-0.43870967741935485,-0.567741935483871,-0.4129032258064516,-0.6064516129032258,-0.44516129032258067,-0.7741935483870968,-0.3741935483870968,-0.7032258064516129,-0.2967741935483871,-0.6,-0.2645161290322581,-0.6774193548387096,-0.25161290322580643,-0.7806451612903226,-0.2129032258064516,-0.6903225806451613,-0.14193548387096774,-0.5935483870967742,-0.11612903225806452
0,0.0,0.0,0.057692307692307696,-0.3076923076923077,0.02564102564102564,-0.6025641025641025,0.04487179487179487,-0.8461538461538461,0.16666666666666666,-1.0,-0.33974358974358976,-0.8012820512820513,-0.6666666666666666,-0.7692307692307693,-0.6346153846153846,-0.6410256410256411,-0.532051282051282,-0.5833333333333334,-0.46794871794871795,-0.6538461538461539,-0.7435897435897436,-0.5769230769230769,-0.6858974358974359,-0.46794871794871795,-0.5641025641025641,-0.4358974358974359,-0.5769230769230769,-0.46153846153846156,-0.7692307692307693,-0.41025641025641024,-0.7051282051282052,-0.3269230769230769,-0.5961538461538461,-0.28846153846153844,-0.6602564102564102,-0.2692307692307692,-0.7756410256410257,-0.24358974358974358,-0.6923076923076923,-0.16666666666666666,-0.5961538461538461,-0.1282051282051282
0,0.0,0.0,0.07236842105263158,-0.3026315789473684,0.05921052631578947,-0.6052631578947368,0.09868421052631579,-0.8552631578947368,0.23684210526315788,-1.0,-0.3026315789473684,-0.8421052631578947,-0.618421052631579,-0.8223684210526315,-0.5986842105263158,-0.6907894736842105,-0.506578947368421,-0.631578947368421,-0.4473684210526316,-0.7039473684210527,-0.7105263157894737,-0.6578947368421053,-0.6710526315789473,-0.5394736842105263,-0.5657894736842105,-0.4934210526315789,-0.5657894736842105,-0.5263157894736842,-0.7631578947368421,-0.4868421052631579,-0.7171052631578947,-0.39473684210526316,-0.6118421052631579,-0.34210526315789475,-0.6578947368421053,-0.34210526315789475,-0.7894736842105263,-0.3157894736842105,-0.7171052631578947,-0.23684210526315788,-0.625,-0.19736842105263158
0,0.0,0.0,0.018072289156626505,-0.3072289156626506,-0.04216867469879518,-0.5903614457831325,-0.006024096385542169,-0.8253012048192772,0.10843373493975904,-1.0,-0.41566265060240964,-0.7168674698795181,-0.6987951807228916,-0.6927710843373494,-0.6325301204819277,-0.5843373493975904,-0.5120481927710844,-0.5481927710843374,-0.5240963855421686,-0.5481927710843374,-0.7590361445783133,-0.4879518072289157,-0.6807228915662651,-0.41566265060240964,-0.5542168674698795,-0.39759036144578314,-0.6024096385542169,-0.3493975903614458,-0.7469879518072289,-0.3072289156626506,-0.6686746987951807,-0.2469879518072289,-0.5602409638554217,-0.2289156626506024,-0.6506024096385542,-0.1566265060240964,-0.7349397590361446,-0.13253012048192772,-0.6385542168674698,-0.06626506024096386,-0.5421686746987951,-0.03614457831325301
0,0.0,0.0,-0.055865921787709494,-0.31843575418994413,-0.1564245810055866,-0.5698324022346368,-0.1787709497206704,-0.8100558659217877,-0.10614525139664804,-1.0,-0.5251396648044693,-0.5977653631284916,-0.7932960893854749,-0.5307262569832403,-0.7094972067039106,-0.46368715083798884,-0.6089385474860335,-0.4581005586592179,-0.5977653631284916,-0.39664804469273746,-0.8156424581005587,-0.35195530726256985,-0.7262569832402235,-0.29608938547486036,-0.6145251396648045,-0.2905027932960894,-0.6312849162011173,-0.19553072625698323,-0.7932960893854749,-0.1787709497206704,-0.7150837988826816,-0.1340782122905028,-0.6145251396648045,-0.12290502793296089,-0.6424581005586593,-0.00558659217877095,-0.7653631284916201,-0.027932960893854747,-0.6759776536312849,0.0111731843575419,-0.5865921787709497,0.0223463687150838
0,0.0,0.0,-0.1896551724137931,-0.29310344827586204,-0.41379310344827586,-0.5114942528735632,-0.5057471264367817,-0.7471264367816092,-0.5057471264367817,-0.9655172413793104,-0.6954022988505747,-0.3218390804597701,-1.0,-0.22988505747126436,-0.8735632183908046,-0.22988505747126436,-0.7298850574712644,-0.26436781609195403,-0.6839080459770115,-0.09195402298850575,-0.9482758620689655,-0.040229885057471264,-0.8218390804597702,-0.05172413793103448,-0.6896551724137931,-0.08045977011494253,-0.632183908045977,0.11494252873563218,-0.8333333333333334,0.12643678160919541,-0.735632183908046,0.10919540229885058,-0.6206896551724138,0.08620689655172414,-0.5689655172413793,0.28735632183908044,-0.7413793103448276,0.25862068965517243,-0.6436781609195402,0.2413793103448276,-0.5402298850574713,0.22413793103448276
0,0.0,0.0,-0.2541436464088398,-0.23204419889502761,-0.4972375690607735,-0.39226519337016574,-0.6464088397790055,-0.5966850828729282,-0.6961325966850829,-0.7845303867403315,-0.7071823204419889,-0.12154696132596685,-1.0,0.0055248618784530384,-0.8839779005524862,-0.016574585635359115,-0.7513812154696132,-0.06077348066298342,-0.6464088397790055,0.09392265193370165,-0.9060773480662984,0.18232044198895028,-0.7955801104972375,0.13812154696132597,-0.6740331491712708,0.08287292817679558,-0.5580110497237569,0.27071823204419887,-0.7513812154696132,0.30939226519337015,-0.6740331491712708,0.26519337016574585,-0.569060773480663,0.22099447513812154,-0.47513812154696133,0.4143646408839779,-0.6298342541436464,0.40331491712707185,-0.5524861878453039,0.35911602209944754,-0.46408839779005523,0.3259668508287293
0,0.0,0.0,-0.26373626373626374,-0.22527472527472528,-0.5164835164835165,-0.3791208791208791,-0.6648351648351648,-0.5769230769230769,-0.7142857142857143,-0.7692307692307693,-0.6978021978021978,-0.10989010989010989,-1.0,0.03296703296703297,-0.8846153846153846,0.0,-0.7527472527472527,-0.054945054945054944,-0.6263736263736264,0.0989010989010989,-0.9010989010989011,0.2032967032967033,-0.7967032967032966,0.15384615384615385,-0.6758241758241759,0.0989010989010989,-0.5384615384615384,0.2802197802197802,-0.7692307692307693,0.3241758241758242,-0.6868131868131868,0.2802197802197802,-0.5769230769230769,0.23626373626373626,-0.45604395604395603,0.4175824175824176,-0.6483516483516484,0.4175824175824176,-0.5714285714285714,0.36813186813186816,-0.47802197802197804,0.33516483516483514
0,0.0,0.0,-0.27167630057803466,-0.21965317919075145,-0.5491329479768786,-0.3815028901734104,-0.7109826589595376,-0.5953757225433526,-0.7687861271676301,-0.791907514450867,-0.6994219653179191,-0.046242774566473986,-1.0,0.08670520231213873,-0.8901734104046243,0.017341040462427744,-0.7630057803468208,-0.046242774566473986,-0.6184971098265896,0.1676300578034682,-0.9132947976878613,0.2658959537572254,-0.8208092485549133,0.2023121387283237,-0.6936416184971098,0.14450867052023122,-0.5260115606936416,0.34104046242774566,-0.7630057803468208,0.3988439306358382,-0.6936416184971098,0.34104046242774566,-0.5780346820809249,0.28901734104046245,-0.4277456647398844,0.4682080924855491,-0.630057803468208,0.4913294797687861,-0.5664739884393064,0.4393063583815029,-0.4682080924855491,0.3930635838150289
0,0.0,0.0,-0.3076923076923077,-0.1301775147928994,-0.5976331360946746,-0.17751479289940827,-0.7928994082840237,-0.3136094674556213,-0.8579881656804734,-0.5088757396449705,-0.6627218934911243,0.22485207100591717,-1.0,0.38461538461538464,-0.8698224852071006,0.2781065088757396,-0.7100591715976331,0.20118343195266272,-0.5443786982248521,0.4260355029585799,-0.863905325443787,0.5443786982248521,-0.7633136094674556,0.44970414201183434,-0.621301775147929,0.38461538461538464,-0.41420118343195267,0.5443786982248521,-0.7041420118343196,0.5443786982248521,-0.6331360946745562,0.5443786982248521,-0.5088757396449705,0.5443786982248521,-0.30177514792899407,0.5443786982248521,-0.5384615384615384,0.5443786982248521,-0.4911242603550296,0.5443786982248521,-0.40236686390532544,0.5443786982248521
0,0.0,0.0,-0.36075949367088606,-0.06962025316455696,-0.6455696202531646,-0.08860759493670886,-0.8734177215189873,-0.22151898734177214,-1.0,-0.4240506329113924,-0.5569620253164557,0.3670886075949367,-0.8987341772151899,0.569620253164557,-0.8227848101265823,0.41139240506329117,-0.6835443037974683,0.310126582278481,-0.3987341772151899,0.5632911392405063,-0.7658227848101266,0.7088607594936709,-0.7215189873417721,0.5632911392405063,-0.6012658227848101,0.4873417721518987,-0.26582278481012656,0.6772151898734177,-0.6075949367088608,0.7911392405063291,-0.569620253164557,0.6582278481012658,-0.44936708860759494,0.5759493670886076,-0.16455696202531644,0.7341772151898734,-0.44936708860759494,0.8164556962025317,-0.4177215189873418,0.7025316455696202,-0.31645569620253167,0.6329113924050633
0,0.0,0.0,-0.358974358974359,-0.057692307692307696,-0.6410256410256411,-0.0641025641025641,-0.8717948717948718,-0.1858974358974359,-1.0,-0.391025641025641,-0.5128205128205128,0.36538461538461536,-0.8589743589743589,0.6089743589743589,-0.7948717948717948,0.46153846153846156,-0.6666666666666666,0.358974358974359,-0.34615384615384615,0.5448717948717948,-0.7115384615384616,0.7628205128205128,-0.6858974358974359,0.6217948717948718,-0.5641025641025641,0.5192307692307693,-0.21153846153846154,0.6538461538461539,-0.5448717948717948,0.8461538461538461,-0.5256410256410257,0.7115384615384616,-0.41025641025641024,0.6217948717948718,-0.10897435897435898,0.7115384615384616,-0.3782051282051282,0.8525641025641025,-0.36538461538461536,0.75,-0.2692307692307692,0.6730769230769231
0,0.0,0.0,-0.3782051282051282,-0.057692307692307696,-0.6666666666666666,-0.05128205128205128,-0.8910256410256411,-0.16666666666666666,-1.0,-0.38461538461538464,-0.5769230769230769,0.3782051282051282,-0.8910256410256411,0.6153846153846154,-0.8205128205128205,0.46153846153846156,-0.6858974358974359,0.3525641025641026,-0.38461538461538464,0.5576923076923077,-0.7243589743589743,0.7564102564102564,-0.6858974358974359,0.6217948717948718,-0.5769230769230769,0.5256410256410257,-0.23076923076923078,0.6730769230769231,-0.5384615384615384,0.8333333333333334,-0.5128205128205128,0.7115384615384616,-0.40384615384615385,0.6282051282051282,-0.10256410256410256,0.7435897435897436,-0.36538461538461536,0.8782051282051282,-0.34615384615384615,0.7692307692307693,-0.26282051282051283,0.6987179487179487
0,0.0,0.0,-0.3684210526315789,-0.10526315789473684,-0.6776315789473685,-0.13815789473684212,-0.9078947368421053,-0.28289473684210525,-1.0,-0.506578947368421,-0.6052631578947368,0.26973684210526316,-0.9605263157894737,0.5263157894736842,-0.881578947368421,0.39473684210526316,-0.7368421052631579,0.27631578947368424,-0.42105263157894735,0.47368421052631576,-0.7894736842105263,0.6842105263157895,-0.7368421052631579,0.5526315789473685,-0.618421052631579,0.4473684210526316,-0.26973684210526316,0.625,-0.5986842105263158,0.7631578947368421,-0.5526315789473685,0.6447368421052632,-0.4342105263157895,0.5592105263157895,-0.15789473684210525,0.7236842105263158,-0.42105263157894735,0.8157894736842105,-0.39473684210526316,0.7105263157894737,-0.3026315789473684,0.6381578947368421
0,0.0,0.0,-0.21965317919075145,-0.27167630057803466,-0.47398843930635837,-0.47398843930635837,-0.6242774566473989,-0.7052023121387283,-0.6589595375722543,-0.930635838150289,-0.6011560693641619,-0.27167630057803466,-1.0,-0.12716763005780346,-0.8786127167630058,-0.13872832369942195,-0.7341040462427746,-0.1791907514450867,-0.5433526011560693,-0.03468208092485549,-0.930635838150289,0.08092485549132948,-0.8265895953757225,0.05202312138728324,-0.6820809248554913,0.0,-0.48554913294797686,0.1676300578034682,-0.8323699421965318,0.23121387283236994,-0.7398843930635838,0.19653179190751446,-0.6127167630057804,0.16184971098265896,-0.43352601156069365,0.34104046242774566,-0.7225433526011561,0.3583815028901734,-0.6416184971098265,0.3179190751445087,-0.5260115606936416,0.28901734104046245
0,0.0,0.0,-0.1092896174863388,-0.3005464480874317,-0.3005464480874317,-0.5628415300546448,-0.366120218579235,-0.7978142076502732,-0.3224043715846995,-1.0,-0.5191256830601093,-0.5191256830601093,-0.8743169398907104,-0.46994535519125685,-0.7759562841530054,-0.40437158469945356,-0.639344262295082,-0.41530054644808745,-0.546448087431694,-0.31693989071038253,-0.8688524590163934,-0.29508196721311475,-0.7650273224043715,-0.2459016393442623,-0.6338797814207651,-0.25136612021857924,-0.5573770491803278,-0.11475409836065574,-0.8087431693989071,-0.13114754098360656,-0.7158469945355191,-0.09836065573770492,-0.5956284153005464,-0.09289617486338798,-0.5628415300546448,0.07103825136612021,-0.7486338797814208,0.01639344262295082,-0.6612021857923497,0.03825136612021858,-0.5628415300546448,0.04918032786885246
0,0.0,0.0,-0.09090909090909091,-0.3048128342245989,-0.24598930481283424,-0.5721925133689839,-0.2887700534759358,-0.8074866310160428,-0.23529411764705882,-1.0,-0.47593582887700536,-0.5614973262032086,-0.8235294117647058,-0.5080213903743316,-0.7379679144385026,-0.43315508021390375,-0.6096256684491979,-0.43315508021390375,-0.5240641711229946,-0.3582887700534759,-0.8342245989304813,-0.32620320855614976,-0.7379679144385026,-0.2620320855614973,-0.6096256684491979,-0.26737967914438504,-0.5561497326203209,-0.15508021390374332,-0.7914438502673797,-0.1497326203208556,-0.7005347593582888,-0.10695187165775401,-0.5828877005347594,-0.10695187165775401,-0.5668449197860963,0.03208556149732621,-0.7433155080213903,0.0,-0.6524064171122995,0.03208556149732621,-0.5561497326203209,0.0427807486631016
0,0.0,0.0,-0.06349206349206349,-0.30158730158730157,-0.20105820105820105,-0.5767195767195767,-0.2275132275132275,-0.8095238095238095,-0.15343915343915343,-1.0,-0.43386243386243384,-0.5873015873015873,-0.7619047619047619,-0.5767195767195767,-0.6878306878306878,-0.4973544973544973,-0.5714285714285714,-0.48677248677248675,-0.4973544973544973,-0.3968253968253968,-0.7936507936507936,-0.3968253968253968,-0.7037037037037037,-0.3333333333333333,-0.582010582010582,-0.32275132275132273,-0.544973544973545,-0.20634920634920634,-0.7566137566137566,-0.2275132275132275,-0.6772486772486772,-0.17989417989417988,-0.5608465608465608,-0.164021164021164,-0.5714285714285714,-0.026455026455026454,-0.7195767195767195,-0.07936507936507936,-0.6349206349206349,-0.042328042328042326,-0.544973544973545,-0.026455026455026454
0,0.0,0.0,0.02857142857142857,-0.3028571428571429,-0.017142857142857144,-0.5942857142857143,-0.011428571428571429,-0.8342857142857143,0.11428571428571428,-1.0,-0.3028571428571429,-0.7542857142857143,-0.6171428571428571,-0.7714285714285715,-0.5771428571428572,-0.6514285714285715,-0.4742857142857143,-0.6057142857142858,-0.4228571428571429,-0.6,-0.7028571428571428,-0.5942857142857143,-0.6457142857142857,-0.4857142857142857,-0.5314285714285715,-0.45714285714285713,-0.5142857142857142,-0.42857142857142855,-0.7371428571428571,-0.4228571428571429,-0.6685714285714286,-0.33714285714285713,-0.56,-0.30857142857142855,-0.5885714285714285,-0.25142857142857145,-0.7428571428571429,-0.26857142857142857,-0.6628571428571428,-0.19428571428571428,-0.5657142857142857,-0.1657142857142857
0,0.0,0.0,0.12121212121212122,-0.2787878787878788,0.13333333333333333,-0.5878787878787879,0.18181818181818182,-0.8484848484848485,0.3212121212121212,-1.0,-0.1696969696969697,-0.8303030303030303,-0.48484848484848486,-0.9272727272727272,-0.47878787878787876,-0.7818181818181819,-0.38181818181818183,-0.7090909090909091,-0.3333333333333333,-0.696969696969697,-0.6363636363636364,-0.7696969696969697,-0.6121212121212121,-0.6363636363636364,-0.49696969696969695,-0.5636363636363636,-0.48484848484848486,-0.5333333333333333,-0.703030303030303,-0.5696969696969697,-0.6545454545454545,-0.46060606060606063,-0.5454545454545454,-0.40606060606060607,-0.6,-0.3575757575757576,-0.7333333333333333,-0.3939393939393939,-0.6787878787878788,-0.296969696969697,-0.5818181818181818,-0.2545454545454545
0,0.0,0.0,0.16025641025641027,-0.24358974358974358,0.21153846153846154,-0.5897435897435898,0.2948717948717949,-0.8589743589743589,0.44871794871794873,-1.0,-0.12179487179487179,-0.8461538461538461,-0.44871794871794873,-0.9551282051282052,-0.4423076923076923,-0.8076923076923077,-0.34615384615384615,-0.7115384615384616,-0.3141025641025641,-0.7051282051282052,-0.6153846153846154,-0.7884615384615384,-0.5769230769230769,-0.6474358974358975,-0.46153846153846156,-0.5576923076923077,-0.48717948717948717,-0.532051282051282,-0.6987179487179487,-0.5769230769230769,-0.6410256410256411,-0.46153846153846156,-0.532051282051282,-0.391025641025641,-0.6217948717948718,-0.3525641025641026,-0.7371794871794872,-0.38461538461538464,-0.6666666666666666,-0.28205128205128205,-0.5705128205128205,-0.22435897435897437
0,0.0,0.0,0.17763157894736842,-0.23684210526315788,0.23684210526315788,-0.5789473684210527,0.3092105263157895,-0.8618421052631579,0.47368421052631576,-1.0,-0.13815789473684212,-0.8355263157894737,-0.4473684210526316,-0.9407894736842105,-0.4407894736842105,-0.7960526315789473,-0.3355263157894737,-0.7039473684210527,-0.32894736842105265,-0.6842105263157895,-0.625,-0.7697368421052632,-0.5789473684210527,-0.631578947368421,-0.4605263157894737,-0.5460526315789473,-0.4868421052631579,-0.506578947368421,-0.7039473684210527,-0.5592105263157895,-0.6447368421052632,-0.4473684210526316,-0.5263157894736842,-0.375,-0.6052631578947368,-0.3223684210526316,-0.7368421052631579,-0.35526315789473684,-0.6710526315789473,-0.2631578947368421,-0.5657894736842105,-0.21052631578947367
0,0.0,0.0,-0.015625,-0.3125,-0.08333333333333333,-0.5989583333333334,-0.0625,-0.828125,0.057291666666666664,-1.0,-0.375,-0.6145833333333334,-0.6822916666666666,-0.6302083333333334,-0.5989583333333334,-0.5572916666666666,-0.46875,-0.5260416666666666,-0.4583333333333333,-0.421875,-0.734375,-0.4479166666666667,-0.6458333333333334,-0.390625,-0.5104166666666666,-0.359375,-0.5052083333333334,-0.22395833333333334,-0.7135416666666666,-0.2604166666666667,-0.625,-0.21875,-0.5104166666666666,-0.19270833333333334,-0.5364583333333334,-0.046875,-0.6927083333333334,-0.09375,-0.609375,-0.052083333333333336,-0.5052083333333334,-0.026041666666666668
0,0.0,0.0,-0.08808290155440414,-0.25906735751295334,-0.26424870466321243,-0.5544041450777202,-0.3160621761658031,-0.7979274611398963,-0.25906735751295334,-1.0,-0.27461139896373055,-0.6113989637305699,-0.689119170984456,-0.5854922279792746,-0.6528497409326425,-0.47150259067357514,-0.538860103626943,-0.45077720207253885,-0.27461139896373055,-0.43005181347150256,-0.7150259067357513,-0.37305699481865284,-0.6476683937823834,-0.29533678756476683,-0.5181347150259067,-0.3005181347150259,-0.29015544041450775,-0.23834196891191708,-0.6839378238341969,-0.19689119170984457,-0.616580310880829,-0.14507772020725387,-0.49222797927461137,-0.15025906735751296,-0.31088082901554404,-0.05699481865284974,-0.6321243523316062,-0.03626943005181347,-0.5751295336787565,-0.010362694300518135,-0.46113989637305697,-0.02072538860103627
0,0.0,0.0,-0.1641025641025641,-0.27692307692307694,-0.31794871794871793,-0.5641025641025641,-0.36923076923076925,-0.7948717948717948,-0.3384615384615385,-1.0,-0.2,-0.6,-0.5743589743589743,-0.517948717948718,-0.5128205128205128,-0.4205128205128205,-0.4,-0.4358974358974359,-0.1641025641025641,-0.4153846153846154,-0.5692307692307692,-0.31794871794871793,-0.4666666666666667,-0.26666666666666666,-0.3384615384615385,-0.28717948717948716,-0.15384615384615385,-0.23076923076923078,-0.5333333333333333,-0.15897435897435896,-0.441025641025641,-0.12307692307692308,-0.31794871794871793,-0.14358974358974358,-0.15897435897435896,-0.05128205128205128,-0.48205128205128206,-0.020512820512820513,-0.40512820512820513,-0.005128205128205128,-0.28717948717948716,-0.020512820512820513
0,0.0,0.0,-0.12682926829268293,-0.3024390243902439,-0.1951219512195122,-0.5902439024390244,-0.2048780487804878,-0.8146341463414634,-0.18536585365853658,-1.0,0.03902439024390244,-0.5902439024390244,-0.2682926829268293,-0.5024390243902439,-0.24390243902439024,-0.4146341463414634,-0.15609756097560976,-0.43902439024390244,0.09268292682926829,-0.4146341463414634,-0.2634146341463415,-0.32195121951219513,-0.2048780487804878,-0.2780487804878049,-0.1073170731707317,-0.3121951219512195,0.11219512195121951,-0.24390243902439024,-0.22926829268292684,-0.17073170731707318,-0.18048780487804877,-0.15121951219512195,-0.08292682926829269,-0.18048780487804877,0.0975609756097561,-0.08780487804878048,-0.17073170731707318,-0.04390243902439024,-0.13170731707317074,-0.04878048780487805,-0.03414634146341464,-0.07804878048780488
0,0.0,0.0,-0.028089887640449437,-0.3089887640449438,0.07865168539325842,-0.601123595505618,0.14606741573033707,-0.8146067415730337,0.15168539325842698,-1.0,0.4606741573033708,-0.5449438202247191,0.3258426966292135,-0.47191011235955055,0.17415730337078653,-0.42696629213483145,0.17415730337078653,-0.4438202247191011,0.5224719101123596,-0.3651685393258427,0.3595505617977528,-0.29775280898876405,0.19101123595505617,-0.29213483146067415,0.19101123595505617,-0.3258426966292135,0.5168539325842697,-0.1853932584269663,0.3595505617977528,-0.1404494382022472,0.20224719101123595,-0.15168539325842698,0.21348314606741572,-0.19101123595505617,0.47752808988764045,-0.028089887640449437,0.3595505617977528,-0.0056179775280898875,0.2303370786516854,-0.011235955056179775,0.21910112359550563,-0.03932584269662921
0,0.0,0.0,0.0136986301369863,-0.273972602739726,0.1780821917808219,-0.5753424657534246,0.2876712328767123,-0.8013698630136986,0.3082191780821918,-1.0,0.5547945205479452,-0.4863013698630137,0.678082191780822,-0.4383561643835616,0.4452054794520548,-0.3767123287671233,0.3424657534246575,-0.3767123287671233,0.589041095890411,-0.2808219178082192,0.7123287671232876,-0.23972602739726026,0.4315068493150685,-0.21232876712328766,0.3493150684931507,-0.2465753424657534,0.589041095890411,-0.0958904109589041,0.684931506849315,-0.04794520547945205,0.4246575342465753,-0.0547945205479452,0.3356164383561644,-0.10273972602739725,0.5616438356164384,0.07534246575342465,0.6506849315068494,0.10273972602739725,0.4520547945205479,0.08904109589041095,0.363013698630137,0.0410958904109589
0,0.0,0.0,0.08196721311475409,-0.2786885245901639,0.2786885245901639,-0.5491803278688525,0.39344262295081966,-0.7868852459016393,0.38524590163934425,-1.0,0.6721311475409836,-0.36065573770491804,0.8360655737704918,-0.27049180327868855,0.5901639344262295,-0.2459016393442623,0.45081967213114754,-0.27049180327868855,0.6639344262295082,-0.13934426229508196,0.7868852459016393,-0.04918032786885246,0.5,-0.09016393442622951,0.4098360655737705,-0.1557377049180328,0.6229508196721312,0.05737704918032787,0.7213114754098361,0.13934426229508196,0.45901639344262296,0.06557377049180328,0.36885245901639346,-0.01639344262295082,0.5573770491803278,0.22131147540983606,0.639344262295082,0.2786885245901639,0.45081967213114754,0.22131147540983606,0.3770491803278688,0.14754098360655737
0,0.0,0.0,0.11578947368421053,-0.2631578947368421,0.29473684210526313,-0.5263157894736842,0.43157894736842106,-0.7684210526315789,0.4631578947368421,-1.0,0.7052631578947368,-0.28421052631578947,0.8526315789473684,-0.17894736842105263,0.5894736842105263,-0.17894736842105263,0.4631578947368421,-0.23157894736842105,0.6947368421052632,-0.031578947368421054,0.8210526315789474,0.05263157894736842,0.5368421052631579,0.010526315789473684,0.4421052631578947,-0.07368421052631578,0.6210526315789474,0.16842105263157894,0.7894736842105263,0.2736842105263158,0.5684210526315789,0.22105263157894736,0.45263157894736844,0.1368421052631579,0.5263157894736842,0.3157894736842105,0.6421052631578947,0.43157894736842106,0.4842105263157895,0.37894736842105264,0.4105263157894737,0.28421052631578947
0,0.0,0.0,0.16049382716049382,-0.2716049382716049,0.38271604938271603,-0.5308641975308642,0.5432098765432098,-0.7654320987654321,0.5925925925925926,-1.0,0.6790123456790124,-0.2962962962962963,0.9629629629629629,-0.18518518518518517,0.7901234567901234,-0.20987654320987653,0.6296296296296297,-0.24691358024691357,0.6419753086419753,-0.07407407407407407,0.9135802469135802,0.024691358024691357,0.7037037037037037,-0.037037037037037035,0.5432098765432098,-0.09876543209876543,0.5802469135802469,0.12345679012345678,0.8148148148148148,0.19753086419753085,0.6049382716049383,0.12345679012345678,0.4444444444444444,0.06172839506172839,0.49382716049382713,0.2962962962962963,0.7037037037037037,0.3333333333333333,0.5432098765432098,0.25925925925925924,0.41975308641975306,0.19753086419753085
0,0.0,0.0,0.1625,-0.2875,0.3875,-0.55,0.575,-0.7875,0.6,-1.0,0.7625,-0.3125,1.0,-0.1625,0.7375,-0.175,0.575,-0.225,0.725,-0.0875,0.925,0.05,0.625,-0.0125,0.4875,-0.1,0.65,0.1125,0.8375,0.225,0.575,0.15,0.4375,0.05,0.55,0.275,0.7375,0.3875,0.575,0.3375,0.475,0.2875
0,0.0,0.0,0.15,-0.2875,0.3625,-0.5625,0.5125,-0.7875,0.55,-1.0,0.725,-0.275,0.95,-0.1625,0.7125,-0.1875,0.5375,-0.2375,0.675,-0.05,0.85,0.0625,0.5875,0.0,0.425,-0.0875,0.6125,0.15,0.775,0.25,0.5375,0.1625,0.375,0.075,0.525,0.3125,0.675,0.3875,0.5,0.325,0.375,0.25
0,0.0,0.0,0.1686746987951807,-0.27710843373493976,0.3614457831325301,-0.5301204819277109,0.5060240963855421,-0.7831325301204819,0.5421686746987951,-1.0,0.7590361445783133,-0.2891566265060241,0.963855421686747,-0.1686746987951807,0.6867469879518072,-0.1686746987951807,0.5180722891566265,-0.21686746987951808,0.7228915662650602,-0.07228915662650602,0.891566265060241,0.03614457831325301,0.5903614457831325,-0.024096385542168676,0.4578313253012048,-0.10843373493975904,0.6385542168674698,0.10843373493975904,0.7831325301204819,0.21686746987951808,0.5180722891566265,0.12048192771084337,0.39759036144578314,0.03614457831325301,0.5301204819277109,0.25301204819277107,0.6746987951807228,0.3493975903614458,0.4819277108433735,0.25301204819277107,0.3855421686746988,0.1686746987951807
0,0.0,0.0,0.11578947368421053,-0.2631578947368421,0.29473684210526313,-0.5368421052631579,0.4,-0.7894736842105263,0.3894736842105263,-1.0,0.6947368421052632,-0.3263157894736842,0.8105263157894737,-0.2631578947368421,0.5578947368421052,-0.24210526315789474,0.45263157894736844,-0.2736842105263158,0.7052631578947368,-0.11578947368421053,0.7578947368421053,-0.042105263157894736,0.4842105263157895,-0.08421052631578947,0.43157894736842106,-0.14736842105263157,0.6526315789473685,0.07368421052631578,0.6947368421052632,0.1368421052631579,0.4631578947368421,0.06315789473684211,0.3894736842105263,-0.010526315789473684,0.5789473684210527,0.22105263157894736,0.6,0.2736842105263158,0.43157894736842106,0.18947368421052632,0.3684210526315789,0.10526315789473684
0,0.0,0.0,0.0851063829787234,-0.26595744680851063,0.26595744680851063,-0.5319148936170213,0.39361702127659576,-0.7872340425531915,0.40425531914893614,-1.0,0.6808510638297872,-0.3404255319148936,0.7978723404255319,-0.24468085106382978,0.5531914893617021,-0.22340425531914893,0.4574468085106383,-0.2553191489361702,0.7021276595744681,-0.13829787234042554,0.7872340425531915,-0.0425531914893617,0.5,-0.07446808510638298,0.43617021276595747,-0.14893617021276595,0.6702127659574468,0.0425531914893617,0.723404255319149,0.1276595744680851,0.4574468085106383,0.06382978723404255,0.40425531914893614,-0.02127659574468085,0.6170212765957447,0.19148936170212766,0.6382978723404256,0.24468085106382978,0.44680851063829785,0.18085106382978725,0.39361702127659576,0.0851063829787234
0,0.0,0.0,0.0851063829787234,-0.2765957446808511,0.2553191489361702,-0.5425531914893617,0.3617021276595745,-0.7872340425531915,0.3723404255319149,-1.0,0.648936170212766,-0.3723404255319149,0.7872340425531915,-0.2765957446808511,0.5425531914893617,-0.24468085106382978,0.425531914893617,-0.2765957446808511,0.648936170212766,-0.1702127659574468,0.776595744680851,-0.06382978723404255,0.5,-0.0851063829787234,0.4148936170212766,-0.1595744680851064,0.6170212765957447,0.010638297872340425,0.723404255319149,0.11702127659574468,0.4787234042553192,0.06382978723404255,0.3829787234042553,-0.02127659574468085,0.5531914893617021,0.1595744680851064,0.648936170212766,0.23404255319148937,0.46808510638297873,0.18085106382978725,0.39361702127659576,0.09574468085106383
0,0.0,0.0,0.08421052631578947,-0.2631578947368421,0.25263157894736843,-0.5263157894736842,0.3473684210526316,-0.7789473684210526,0.3368421052631579,-1.0,0.6421052631578947,-0.3473684210526316,0.7894736842105263,-0.25263157894736843,0.5473684210526316,-0.24210526315789474,0.43157894736842106,-0.2736842105263158,0.6526315789473685,-0.1368421052631579,0.7894736842105263,-0.05263157894736842,0.5052631578947369,-0.08421052631578947,0.43157894736842106,-0.14736842105263157,0.6210526315789474,0.05263157894736842,0.7263157894736842,0.12631578947368421,0.47368421052631576,0.06315789473684211,0.3894736842105263,-0.010526315789473684,0.5684210526315789,0.2,0.6526315789473685,0.2631578947368421,0.47368421052631576,0.18947368421052632,0.3894736842105263,0.11578947368421053
0,0.0,0.0,0.15,-0.2571428571428571,0.35714285714285715,-0.55,0.44285714285714284,-0.7857142857142857,0.40714285714285714,-1.0,0.3,-0.4928571428571429,0.7285714285714285,-0.44285714285714284,0.6285714285714286,-0.37857142857142856,0.4642857142857143,-0.38571428571428573,0.25,-0.2857142857142857,0.7071428571428572,-0.22857142857142856,0.5785714285714286,-0.20714285714285716,0.4357142857142857,-0.21428571428571427,0.2357142857142857,-0.07142857142857142,0.6571428571428571,-0.03571428571428571,0.5357142857142857,-0.03571428571428571,0.40714285714285714,-0.05,0.24285714285714285,0.11428571428571428,0.5928571428571429,0.12142857142857143,0.4928571428571429,0.12142857142857143,0.36428571428571427,0.11428571428571428
0,0.0,0.0,0.12781954887218044,-0.24812030075187969,0.3684210526315789,-0.5413533834586466,0.45112781954887216,-0.7744360902255639,0.41353383458646614,-1.0,0.3233082706766917,-0.48120300751879697,0.7744360902255639,-0.41353383458646614,0.6541353383458647,-0.37593984962406013,0.48120300751879697,-0.39849624060150374,0.2556390977443609,-0.2706766917293233,0.7518796992481203,-0.19548872180451127,0.6015037593984962,-0.18045112781954886,0.42857142857142855,-0.18796992481203006,0.24060150375939848,-0.045112781954887216,0.6992481203007519,-0.007518796992481203,0.556390977443609,-0.007518796992481203,0.39849624060150374,-0.007518796992481203,0.24060150375939848,0.15037593984962405,0.631578947368421,0.15789473684210525,0.5263157894736842,0.15037593984962405,0.38345864661654133,0.14285714285714285
0,0.0,0.0,0.15789473684210525,-0.24060150375939848,0.38345864661654133,-0.5338345864661654,0.46616541353383456,-0.7669172932330827,0.42857142857142855,-1.0,0.3082706766917293,-0.47368421052631576,0.7744360902255639,-0.40601503759398494,0.6766917293233082,-0.3533834586466165,0.5037593984962406,-0.3684210526315789,0.24060150375939848,-0.2556390977443609,0.7593984962406015,-0.18796992481203006,0.6240601503759399,-0.16541353383458646,0.45864661654135336,-0.17293233082706766,0.22556390977443608,-0.045112781954887216,0.706766917293233,0.007518796992481203,0.5789473684210527,0.007518796992481203,0.42857142857142855,0.0,0.23308270676691728,0.15037593984962405,0.6390977443609023,0.16541353383458646,0.5488721804511278,0.15037593984962405,0.40601503759398494,0.14285714285714285
0,0.0,0.0,0.10294117647058823,-0.2426470588235294,0.3014705882352941,-0.5588235294117647,0.38235294117647056,-0.7941176470588235,0.36764705882352944,-1.0,0.3235294117647059,-0.47058823529411764,0.7794117647058824,-0.4338235294117647,0.6911764705882353,-0.38235294117647056,0.5220588235294118,-0.3897058823529412,0.3235294117647059,-0.25735294117647056,0.7941176470588235,-0.22058823529411764,0.6764705882352942,-0.19852941176470587,0.5073529411764706,-0.19852941176470587,0.3382352941176471,-0.04411764705882353,0.7794117647058824,-0.04411764705882353,0.6617647058823529,-0.029411764705882353,0.5073529411764706,-0.022058823529411766,0.3602941176470588,0.14705882352941177,0.6985294117647058,0.125,0.6176470588235294,0.1323529411764706,0.49264705882352944,0.1323529411764706
0,0.0,0.0,0.07913669064748201,-0.28776978417266186,0.22302158273381295,-0.5611510791366906,0.3237410071942446,-0.7913669064748201,0.3381294964028777,-1.0,0.48201438848920863,-0.43884892086330934,0.8129496402877698,-0.460431654676259,0.7122302158273381,-0.41007194244604317,0.5683453237410072,-0.4028776978417266,0.539568345323741,-0.2302158273381295,0.8489208633093526,-0.2517985611510791,0.7482014388489209,-0.22302158273381295,0.6115107913669064,-0.22302158273381295,0.5611510791366906,-0.04316546762589928,0.841726618705036,-0.06474820143884892,0.7553956834532374,-0.05755395683453238,0.6330935251798561,-0.050359712230215826,0.5611510791366906,0.11510791366906475,0.7841726618705036,0.09352517985611511,0.7050359712230215,0.09352517985611511,0.60431654676259,0.10071942446043165
0,0.0,0.0,0.0625,-0.3333333333333333,0.20833333333333334,-0.5833333333333334,0.3541666666666667,-0.7986111111111112,0.3958333333333333,-1.0,0.6527777777777778,-0.5208333333333334,0.75,-0.4722222222222222,0.625,-0.4375,0.5277777777777778,-0.4236111111111111,0.7222222222222222,-0.3125,0.7708333333333334,-0.3194444444444444,0.6597222222222222,-0.2986111111111111,0.5625,-0.2638888888888889,0.7222222222222222,-0.10416666666666667,0.7638888888888888,-0.1527777777777778,0.6666666666666666,-0.1388888888888889,0.5694444444444444,-0.10416666666666667,0.7013888888888888,0.06944444444444445,0.7430555555555556,0.006944444444444444,0.6527777777777778,0.006944444444444444,0.5763888888888888,0.034722222222222224
0,0.0,0.0,0.014492753623188406,-0.3333333333333333,0.15217391304347827,-0.5942028985507246,0.30434782608695654,-0.8043478260869565,0.36231884057971014,-1.0,0.6304347826086957,-0.5579710144927537,0.6521739130434783,-0.4927536231884058,0.5362318840579711,-0.427536231884058,0.45652173913043476,-0.4057971014492754,0.7246376811594203,-0.35507246376811596,0.6956521739130435,-0.3115942028985507,0.5797101449275363,-0.26811594202898553,0.4855072463768116,-0.2391304347826087,0.7318840579710145,-0.15217391304347827,0.6956521739130435,-0.13043478260869565,0.5942028985507246,-0.10869565217391304,0.4927536231884058,-0.08695652173913043,0.7101449275362319,0.028985507246376812,0.6811594202898551,0.036231884057971016,0.5869565217391305,0.050724637681159424,0.5,0.050724637681159424
0,0.0,0.0,0.021897810218978103,-0.3357664233576642,0.145985401459854,-0.5912408759124088,0.2846715328467153,-0.8029197080291971,0.32116788321167883,-1.0,0.6131386861313869,-0.5620437956204379,0.5985401459854015,-0.5182481751824818,0.48175182481751827,-0.45985401459854014,0.39416058394160586,-0.4233576642335766,0.7153284671532847,-0.36496350364963503,0.6642335766423357,-0.35036496350364965,0.5547445255474452,-0.31386861313868614,0.46715328467153283,-0.27007299270072993,0.7299270072992701,-0.16058394160583941,0.6934306569343066,-0.17518248175182483,0.5912408759124088,-0.15328467153284672,0.48905109489051096,-0.11678832116788321,0.7153284671532847,0.029197080291970802,0.7007299270072993,-0.0072992700729927005,0.6058394160583942,0.0072992700729927005,0.5182481751824818,0.029197080291970802
0,0.0,0.0,0.0,-0.3284671532846715,0.10948905109489052,-0.5912408759124088,0.24087591240875914,-0.8029197080291971,0.27007299270072993,-1.0,0.5766423357664233,-0.5985401459854015,0.5985401459854015,-0.5328467153284672,0.48175182481751827,-0.45985401459854014,0.38686131386861317,-0.43795620437956206,0.6861313868613139,-0.40145985401459855,0.6715328467153284,-0.35036496350364965,0.5474452554744526,-0.29927007299270075,0.45985401459854014,-0.26277372262773724,0.7226277372262774,-0.1897810218978102,0.7007299270072993,-0.16058394160583941,0.5985401459854015,-0.13138686131386862,0.49635036496350365,-0.10948905109489052,0.7153284671532847,0.0,0.708029197080292,0.021897810218978103,0.6058394160583942,0.0364963503649635,0.5109489051094891,0.043795620437956206
0,0.0,0.0,0.007142857142857143,-0.34285714285714286,0.11428571428571428,-0.6071428571428571,0.24285714285714285,-0.8142857142857143,0.2785714285714286,-1.0,0.5642857142857143,-0.5428571428571428,0.5928571428571429,-0.6071428571428571,0.4785714285714286,-0.5571428571428572,0.4,-0.5,0.6642857142857143,-0.35714285714285715,0.6785714285714286,-0.4357142857142857,0.5785714285714286,-0.40714285714285714,0.5,-0.34285714285714286,0.7,-0.17142857142857143,0.7214285714285714,-0.2571428571428571,0.6357142857142857,-0.2357142857142857,0.5428571428571428,-0.17857142857142858,0.7071428571428572,0.0,0.7357142857142858,-0.08571428571428572,0.65,-0.07857142857142857,0.5642857142857143,-0.03571428571428571
0,0.0,0.0,0.020833333333333332,-0.3194444444444444,0.125,-0.5902777777777778,0.2361111111111111,-0.8055555555555556,0.2638888888888889,-1.0,0.4930555555555556,-0.6180555555555556,0.7083333333333334,-0.5347222222222222,0.6597222222222222,-0.4236111111111111,0.5694444444444444,-0.3888888888888889,0.5833333333333334,-0.4444444444444444,0.75,-0.3402777777777778,0.6666666666666666,-0.2569444444444444,0.5555555555555556,-0.25,0.6388888888888888,-0.25,0.7638888888888888,-0.16666666666666666,0.6805555555555556,-0.1111111111111111,0.5625,-0.10416666666666667,0.6597222222222222,-0.05555555555555555,0.75,-0.006944444444444444,0.6597222222222222,0.027777777777777776,0.5625,0.027777777777777776
0,0.0,0.0,0.04895104895104895,-0.3076923076923077,0.15384615384615385,-0.5804195804195804,0.2517482517482518,-0.8111888111888111,0.2727272727272727,-1.0,0.4825174825174825,-0.6153846153846154,0.7342657342657343,-0.5384615384615384,0.6853146853146853,-0.42657342657342656,0.5874125874125874,-0.3986013986013986,0.5664335664335665,-0.43356643356643354,0.7832167832167832,-0.35664335664335667,0.7062937062937062,-0.26573426573426573,0.5874125874125874,-0.2517482517482518,0.6153846153846154,-0.23076923076923078,0.7902097902097902,-0.17482517482517482,0.7062937062937062,-0.11188811188811189,0.5944055944055944,-0.0979020979020979,0.6433566433566433,-0.027972027972027972,0.7832167832167832,-0.02097902097902098,0.6853146853146853,0.02097902097902098,0.5874125874125874,0.027972027972027972
0,0.0,0.0,0.06622516556291391,-0.26490066225165565,0.2052980132450331,-0.5761589403973509,0.26490066225165565,-0.8145695364238411,0.2185430463576159,-1.0,0.271523178807947,-0.6490066225165563,0.7019867549668874,-0.609271523178808,0.6158940397350994,-0.5165562913907285,0.48344370860927155,-0.5099337748344371,0.2847682119205298,-0.4966887417218543,0.7152317880794702,-0.4503311258278146,0.6225165562913907,-0.36423841059602646,0.48344370860927155,-0.36423841059602646,0.31125827814569534,-0.31125827814569534,0.7086092715231788,-0.2781456953642384,0.609271523178808,-0.2052980132450331,0.4768211920529801,-0.2119205298013245,0.3576158940397351,-0.11920529801324503,0.6821192052980133,-0.11920529801324503,0.5894039735099338,-0.059602649006622516,0.45695364238410596,-0.06622516556291391
0,0.0,0.0,0.10429447852760736,-0.24539877300613497,0.20245398773006135,-0.5766871165644172,0.2085889570552147,-0.8159509202453987,0.13496932515337423,-1.0,0.09815950920245399,-0.6809815950920245,0.5214723926380368,-0.6687116564417178,0.4601226993865031,-0.5644171779141104,0.3312883435582822,-0.5766871165644172,0.07975460122699386,-0.5460122699386503,0.5337423312883436,-0.50920245398773,0.44785276073619634,-0.4171779141104294,0.32515337423312884,-0.4294478527607362,0.09202453987730061,-0.37423312883435583,0.5214723926380368,-0.3374233128834356,0.4294478527607362,-0.26380368098159507,0.3128834355828221,-0.27607361963190186,0.13496932515337423,-0.19631901840490798,0.49079754601226994,-0.17791411042944785,0.4110429447852761,-0.12883435582822086,0.2883435582822086,-0.13496932515337423
0,0.0,0.0,0.1111111111111111,-0.27485380116959063,0.18128654970760233,-0.5847953216374269,0.2046783625730994,-0.8070175438596491,0.14619883040935672,-1.0,0.023391812865497075,-0.6608187134502924,0.4502923976608187,-0.6608187134502924,0.4269005847953216,-0.52046783625731,0.30994152046783624,-0.5029239766081871,0.0,-0.5029239766081871,0.45614035087719296,-0.49122807017543857,0.38596491228070173,-0.38011695906432746,0.2807017543859649,-0.3742690058479532,0.011695906432748537,-0.32748538011695905,0.43859649122807015,-0.3216374269005848,0.36257309941520466,-0.2222222222222222,0.26900584795321636,-0.2222222222222222,0.05847953216374269,-0.16374269005847952,0.40350877192982454,-0.1695906432748538,0.3567251461988304,-0.1111111111111111,0.2573099415204678,-0.1111111111111111
0,0.0,0.0,0.11363636363636363,-0.2784090909090909,0.1875,-0.5852272727272727,0.20454545454545456,-0.8011363636363636,0.1590909090909091,-1.0,0.017045454545454544,-0.6704545454545454,0.42045454545454547,-0.6704545454545454,0.39204545454545453,-0.5397727272727273,0.2840909090909091,-0.5284090909090909,0.0,-0.5227272727272727,0.4431818181818182,-0.5,0.36363636363636365,-0.3977272727272727,0.25,-0.39204545454545453,0.011363636363636364,-0.3465909090909091,0.42613636363636365,-0.32954545454545453,0.3409090909090909,-0.23295454545454544,0.24431818181818182,-0.23295454545454544,0.056818181818181816,-0.18181818181818182,0.3977272727272727,-0.18181818181818182,0.3409090909090909,-0.125,0.23295454545454544,-0.11931818181818182
0,0.0,0.0,0.11173184357541899,-0.2849162011173184,0.1787709497206704,-0.5921787709497207,0.2011173184357542,-0.8100558659217877,0.15083798882681565,-1.0,0.0111731843575419,-0.6480446927374302,0.39664804469273746,-0.6536312849162011,0.3743016759776536,-0.5307262569832403,0.2681564245810056,-0.5195530726256983,-0.0111731843575419,-0.4972067039106145,0.41899441340782123,-0.4860335195530726,0.3407821229050279,-0.39106145251396646,0.2346368715083799,-0.3854748603351955,0.0,-0.329608938547486,0.4022346368715084,-0.31843575418994413,0.31843575418994413,-0.2346368715083799,0.21787709497206703,-0.2346368715083799,0.03910614525139665,-0.17318435754189945,0.36312849162011174,-0.17318435754189945,0.30726256983240224,-0.12290502793296089,0.19553072625698323,-0.12290502793296089
0,0.0,0.0,0.12290502793296089,-0.29608938547486036,0.18435754189944134,-0.5921787709497207,0.19553072625698323,-0.8044692737430168,0.1564245810055866,-1.0,0.0111731843575419,-0.6536312849162011,0.39664804469273746,-0.664804469273743,0.37988826815642457,-0.5363128491620112,0.27932960893854747,-0.5027932960893855,-0.01675977653631285,-0.49162011173184356,0.4134078212290503,-0.4972067039106145,0.3407821229050279,-0.39106145251396646,0.2346368715083799,-0.3743016759776536,-0.0111731843575419,-0.31843575418994413,0.39664804469273746,-0.33519553072625696,0.3128491620111732,-0.24581005586592178,0.21787709497206703,-0.2346368715083799,0.0223463687150838,-0.1564245810055866,0.36312849162011174,-0.18435754189944134,0.3016759776536313,-0.13966480446927373,0.2011173184357542,-0.12849162011173185
0,0.0,0.0,0.11274509803921569,-0.28921568627450983,0.1568627450980392,-0.5931372549019608,0.15196078431372548,-0.8235294117647058,0.08823529411764706,-1.0,-0.04411764705882353,-0.6323529411764706,0.2647058823529412,-0.7107843137254902,0.24509803921568626,-0.5784313725490197,0.14215686274509803,-0.5441176470588235,-0.0784313725490196,-0.4803921568627451,0.28921568627450983,-0.5294117647058824,0.24019607843137256,-0.4264705882352941,0.1323529411764706,-0.4019607843137255,-0.07352941176470588,-0.3235294117647059,0.27941176470588236,-0.36764705882352944,0.22058823529411764,-0.28431372549019607,0.12745098039215685,-0.2647058823529412,-0.0392156862745098,-0.17647058823529413,0.23039215686274508,-0.22058823529411764,0.18627450980392157,-0.16666666666666666,0.08823529411764706,-0.14215686274509803
0,0.0,0.0,0.06369426751592357,-0.24203821656050956,0.0,-0.5477707006369427,-0.11464968152866242,-0.7707006369426752,-0.2611464968152866,-0.9235668789808917,0.03821656050955414,-0.5477707006369427,-0.12738853503184713,-0.7707006369426752,-0.2356687898089172,-0.89171974522293,-0.33121019108280253,-1.0,-0.03184713375796178,-0.42038216560509556,-0.18471337579617833,-0.6178343949044586,-0.28662420382165604,-0.6942675159235668,-0.3630573248407643,-0.7643312101910829,-0.10191082802547771,-0.2611464968152866,-0.24203821656050956,-0.43312101910828027,-0.33121019108280253,-0.47770700636942676,-0.39490445859872614,-0.5095541401273885,-0.18471337579617833,-0.09554140127388536,-0.3057324840764331,-0.21019108280254778,-0.3375796178343949,-0.21019108280254778,-0.3630573248407643,-0.19745222929936307
0,0.0,0.0,0.041666666666666664,-0.26785714285714285,-0.15476190476190477,-0.5952380952380952,-0.3333333333333333,-0.8035714285714286,-0.43452380952380953,-1.0,-0.5595238095238095,-0.625,-0.47619047619047616,-0.6904761904761905,-0.2916666666666667,-0.5714285714285714,-0.17261904761904762,-0.4583333333333333,-0.6547619047619048,-0.4523809523809524,-0.5178571428571429,-0.49404761904761907,-0.2857142857142857,-0.38095238095238093,-0.14285714285714285,-0.2857142857142857,-0.6845238095238095,-0.24404761904761904,-0.5297619047619048,-0.2916666666666667,-0.2976190476190476,-0.21428571428571427,-0.18452380952380953,-0.14285714285714285,-0.6607142857142857,-0.041666666666666664,-0.5595238095238095,-0.1130952380952381,-0.39285714285714285,-0.08333333333333333,-0.32142857142857145,-0.02976190476190476
0,0.0,0.0,-0.033783783783783786,-0.30405405405405406,-0.2702702702702703,-0.6013513513513513,-0.47297297297297297,-0.7837837837837838,-0.6013513513513513,-1.0,-0.6959459459459459,-0.5743243243243243,-0.5202702702702703,-0.5472972972972973,-0.3108108108108108,-0.44594594594594594,-0.18243243243243243,-0.3783783783783784,-0.777027027027027,-0.35135135135135137,-0.5472972972972973,-0.3310810810810811,-0.31756756756756754,-0.2635135135135135,-0.16891891891891891,-0.20270270270270271,-0.7837837837837838,-0.11486486486486487,-0.581081081081081,-0.12162162162162163,-0.36486486486486486,-0.08783783783783784,-0.22972972972972974,-0.0472972972972973,-0.7432432432432432,0.10135135135135136,-0.5878378378378378,0.07432432432432433,-0.39864864864864863,0.08783783783783784,-0.30405405405405406,0.11486486486486487
0,0.0,0.0,0.014705882352941176,-0.33088235294117646,-0.1323529411764706,-0.6176470588235294,-0.3088235294117647,-0.8088235294117647,-0.4632352941176471,-1.0,-0.6544117647058824,-0.49264705882352944,-0.38235294117647056,-0.5735294117647058,-0.1323529411764706,-0.4485294117647059,0.04411764705882353,-0.3235294117647059,-0.7058823529411765,-0.22794117647058823,-0.36764705882352944,-0.3088235294117647,-0.10294117647058823,-0.22794117647058823,0.04411764705882353,-0.15441176470588236,-0.6691176470588235,0.022058823529411766,-0.35294117647058826,-0.058823529411764705,-0.125,-0.014705882352941176,-0.014705882352941176,0.04411764705882353,-0.5882352941176471,0.25735294117647056,-0.36764705882352944,0.18382352941176472,-0.22058823529411764,0.17647058823529413,-0.16911764705882354,0.20588235294117646
0,0.0,0.0,-0.025,-0.35,-0.2625,-0.6375,-0.4875,-0.8125,-0.64375,-1.0,-0.76875,-0.50625,-0.6,-0.59375,-0.38125,-0.5125,-0.24375,-0.43125,-0.8125,-0.29375,-0.58125,-0.40625,-0.35625,-0.35625,-0.20625,-0.3125,-0.775,-0.09375,-0.53125,-0.1875,-0.33125,-0.175,-0.21875,-0.1625,-0.6875,0.09375,-0.49375,0.00625,-0.34375,-0.00625,-0.2875,-0.00625
0,0.0,0.0,-0.0547945205479452,-0.3356164383561644,-0.3356164383561644,-0.6164383561643836,-0.5821917808219178,-0.8013698630136986,-0.7602739726027398,-1.0,-0.8561643835616438,-0.4794520547945205,-0.6438356164383562,-0.5205479452054794,-0.4246575342465753,-0.4520547945205479,-0.273972602739726,-0.3835616438356164,-0.8972602739726028,-0.23972602739726026,-0.6164383561643836,-0.3082191780821918,-0.3767123287671233,-0.273972602739726,-0.22602739726027396,-0.2534246575342466,-0.8493150684931506,-0.02054794520547945,-0.5684931506849316,-0.0821917808219178,-0.3561643835616438,-0.10273972602739725,-0.22602739726027396,-0.1095890410958904,-0.7397260273972602,0.1780821917808219,-0.541095890410959,0.1232876712328767,-0.3767123287671233,0.0821917808219178,-0.2945205479452055,0.06164383561643835
0,0.0,0.0,-0.06293706293706294,-0.34265734265734266,-0.34265734265734266,-0.6153846153846154,-0.5944055944055944,-0.7902097902097902,-0.7762237762237763,-1.0,-0.8601398601398601,-0.46153846153846156,-0.6433566433566433,-0.46853146853146854,-0.4195804195804196,-0.40559440559440557,-0.2727272727272727,-0.34965034965034963,-0.9020979020979021,-0.21678321678321677,-0.6153846153846154,-0.23776223776223776,-0.3776223776223776,-0.23076923076923078,-0.21678321678321677,-0.23076923076923078,-0.8601398601398601,0.006993006993006993,-0.5524475524475524,-0.02097902097902098,-0.34965034965034963,-0.04895104895104895,-0.22377622377622378,-0.08391608391608392,-0.7692307692307693,0.20279720279720279,-0.5384615384615384,0.16783216783216784,-0.35664335664335667,0.1258741258741259,-0.25874125874125875,0.08391608391608392
0,0.0,0.0,-0.052980132450331126,-0.36423841059602646,-0.32450331125827814,-0.6291390728476821,-0.5695364238410596,-0.8013245033112583,-0.7350993377483444,-1.0,-0.8344370860927153,-0.4105960264900662,-0.6357615894039735,-0.4503311258278146,-0.4304635761589404,-0.41721854304635764,-0.31788079470198677,-0.39072847682119205,-0.8410596026490066,-0.18543046357615894,-0.5894039735099338,-0.25165562913907286,-0.37748344370860926,-0.271523178807947,-0.25165562913907286,-0.271523178807947,-0.7748344370860927,0.006622516556291391,-0.5298013245033113,-0.052980132450331126,-0.33774834437086093,-0.11258278145695365,-0.2251655629139073,-0.1390728476821192,-0.6622516556291391,0.152317880794702,-0.48344370860927155,0.09933774834437085,-0.31788079470198677,0.026490066225165563,-0.2052980132450331,-0.033112582781456956
0,0.0,0.0,-0.06097560975609756,-0.31097560975609756,-0.27439024390243905,-0.573170731707317,-0.4573170731707317,-0.774390243902439,-0.573170731707317,-1.0,-0.7621951219512195,-0.34146341463414637,-0.5426829268292683,-0.21951219512195122,-0.3719512195121951,-0.21341463414634146,-0.31097560975609756,-0.25609756097560976,-0.7987804878048781,-0.12195121951219512,-0.5,-0.024390243902439025,-0.3170731707317073,-0.09146341463414634,-0.22560975609756098,-0.17682926829268292,-0.7560975609756098,0.06707317073170732,-0.4634146341463415,0.12804878048780488,-0.3048780487804878,0.03048780487804878,-0.21951219512195122,-0.06097560975609756,-0.676829268292683,0.17682926829268292,-0.4634146341463415,0.17682926829268292,-0.3048780487804878,0.1524390243902439,-0.21951219512195122,0.06707317073170732
0,0.0,0.0,-0.040697674418604654,-0.3023255813953488,-0.22093023255813954,-0.5697674418604651,-0.38372093023255816,-0.7732558139534884,-0.48255813953488375,-1.0,-0.6802325581395349,-0.32558139534883723,-0.45930232558139533,-0.19767441860465115,-0.27906976744186046,-0.20348837209302326,-0.23837209302325582,-0.25,-0.7151162790697675,-0.11627906976744186,-0.436046511627907,-0.011627906976744186,-0.2616279069767442,-0.08139534883720931,-0.20930232558139536,-0.1511627906976744,-0.6744186046511628,0.05232558139534884,-0.4186046511627907,0.12209302325581395,-0.2616279069767442,0.03488372093023256,-0.20348837209302326,-0.046511627906976744,-0.6104651162790697,0.12790697674418605,-0.436046511627907,0.12790697674418605,-0.29651162790697677,0.12790697674418605,-0.23255813953488372,0.09883720930232558
0,0.0,0.0,0.022222222222222223,-0.29444444444444445,-0.08888888888888889,-0.5611111111111111,-0.18888888888888888,-0.7833333333333333,-0.24444444444444444,-1.0,-0.5055555555555555,-0.36666666666666664,-0.2222222222222222,-0.25,-0.09444444444444444,-0.25555555555555554,-0.1,-0.3111111111111111,-0.5722222222222222,-0.15555555555555556,-0.2388888888888889,-0.06111111111111111,-0.12222222222222222,-0.10555555555555556,-0.12222222222222222,-0.16111111111111112,-0.5611111111111111,0.027777777777777776,-0.26666666666666666,0.03888888888888889,-0.16666666666666666,0.03888888888888889,-0.16111111111111112,-0.005555555555555556,-0.5166666666666667,0.03888888888888889,-0.3388888888888889,0.03888888888888889,-0.2388888888888889,0.03888888888888889,-0.2111111111111111,0.03888888888888889
0,0.0,0.0,0.050314465408805034,-0.27672955974842767,-0.06918238993710692,-0.5471698113207547,-0.1761006289308176,-0.7735849056603774,-0.2641509433962264,-1.0,-0.4968553459119497,-0.31446540880503143,-0.16352201257861634,-0.15723270440251572,-0.050314465408805034,-0.1761006289308176,-0.08176100628930817,-0.24528301886792453,-0.559748427672956,-0.09433962264150944,-0.1320754716981132,0.025157232704402517,-0.03773584905660377,-0.03773584905660377,-0.06918238993710692,-0.11320754716981132,-0.5408805031446541,0.09433962264150944,-0.15723270440251572,0.10062893081761007,-0.07547169811320754,0.10062893081761007,-0.11949685534591195,0.06918238993710692,-0.4779874213836478,0.10062893081761007,-0.22012578616352202,0.10062893081761007,-0.13836477987421383,0.10062893081761007,-0.1509433962264151,0.10062893081761007
0,0.0,0.0,0.09090909090909091,-0.2012987012987013,0.045454545454545456,-0.5064935064935064,-0.05194805194805195,-0.7402597402597403,-0.13636363636363635,-1.0,-0.2792207792207792,-0.2532467532467532,-0.012987012987012988,-0.08441558441558442,0.09090909090909091,-0.006493506493506494,0.09740259740259741,0.0,-0.36363636363636365,0.0,-0.01948051948051948,0.0,0.09740259740259741,0.0,0.14285714285714285,0.0,-0.37662337662337664,0.0,-0.1038961038961039,0.0,-0.012987012987012988,0.0,0.012987012987012988,0.0,-0.35064935064935066,0.0,-0.19480519480519481,0.0,-0.11038961038961038,0.0,-0.07792207792207792,0.0
0,0.0,0.0,0.16447368421052633,-0.16447368421052633,0.18421052631578946,-0.48026315789473684,0.11842105263157894,-0.7368421052631579,0.05263157894736842,-1.0,-0.1118421052631579,-0.3223684210526316,0.19078947368421054,-0.1118421052631579,0.2565789473684211,-0.02631578947368421,0.2236842105263158,0.0,-0.25,-0.07236842105263158,0.09210526315789473,0.0,0.14473684210526316,0.0,0.13157894736842105,0.0,-0.3355263157894737,0.0,-0.10526315789473684,0.0,-0.08552631578947369,0.0,-0.125,0.0,-0.3815789473684211,0.0,-0.3092105263157895,0.0,-0.3026315789473684,0.0,-0.32894736842105265,0.0
0,0.0,0.0,0.14545454545454545,-0.21212121212121213,0.16363636363636364,-0.49696969696969695,0.13333333333333333,-0.7636363636363637,0.10303030303030303,-1.0,-0.05454545454545454,-0.43636363636363634,0.21212121212121213,-0.3090909090909091,0.20606060606060606,-0.2787878787878788,0.14545454545454545,-0.2727272727272727,-0.24848484848484848,-0.24848484848484848,0.21212121212121213,-0.048484848484848485,0.23636363636363636,0.0,0.16363636363636364,0.0,-0.34545454545454546,-0.06060606060606061,0.03636363636363636,0.0,0.024242424242424242,0.0,-0.07878787878787878,0.0,-0.38181818181818183,0.0,-0.14545454545454545,0.0,-0.13333333333333333,0.0,-0.19393939393939394,0.0
0,0.0,0.0,0.15328467153284672,-0.24087591240875914,0.24087591240875914,-0.5182481751824818,0.26277372262773724,-0.7591240875912408,0.27007299270072993,-1.0,-0.145985401459854,-0.46715328467153283,0.10948905109489052,-0.38686131386861317,0.15328467153284672,-0.4306569343065693,0.1678832116788321,-0.48905109489051096,-0.31386861313868614,-0.22627737226277372,0.1678832116788321,-0.014598540145985401,0.19708029197080293,-0.014598540145985401,0.13138686131386862,-0.0364963503649635,-0.38686131386861317,0.021897810218978103,0.043795620437956206,0.19708029197080293,0.021897810218978103,0.19708029197080293,-0.08029197080291971,0.19708029197080293,-0.40875912408759124,0.19708029197080293,-0.10948905109489052,0.19708029197080293,-0.11678832116788321,0.19708029197080293,-0.2116788321167883,0.19708029197080293
0,0.0,0.0,0.3262411347517731,-0.07092198581560284,0.6524822695035462,-0.04964539007092199,0.851063829787234,-0.14893617021276595,1.0,-0.3475177304964539,0.425531914893617,0.24822695035460993,0.7872340425531915,0.6595744680851063,0.7446808510638298,0.46099290780141844,0.6382978723404256,0.2978723404255319,0.2127659574468085,0.41843971631205673,0.624113475177305,0.7659574468085106,0.5886524822695035,0.6099290780141844,0.475177304964539,0.45390070921985815,0.04964539007092199,0.5460992907801419,0.44680851063829785,0.851063829787234,0.3971631205673759,0.7163120567375887,0.28368794326241137,0.5815602836879432,-0.04964539007092199,0.6524822695035462,0.2624113475177305,0.8936170212765957,0.2198581560283688,0.7730496453900709,0.12056737588652482,0.6382978723404256
0,0.0,0.0,0.34104046242774566,0.011560693641618497,0.6184971098265896,0.08670520231213873,0.8265895953757225,0.046242774566473986,1.0,-0.057803468208092484,0.3872832369942196,0.3583815028901734,0.6589595375722543,0.7456647398843931,0.6358381502890174,0.5838150289017341,0.5491329479768786,0.43352601156069365,0.17341040462427745,0.4913294797687861,0.5086705202312138,0.8323699421965318,0.5028901734104047,0.6936416184971098,0.41040462427745666,0.5664739884393064,0.011560693641618497,0.5780346820809249,0.3468208092485549,0.8901734104046243,0.3468208092485549,0.7687861271676301,0.26011560693641617,0.6589595375722543,-0.08092485549132948,0.6416184971098265,0.18497109826589594,0.8728323699421965,0.2023121387283237,0.7745664739884393,0.12716763005780346,0.6705202312138728
0,0.0,0.0,0.3230769230769231,0.035897435897435895,0.6051282051282051,0.11282051282051282,0.8153846153846154,0.09743589743589744,1.0,0.020512820512820513,0.37948717948717947,0.3333333333333333,0.5846153846153846,0.6717948717948717,0.558974358974359,0.5230769230769231,0.48717948717948717,0.4,0.16923076923076924,0.4307692307692308,0.4153846153846154,0.7282051282051282,0.4153846153846154,0.6102564102564103,0.3487179487179487,0.49230769230769234,0.015384615384615385,0.5025641025641026,0.2564102564102564,0.7692307692307693,0.2564102564102564,0.6717948717948717,0.19487179487179487,0.5692307692307692,-0.08717948717948718,0.5641025641025641,0.1076923076923077,0.7794871794871795,0.11794871794871795,0.6974358974358974,0.06666666666666667,0.6
0,0.0,0.0,0.30939226519337015,0.027624309392265192,0.5966850828729282,0.08287292817679558,0.8176795580110497,0.04419889502762431,1.0,-0.03867403314917127,0.4198895027624309,0.3259668508287293,0.6022099447513812,0.6961325966850829,0.6022099447513812,0.5524861878453039,0.5580110497237569,0.4143646408839779,0.22099447513812154,0.4198895027624309,0.4419889502762431,0.7348066298342542,0.4530386740331492,0.6132596685082873,0.39226519337016574,0.4972375690607735,0.055248618784530384,0.48066298342541436,0.27071823204419887,0.7403314917127072,0.281767955801105,0.6464088397790055,0.2265193370165746,0.5414364640883977,-0.055248618784530384,0.5359116022099447,0.13259668508287292,0.7348066298342542,0.14917127071823205,0.6464088397790055,0.09392265193370165,0.56353591160221
0,0.0,0.0,0.296875,-0.03125,0.59375,0.010416666666666666,0.8177083333333334,-0.046875,1.0,-0.15625,0.546875,0.25,0.6927083333333334,0.5729166666666666,0.6510416666666666,0.4583333333333333,0.5989583333333334,0.328125,0.3645833333333333,0.3541666666666667,0.5260416666666666,0.6302083333333334,0.515625,0.53125,0.4583333333333333,0.4166666666666667,0.19791666666666666,0.4322916666666667,0.359375,0.6510416666666666,0.3489583333333333,0.5729166666666666,0.2916666666666667,0.4739583333333333,0.06770833333333333,0.4947916666666667,0.21875,0.65625,0.20833333333333334,0.5833333333333334,0.15104166666666666,0.5052083333333334
0,0.0,0.0,0.30256410256410254,-0.06666666666666667,0.6256410256410256,-0.05641025641025641,0.8461538461538461,-0.12307692307692308,1.0,-0.23076923076923078,0.676923076923077,0.15384615384615385,0.8051282051282052,0.4564102564102564,0.717948717948718,0.38974358974358975,0.6512820512820513,0.2717948717948718,0.5230769230769231,0.26666666666666666,0.6410256410256411,0.5230769230769231,0.5743589743589743,0.4564102564102564,0.5128205128205128,0.358974358974359,0.358974358974359,0.3641025641025641,0.4717948717948718,0.558974358974359,0.41025641025641024,0.5025641025641026,0.3487179487179487,0.41025641025641024,0.21025641025641026,0.4512820512820513,0.3128205128205128,0.5846153846153846,0.26666666666666666,0.5230769230769231,0.2153846153846154,0.4512820512820513
0,0.0,0.0,0.3020833333333333,-0.09375,0.6302083333333334,-0.109375,0.8489583333333334,-0.19270833333333334,1.0,-0.3125,0.703125,0.11979166666666667,0.8229166666666666,0.421875,0.7291666666666666,0.3541666666666667,0.6666666666666666,0.25,0.546875,0.24479166666666666,0.671875,0.4947916666666667,0.5989583333333334,0.421875,0.5416666666666666,0.3229166666666667,0.3854166666666667,0.3541666666666667,0.515625,0.5364583333333334,0.453125,0.46875,0.390625,0.3854166666666667,0.234375,0.4427083333333333,0.359375,0.5520833333333334,0.3020833333333333,0.4947916666666667,0.24479166666666666,0.4322916666666667
0,0.0,0.0,0.29518072289156627,-0.1746987951807229,0.6385542168674698,-0.28313253012048195,0.8614457831325302,-0.41566265060240964,1.0,-0.5843373493975904,0.8373493975903614,-0.04819277108433735,0.9879518072289156,0.2469879518072289,0.8674698795180723,0.22289156626506024,0.7771084337349398,0.12048192771084337,0.7048192771084337,0.12650602409638553,0.8493975903614458,0.39156626506024095,0.7469879518072289,0.3493975903614458,0.6566265060240963,0.25301204819277107,0.5542168674698795,0.29518072289156627,0.6927710843373494,0.5060240963855421,0.5963855421686747,0.4578313253012048,0.5060240963855421,0.3614457831325301,0.40963855421686746,0.4397590361445783,0.5481927710843374,0.5843373493975904,0.463855421686747,0.5240963855421686,0.3855421686746988,0.4457831325301205
0,0.0,0.0,0.25308641975308643,-0.21604938271604937,0.5555555555555556,-0.3765432098765432,0.7469135802469136,-0.5432098765432098,0.8395061728395061,-0.7283950617283951,0.8641975308641975,-0.16666666666666666,1.0,0.14814814814814814,0.8641975308641975,0.14814814814814814,0.7654320987654321,0.06790123456790123,0.7777777777777778,0.018518518518518517,0.8765432098765432,0.29012345679012347,0.7530864197530864,0.2716049382716049,0.6604938271604939,0.18518518518518517,0.654320987654321,0.2037037037037037,0.7345679012345679,0.4012345679012346,0.6296296296296297,0.3765432098765432,0.5370370370370371,0.29012345679012347,0.5308641975308642,0.37037037037037035,0.6049382716049383,0.49382716049382713,0.5123456790123457,0.4567901234567901,0.4382716049382716,0.3888888888888889
0,0.0,0.0,0.24050632911392406,-0.23417721518987342,0.5316455696202531,-0.4177215189873418,0.7088607594936709,-0.5949367088607594,0.8037974683544303,-0.7848101265822784,0.8670886075949367,-0.21518987341772153,1.0,0.08860759493670886,0.8670886075949367,0.0949367088607595,0.7658227848101266,0.006329113924050633,0.7911392405063291,-0.0189873417721519,0.8860759493670886,0.23417721518987342,0.759493670886076,0.21518987341772153,0.6645569620253164,0.13291139240506328,0.6772151898734177,0.17721518987341772,0.759493670886076,0.36075949367088606,0.6518987341772152,0.33544303797468356,0.5506329113924051,0.25316455696202533,0.5632911392405063,0.34810126582278483,0.6392405063291139,0.4620253164556962,0.5379746835443038,0.43037974683544306,0.45569620253164556,0.35443037974683544
0,0.0,0.0,0.2,-0.2896551724137931,0.4482758620689655,-0.5172413793103449,0.6068965517241379,-0.7172413793103448,0.6620689655172414,-0.9172413793103448,0.8689655172413793,-0.36551724137931035,1.0,-0.11724137931034483,0.8413793103448276,-0.09655172413793103,0.7172413793103448,-0.15862068965517243,0.8206896551724138,-0.13793103448275862,0.9586206896551724,0.06206896551724138,0.8137931034482758,0.05517241379310345,0.6758620689655173,0.0,0.7310344827586207,0.0896551724137931,0.8689655172413793,0.22758620689655173,0.7448275862068966,0.21379310344827587,0.6068965517241379,0.15862068965517243,0.6344827586206897,0.2827586206896552,0.7586206896551724,0.35172413793103446,0.6413793103448275,0.3310344827586207,0.5310344827586206,0.2896551724137931
0,0.0,0.0,0.07006369426751592,-0.3057324840764331,0.15286624203821655,-0.5605095541401274,0.17834394904458598,-0.7961783439490446,0.12738853503184713,-1.0,0.5732484076433121,-0.5668789808917197,0.7515923566878981,-0.43312101910828027,0.6624203821656051,-0.34394904458598724,0.554140127388535,-0.33121019108280253,0.6560509554140127,-0.3630573248407643,0.7515923566878981,-0.25477707006369427,0.6369426751592356,-0.20382165605095542,0.5159235668789809,-0.21019108280254778,0.6687898089171974,-0.14012738853503184,0.6942675159235668,-0.08280254777070063,0.5987261146496815,-0.044585987261146494,0.4840764331210191,-0.044585987261146494,0.6560509554140127,0.06369426751592357,0.643312101910828,0.10191082802547771,0.5414012738853503,0.12101910828025478,0.445859872611465,0.10828025477707007
0,0.0,0.0,-0.023809523809523808,-0.30952380952380953,0.005952380952380952,-0.5833333333333334,-0.005952380952380952,-0.8154761904761905,-0.07142857142857142,-1.0,0.43452380952380953,-0.6607142857142857,0.5178571428571429,-0.5714285714285714,0.43452380952380953,-0.48214285714285715,0.3392857142857143,-0.4523809523809524,0.5535714285714286,-0.4880952380952381,0.5892857142857143,-0.4107142857142857,0.48214285714285715,-0.35119047619047616,0.3869047619047619,-0.32142857142857145,0.6130952380952381,-0.2916666666666667,0.6011904761904762,-0.25,0.5119047619047619,-0.20238095238095238,0.4166666666666667,-0.17261904761904762,0.6369047619047619,-0.10714285714285714,0.6071428571428571,-0.08928571428571429,0.5119047619047619,-0.05357142857142857,0.42857142857142855,-0.03571428571428571
0,0.0,0.0,-0.05952380952380952,-0.30952380952380953,-0.07738095238095238,-0.5892857142857143,-0.13690476190476192,-0.8333333333333334,-0.25595238095238093,-1.0,0.3392857142857143,-0.7440476190476191,0.47619047619047616,-0.6607142857142857,0.4166666666666667,-0.5535714285714286,0.3273809523809524,-0.5059523809523809,0.4880952380952381,-0.6071428571428571,0.5714285714285714,-0.5119047619047619,0.48214285714285715,-0.42857142857142855,0.38095238095238093,-0.3869047619047619,0.5773809523809523,-0.4226190476190476,0.6071428571428571,-0.35714285714285715,0.5297619047619048,-0.2976190476190476,0.42857142857142855,-0.26785714285714285,0.6369047619047619,-0.25,0.6309523809523809,-0.20833333333333334,0.5476190476190477,-0.15476190476190477,0.4583333333333333,-0.13690476190476192
0,0.0,0.0,-0.13836477987421383,-0.32075471698113206,-0.20754716981132076,-0.6163522012578616,-0.31446540880503143,-0.8427672955974843,-0.4591194968553459,-1.0,0.25157232704402516,-0.8050314465408805,0.2578616352201258,-0.7169811320754716,0.20125786163522014,-0.610062893081761,0.13836477987421383,-0.5471698113207547,0.44025157232704404,-0.6666666666666666,0.389937106918239,-0.5849056603773585,0.31446540880503143,-0.5031446540880503,0.25157232704402516,-0.44025157232704404,0.5534591194968553,-0.48427672955974843,0.46540880503144655,-0.4339622641509434,0.39622641509433965,-0.37735849056603776,0.32075471698113206,-0.32075471698113206,0.6163522012578616,-0.31446540880503143,0.5534591194968553,-0.2893081761006289,0.48427672955974843,-0.24528301886792453,0.41509433962264153,-0.20125786163522014
0,0.0,0.0,-0.1875,-0.3125,-0.3125,-0.6111111111111112,-0.4583333333333333,-0.8402777777777778,-0.6319444444444444,-1.0,0.11805555555555555,-0.8888888888888888,0.2222222222222222,-0.8680555555555556,0.19444444444444445,-0.7430555555555556,0.1388888888888889,-0.6597222222222222,0.3333333333333333,-0.7777777777777778,0.3819444444444444,-0.7013888888888888,0.3125,-0.5902777777777778,0.22916666666666666,-0.5138888888888888,0.4930555555555556,-0.6111111111111112,0.4722222222222222,-0.5347222222222222,0.4097222222222222,-0.4444444444444444,0.3263888888888889,-0.375,0.6111111111111112,-0.4375,0.5902777777777778,-0.3958333333333333,0.5277777777777778,-0.3194444444444444,0.4583333333333333,-0.2569444444444444
0,0.0,0.0,-0.20279720279720279,-0.3356643356643357,-0.32167832167832167,-0.6223776223776224,-0.46853146853146854,-0.8531468531468531,-0.6293706293706294,-1.0,0.14685314685314685,-0.9230769230769231,0.24475524475524477,-0.9090909090909091,0.2097902097902098,-0.7832167832167832,0.14685314685314685,-0.6993006993006993,0.36363636363636365,-0.8041958041958042,0.40559440559440557,-0.7552447552447552,0.34265734265734266,-0.6433566433566433,0.26573426573426573,-0.5594405594405595,0.5174825174825175,-0.6293706293706294,0.4965034965034965,-0.5874125874125874,0.4405594405594406,-0.5034965034965035,0.35664335664335667,-0.4195804195804196,0.6223776223776224,-0.45454545454545453,0.5944055944055944,-0.4405594405594406,0.5244755244755245,-0.36363636363636365,0.44755244755244755,-0.3006993006993007
0,0.0,0.0,-0.16447368421052633,-0.34868421052631576,-0.25,-0.6381578947368421,-0.375,-0.8618421052631579,-0.5394736842105263,-1.0,0.17763157894736842,-0.8947368421052632,0.3618421052631579,-0.8881578947368421,0.32894736842105265,-0.7697368421052632,0.2565789473684211,-0.7105263157894737,0.375,-0.7697368421052632,0.4868421052631579,-0.7368421052631579,0.42105263157894735,-0.631578947368421,0.3355263157894737,-0.5592105263157895,0.5131578947368421,-0.5921052631578947,0.5592105263157895,-0.5789473684210527,0.5,-0.4934210526315789,0.40789473684210525,-0.4276315789473684,0.618421052631579,-0.4144736842105263,0.6381578947368421,-0.4144736842105263,0.5592105263157895,-0.34210526315789475,0.47368421052631576,-0.28289473684210525
0,0.0,0.0,-0.12101910828025478,-0.34394904458598724,-0.17834394904458598,-0.6242038216560509,-0.27388535031847133,-0.8471337579617835,-0.42038216560509556,-1.0,0.25477707006369427,-0.8280254777070064,0.445859872611465,-0.8152866242038217,0.43312101910828027,-0.7070063694267515,0.3630573248407643,-0.6496815286624203,0.43312101910828027,-0.6942675159235668,0.554140127388535,-0.6305732484076433,0.4840764331210191,-0.535031847133758,0.3821656050955414,-0.47770700636942676,0.5605095541401274,-0.5095541401273885,0.6050955414012739,-0.4713375796178344,0.5414012738853503,-0.39490445859872614,0.4394904458598726,-0.34394904458598724,0.643312101910828,-0.33121019108280253,0.6560509554140127,-0.29936305732484075,0.5796178343949044,-0.2356687898089172,0.4840764331210191,-0.20382165605095542
0,0.0,0.0,-0.04216867469879518,-0.3313253012048193,-0.060240963855421686,-0.608433734939759,-0.12650602409638553,-0.8373493975903614,-0.2469879518072289,-1.0,0.3674698795180723,-0.7590361445783133,0.5903614457831325,-0.7168674698795181,0.5542168674698795,-0.5963855421686747,0.4578313253012048,-0.5542168674698795,0.5120481927710844,-0.6144578313253012,0.6626506024096386,-0.5301204819277109,0.5903614457831325,-0.43373493975903615,0.463855421686747,-0.39759036144578314,0.6024096385542169,-0.42771084337349397,0.6927710843373494,-0.35542168674698793,0.6144578313253012,-0.28313253012048195,0.5,-0.25903614457831325,0.6686746987951807,-0.24096385542168675,0.7168674698795181,-0.18072289156626506,0.6204819277108434,-0.13253012048192772,0.5120481927710844,-0.12650602409638553
0,0.0,0.0,0.01744186046511628,-0.313953488372093,0.040697674418604654,-0.6104651162790697,0.0,-0.8372093023255814,-0.09883720930232558,-1.0,0.47093023255813954,-0.6569767441860465,0.6627906976744186,-0.6104651162790697,0.6337209302325582,-0.5174418604651163,0.5465116279069767,-0.46511627906976744,0.5755813953488372,-0.4941860465116279,0.7093023255813954,-0.4186046511627907,0.6395348837209303,-0.3372093023255814,0.5232558139534884,-0.3081395348837209,0.6395348837209303,-0.3081395348837209,0.7151162790697675,-0.2558139534883721,0.6453488372093024,-0.19767441860465115,0.5406976744186046,-0.18023255813953487,0.6744186046511628,-0.13372093023255813,0.7151162790697675,-0.09302325581395349,0.6337209302325582,-0.05813953488372093,0.5406976744186046,-0.05813953488372093
0,0.0,0.0,0.12790697674418605,-0.31976744186046513,0.2441860465116279,-0.563953488372093,0.2616279069767442,-0.8023255813953488,0.20348837209302326,-1.0,0.6686046511627907,-0.5174418604651163,0.8546511627906976,-0.4127906976744186,0.7732558139534884,-0.3313953488372093,0.6744186046511628,-0.3313953488372093,0.7267441860465116,-0.3023255813953488,0.8488372093023255,-0.23255813953488372,0.7558139534883721,-0.18604651162790697,0.6395348837209303,-0.18604651162790697,0.7151162790697675,-0.0872093023255814,0.7906976744186046,-0.05813953488372093,0.7151162790697675,-0.029069767441860465,0.5988372093023255,-0.029069767441860465,0.686046511627907,0.09883720930232558,0.7325581395348837,0.09302325581395349,0.6511627906976745,0.10465116279069768,0.5523255813953488,0.10465116279069768
0,0.0,0.0,0.19480519480519481,-0.2792207792207792,0.38961038961038963,-0.525974025974026,0.461038961038961,-0.7727272727272727,0.44805194805194803,-1.0,0.8571428571428571,-0.2987012987012987,0.961038961038961,-0.16233766233766234,0.8571428571428571,-0.13636363636363635,0.7467532467532467,-0.16883116883116883,0.8441558441558441,-0.07142857142857142,0.8571428571428571,0.032467532467532464,0.7402597402597403,0.032467532467532464,0.6168831168831169,0.0,0.7532467532467533,0.14285714285714285,0.7597402597402597,0.19480519480519481,0.6623376623376623,0.18831168831168832,0.551948051948052,0.15584415584415584,0.6428571428571429,0.3051948051948052,0.6493506493506493,0.3051948051948052,0.564935064935065,0.3051948051948052,0.4805194805194805,0.2792207792207792
0,0.0,0.0,0.23529411764705882,-0.3006535947712418,0.46405228758169936,-0.5098039215686274,0.6209150326797386,-0.7254901960784313,0.6993464052287581,-0.9411764705882353,0.8954248366013072,-0.1503267973856209,1.0,-0.0392156862745098,0.8562091503267973,-0.06535947712418301,0.7647058823529411,-0.1111111111111111,0.8431372549019608,0.058823529411764705,0.954248366013072,0.09803921568627451,0.8431372549019608,0.058823529411764705,0.7254901960784313,0.0196078431372549,0.7320261437908496,0.20261437908496732,0.8562091503267973,0.20915032679738563,0.7581699346405228,0.1830065359477124,0.6535947712418301,0.1437908496732026,0.6209150326797386,0.20915032679738563,0.7450980392156863,0.20915032679738563,0.6666666666666666,0.20915032679738563,0.5816993464052288,0.20915032679738563
0,0.0,0.0,0.2191780821917808,-0.2876712328767123,0.4657534246575342,-0.4931506849315068,0.6095890410958904,-0.7191780821917808,0.6986301369863014,-0.9383561643835616,0.8767123287671232,-0.0821917808219178,1.0,0.03424657534246575,0.8972602739726028,-0.00684931506849315,0.815068493150685,-0.06164383561643835,0.815068493150685,0.11643835616438356,0.958904109589041,0.1780821917808219,0.8767123287671232,0.1232876712328767,0.7808219178082192,0.0821917808219178,0.7054794520547946,0.2534246575342466,0.863013698630137,0.2534246575342466,0.7945205479452054,0.2534246575342466,0.7054794520547946,0.21232876712328766,0.5958904109589042,0.2534246575342466,0.7465753424657534,0.2534246575342466,0.6986301369863014,0.2534246575342466,0.6301369863013698,0.2534246575342466
0,0.0,0.0,0.2198581560283688,-0.2695035460992908,0.46808510638297873,-0.475177304964539,0.6312056737588653,-0.7021276595744681,0.7375886524822695,-0.9219858156028369,0.8936170212765957,-0.0425531914893617,1.0,0.10638297872340426,0.8652482269503546,0.0425531914893617,0.7588652482269503,-0.028368794326241134,0.8297872340425532,0.15602836879432624,0.9432624113475178,0.2553191489361702,0.8226950354609929,0.19858156028368795,0.7021276595744681,0.14893617021276595,0.723404255319149,0.2553191489361702,0.8439716312056738,0.2553191489361702,0.75177304964539,0.2553191489361702,0.6595744680851063,0.2553191489361702,0.6170212765957447,0.2553191489361702,0.75177304964539,0.2553191489361702,0.6808510638297872,0.2553191489361702,0.6099290780141844,0.2553191489361702
0,0.0,0.0,0.24203821656050956,-0.21656050955414013,0.4968152866242038,-0.39490445859872614,0.6687898089171974,-0.5987261146496815,0.732484076433121,-0.8152866242038217,0.8471337579617835,-0.07643312101910828,1.0,0.12738853503184713,0.8598726114649682,0.11464968152866242,0.7515923566878981,0.044585987261146494,0.7834394904458599,0.12738853503184713,0.9299363057324841,0.28662420382165604,0.8089171974522293,0.2611464968152866,0.6878980891719745,0.19745222929936307,0.6687898089171974,0.2929936305732484,0.821656050955414,0.2929936305732484,0.7197452229299363,0.2929936305732484,0.6050955414012739,0.2929936305732484,0.5477707006369427,0.2929936305732484,0.6942675159235668,0.2929936305732484,0.5987261146496815,0.2929936305732484,0.5031847133757962,0.2929936305732484
0,0.0,0.0,0.20754716981132076,-0.27044025157232704,0.42138364779874216,-0.49056603773584906,0.5283018867924528,-0.710691823899371,0.5408805031446541,-0.9182389937106918,0.7861635220125787,-0.3270440251572327,1.0,-0.0880503144654088,0.8805031446540881,-0.050314465408805034,0.7672955974842768,-0.1069182389937107,0.7547169811320755,-0.1069182389937107,0.9056603773584906,0.0880503144654088,0.7861635220125787,0.10062893081761007,0.6729559748427673,0.0440251572327044,0.6792452830188679,0.1069182389937107,0.7987421383647799,0.2389937106918239,0.6918238993710691,0.24528301886792453,0.5723270440251572,0.1949685534591195,0.5974842767295597,0.3018867924528302,0.6855345911949685,0.3710691823899371,0.5849056603773585,0.3584905660377358,0.49056603773584906,0.31446540880503143
0,0.0,0.0,0.2,-0.2606060606060606,0.4121212121212121,-0.4909090909090909,0.503030303030303,-0.7151515151515152,0.503030303030303,-0.9151515151515152,0.7636363636363637,-0.3696969696969697,1.0,-0.14545454545454545,0.8727272727272727,-0.10303030303030303,0.7636363636363637,-0.15151515151515152,0.7393939393939394,-0.15757575757575756,0.9151515151515152,0.024242424242424242,0.8,0.03636363636363636,0.6787878787878788,-0.012121212121212121,0.6727272727272727,0.048484848484848485,0.806060606060606,0.15757575757575756,0.696969696969697,0.1696969696969697,0.5818181818181818,0.13333333333333333,0.6060606060606061,0.24242424242424243,0.703030303030303,0.2787878787878788,0.593939393939394,0.2727272727272727,0.503030303030303,0.24242424242424243
0,0.0,0.0,0.08433734939759036,-0.3253012048192771,0.1686746987951807,-0.5843373493975904,0.1746987951807229,-0.8132530120481928,0.0963855421686747,-1.0,0.5602409638554217,-0.5843373493975904,0.8072289156626506,-0.4578313253012048,0.7168674698795181,-0.37349397590361444,0.608433734939759,-0.37349397590361444,0.6325301204819277,-0.3855421686746988,0.8192771084337349,-0.29518072289156627,0.7168674698795181,-0.23493975903614459,0.6024096385542169,-0.2289156626506024,0.6626506024096386,-0.18072289156626506,0.7891566265060241,-0.13253012048192772,0.6987951807228916,-0.08433734939759036,0.5783132530120482,-0.0783132530120482,0.6686746987951807,0.012048192771084338,0.7409638554216867,0.024096385542168676,0.6506024096385542,0.060240963855421686,0.5602409638554217,0.060240963855421686
0,0.0,0.0,0.0,-0.33727810650887574,0.023668639053254437,-0.6035502958579881,-0.01775147928994083,-0.8284023668639053,-0.11834319526627218,-1.0,0.4319526627218935,-0.6568047337278107,0.6568047337278107,-0.5739644970414202,0.6331360946745562,-0.48520710059171596,0.5502958579881657,-0.44970414201183434,0.5443786982248521,-0.47928994082840237,0.6923076923076923,-0.40828402366863903,0.6153846153846154,-0.33727810650887574,0.5088757396449705,-0.3136094674556213,0.6035502958579881,-0.28402366863905326,0.6982248520710059,-0.2485207100591716,0.6272189349112426,-0.1952662721893491,0.514792899408284,-0.17159763313609466,0.6331360946745562,-0.10059171597633136,0.6923076923076923,-0.08875739644970414,0.6153846153846154,-0.047337278106508875,0.514792899408284,-0.03550295857988166
0,0.0,0.0,0.0,-0.3352941176470588,0.023529411764705882,-0.6058823529411764,-0.023529411764705882,-0.8352941176470589,-0.12941176470588237,-1.0,0.4176470588235294,-0.6882352941176471,0.6588235294117647,-0.6,0.6294117647058823,-0.49411764705882355,0.5411764705882353,-0.47058823529411764,0.5294117647058824,-0.5235294117647059,0.7058823529411765,-0.4235294117647059,0.6294117647058823,-0.3411764705882353,0.5058823529411764,-0.32941176470588235,0.6,-0.3352941176470588,0.711764705882353,-0.2647058823529412,0.6352941176470588,-0.2,0.5176470588235295,-0.19411764705882353,0.6411764705882353,-0.14705882352941177,0.7,-0.1,0.611764705882353,-0.052941176470588235,0.5058823529411764,-0.058823529411764705
0,0.0,0.0,0.04046242774566474,-0.28901734104046245,0.12716763005780346,-0.5953757225433526,0.11560693641618497,-0.8208092485549133,0.028901734104046242,-1.0,0.30057803468208094,-0.6994219653179191,0.7052023121387283,-0.6358381502890174,0.6242774566473989,-0.5260115606936416,0.4913294797687861,-0.5144508670520231,0.3352601156069364,-0.5433526011560693,0.7341040462427746,-0.4682080924855491,0.6358381502890174,-0.3815028901734104,0.5028901734104047,-0.3872832369942196,0.3815028901734104,-0.35260115606936415,0.7283236994219653,-0.28901734104046245,0.6242774566473989,-0.2138728323699422,0.49710982658959535,-0.2254335260115607,0.43352601156069365,-0.15606936416184972,0.7052023121387283,-0.12716763005780346,0.6011560693641619,-0.06936416184971098,0.47398843930635837,-0.07514450867052024
0,0.0,0.0,0.07692307692307693,-0.25824175824175827,0.1978021978021978,-0.5769230769230769,0.21428571428571427,-0.8241758241758241,0.13736263736263737,-1.0,0.23626373626373626,-0.6373626373626373,0.6593406593406593,-0.6208791208791209,0.5934065934065934,-0.510989010989011,0.45604395604395603,-0.510989010989011,0.23626373626373626,-0.4945054945054945,0.6758241758241759,-0.45604395604395603,0.5934065934065934,-0.36813186813186816,0.46153846153846156,-0.3791208791208791,0.26373626373626374,-0.31868131868131866,0.6593406593406593,-0.2802197802197802,0.5714285714285714,-0.2087912087912088,0.45054945054945056,-0.21978021978021978,0.3131868131868132,-0.13736263736263737,0.6373626373626373,-0.12637362637362637,0.554945054945055,-0.07142857142857142,0.4340659340659341,-0.07692307692307693
0,0.0,0.0,0.13636363636363635,-0.25,0.30113636363636365,-0.5795454545454546,0.3409090909090909,-0.8125,0.2784090909090909,-1.0,0.20454545454545456,-0.6079545454545454,0.6306818181818182,-0.5340909090909091,0.5454545454545454,-0.4318181818181818,0.4090909090909091,-0.45454545454545453,0.1590909090909091,-0.42045454545454547,0.6136363636363636,-0.3352272727272727,0.5056818181818182,-0.26704545454545453,0.375,-0.2897727272727273,0.1534090909090909,-0.2215909090909091,0.5738636363636364,-0.1534090909090909,0.45454545454545453,-0.10227272727272728,0.32954545454545453,-0.13068181818181818,0.17613636363636365,-0.03977272727272727,0.5227272727272727,0.0,0.42613636363636365,0.028409090909090908,0.29545454545454547,0.017045454545454544
0,0.0,0.0,0.1712707182320442,-0.27071823204419887,0.3259668508287293,-0.580110497237569,0.35911602209944754,-0.8121546961325967,0.2983425414364641,-1.0,0.20441988950276244,-0.56353591160221,0.6187845303867403,-0.5027624309392266,0.5303867403314917,-0.40331491712707185,0.39779005524861877,-0.4198895027624309,0.15469613259668508,-0.3756906077348066,0.6022099447513812,-0.2983425414364641,0.49171270718232046,-0.2430939226519337,0.35911602209944754,-0.26519337016574585,0.14917127071823205,-0.1878453038674033,0.56353591160221,-0.13259668508287292,0.4419889502762431,-0.09944751381215469,0.32044198895027626,-0.13259668508287292,0.1712707182320442,-0.016574585635359115,0.5138121546961326,0.011049723756906077,0.4198895027624309,0.03314917127071823,0.2983425414364641,0.011049723756906077
0,0.0,0.0,0.2,-0.2722222222222222,0.36666666666666664,-0.5666666666666667,0.4,-0.8,0.35555555555555557,-1.0,0.2111111111111111,-0.5222222222222223,0.6222222222222222,-0.4388888888888889,0.5333333333333333,-0.36666666666666664,0.39444444444444443,-0.4,0.1388888888888889,-0.3333333333333333,0.6,-0.24444444444444444,0.48333333333333334,-0.20555555555555555,0.34444444444444444,-0.2388888888888889,0.12222222222222222,-0.1388888888888889,0.5444444444444444,-0.07222222222222222,0.4222222222222222,-0.05,0.29444444444444445,-0.07777777777777778,0.13333333333333333,0.03888888888888889,0.4777777777777778,0.08333333333333333,0.37777777777777777,0.09444444444444444,0.2388888888888889,0.07222222222222222
0,0.0,0.0,0.34615384615384615,-0.19230769230769232,0.5256410256410257,-0.5,0.5961538461538461,-0.7628205128205128,0.6987179487179487,-1.0,0.23076923076923078,-0.5448717948717948,0.5384615384615384,-0.1987179487179487,0.44871794871794873,-0.16666666666666666,0.33974358974358976,-0.2692307692307692,0.04487179487179487,-0.38461538461538464,0.4166666666666667,-0.019230769230769232,0.3333333333333333,-0.04487179487179487,0.23076923076923078,-0.14743589743589744,-0.08333333333333333,-0.1987179487179487,0.2692307692307692,0.12179487179487179,0.20512820512820512,0.11538461538461539,0.11538461538461539,0.038461538461538464,-0.15384615384615385,-0.019230769230769232,0.10897435897435898,0.23717948717948717,0.07051282051282051,0.22435897435897437,-0.019230769230769232,0.15384615384615385
0,0.0,0.0,0.3305785123966942,-0.0743801652892562,0.5950413223140496,-0.4049586776859504,0.8264462809917356,-0.7024793388429752,1.0,-0.9504132231404959,0.19834710743801653,-0.5702479338842975,0.39669421487603307,-0.09917355371900827,0.3884297520661157,-0.1322314049586777,0.34710743801652894,-0.2727272727272727,-0.14049586776859505,-0.4628099173553719,0.19834710743801653,0.1652892561983471,0.19008264462809918,0.008264462809917356,0.11570247933884298,-0.19834710743801653,-0.36363636363636365,-0.2644628099173554,-0.024793388429752067,0.2727272727272727,-0.03305785123966942,0.1652892561983471,-0.11570247933884298,-0.008264462809917356,-0.512396694214876,-0.01652892561983471,-0.256198347107438,0.35537190082644626,-0.24793388429752067,0.2809917355371901,-0.32231404958677684,0.1487603305785124
0,0.0,0.0,0.33043478260869563,-0.06086956521739131,0.6260869565217392,-0.40869565217391307,0.8521739130434782,-0.7304347826086957,1.0,-0.9739130434782609,0.22608695652173913,-0.5565217391304348,0.391304347826087,-0.10434782608695652,0.40869565217391307,-0.1391304347826087,0.391304347826087,-0.2956521739130435,-0.14782608695652175,-0.4782608695652174,0.1826086956521739,0.24347826086956523,0.17391304347826086,0.02608695652173913,0.10434782608695652,-0.21739130434782608,-0.3826086956521739,-0.26956521739130435,-0.05217391304347826,0.3391304347826087,-0.06956521739130435,0.20869565217391303,-0.14782608695652175,0.017391304347826087,-0.5565217391304348,-0.02608695652173913,-0.28695652173913044,0.4,-0.28695652173913044,0.3217391304347826,-0.3565217391304348,0.1826086956521739
0,0.0,0.0,0.3089430894308943,-0.08943089430894309,0.5447154471544715,-0.43089430894308944,0.7398373983739838,-0.7479674796747967,0.8536585365853658,-1.0,0.16260162601626016,-0.5365853658536586,0.35772357723577236,-0.14634146341463414,0.34959349593495936,-0.21951219512195122,0.3008130081300813,-0.36585365853658536,-0.17073170731707318,-0.43089430894308944,0.21138211382113822,0.1951219512195122,0.16260162601626016,-0.032520325203252036,0.08130081300813008,-0.23577235772357724,-0.35772357723577236,-0.2032520325203252,0.0,0.3089430894308943,-0.04065040650406504,0.16260162601626016,-0.13821138211382114,0.0,-0.4959349593495935,0.032520325203252036,-0.2032520325203252,0.3902439024390244,-0.22764227642276422,0.2845528455284553,-0.3252032520325203,0.16260162601626016
0,0.0,0.0,0.2463768115942029,-0.13043478260869565,0.41304347826086957,-0.4492753623188406,0.5289855072463768,-0.7463768115942029,0.6086956521739131,-1.0,0.10869565217391304,-0.5,0.39855072463768115,-0.15217391304347827,0.34782608695652173,-0.18840579710144928,0.2608695652173913,-0.2971014492753623,-0.15942028985507245,-0.3695652173913043,0.2826086956521739,0.14492753623188406,0.18115942028985507,-0.028985507246376812,0.057971014492753624,-0.18840579710144928,-0.3188405797101449,-0.15217391304347827,0.10144927536231885,0.2753623188405797,0.028985507246376812,0.17391304347826086,-0.08695652173913043,0.050724637681159424,-0.42028985507246375,0.07971014492753623,-0.07971014492753623,0.37681159420289856,-0.11594202898550725,0.2971014492753623,-0.21739130434782608,0.1956521739130435
0,0.0,0.0,0.1165644171779141,-0.26993865030674846,0.17791411042944785,-0.5521472392638037,0.1901840490797546,-0.7668711656441718,0.17177914110429449,-1.0,-0.049079754601226995,-0.43558282208588955,0.37423312883435583,-0.26380368098159507,0.32515337423312884,-0.26993865030674846,0.19631901840490798,-0.31901840490797545,-0.15337423312883436,-0.20245398773006135,0.36809815950920244,-0.03680981595092025,0.2822085889570552,-0.09815950920245399,0.13496932515337423,-0.17177914110429449,-0.17791411042944785,0.018404907975460124,0.3006134969325153,0.15950920245398773,0.2331288343558282,0.09815950920245399,0.11042944785276074,0.018404907975460124,-0.17791411042944785,0.22085889570552147,0.2147239263803681,0.32515337423312884,0.17791411042944785,0.25766871165644173,0.0736196319018405,0.20245398773006135
0,0.0,0.0,0.059880239520958084,-0.2754491017964072,0.0718562874251497,-0.562874251497006,0.03592814371257485,-0.7844311377245509,-0.023952095808383235,-1.0,-0.0718562874251497,-0.39520958083832336,0.33532934131736525,-0.32934131736526945,0.2874251497005988,-0.31736526946107785,0.15568862275449102,-0.3413173652694611,-0.1437125748502994,-0.16167664670658682,0.3652694610778443,-0.08383233532934131,0.281437125748503,-0.1317365269461078,0.12574850299401197,-0.17964071856287425,-0.1497005988023952,0.059880239520958084,0.31736526946107785,0.11377245508982035,0.25748502994011974,0.059880239520958084,0.1317365269461078,0.0,-0.12574850299401197,0.24550898203592814,0.23353293413173654,0.2934131736526946,0.2215568862275449,0.23353293413173654,0.16167664670658682,0.19161676646706588
0,0.0,0.0,0.03592814371257485,-0.32335329341317365,0.017964071856287425,-0.6167664670658682,-0.0658682634730539,-0.8023952095808383,-0.18562874251497005,-1.0,-0.07784431137724551,-0.39520958083832336,0.3592814371257485,-0.4431137724550898,0.31736526946107785,-0.39520958083832336,0.19760479041916168,-0.38922155688622756,-0.09580838323353294,-0.1497005988023952,0.38323353293413176,-0.2155688622754491,0.32335329341317365,-0.20958083832335328,0.20958083832335328,-0.20958083832335328,-0.059880239520958084,0.059880239520958084,0.3532934131736527,0.0,0.32335329341317365,0.0,0.25748502994011974,-0.017964071856287425,0.0,0.2215568862275449,0.30538922155688625,0.19760479041916168,0.32934131736526945,0.16766467065868262,0.2994011976047904,0.15568862275449102
0,0.0,0.0,0.017241379310344827,-0.3390804597701149,-0.022988505747126436,-0.632183908045977,-0.13218390804597702,-0.8103448275862069,-0.25287356321839083,-1.0,-0.13793103448275862,-0.41954022988505746,0.3160919540229885,-0.4885057471264368,0.25862068965517243,-0.41379310344827586,0.09770114942528736,-0.41379310344827586,-0.14367816091954022,-0.1839080459770115,0.3620689655172414,-0.2988505747126437,0.25287356321839083,-0.22988505747126436,0.10919540229885058,-0.21264367816091953,-0.09770114942528736,0.017241379310344827,0.3620689655172414,-0.08620689655172414,0.26436781609195403,-0.017241379310344827,0.13793103448275862,-0.005747126436781609,-0.022988505747126436,0.1724137931034483,0.3390804597701149,0.1206896551724138,0.25287356321839083,0.15517241379310345,0.1206896551724138,0.1839080459770115
0,0.0,0.0,-0.0058823529411764705,-0.29411764705882354,-0.08823529411764706,-0.5764705882352941,-0.18235294117647058,-0.788235294117647,-0.2823529411764706,-1.0,-0.18823529411764706,-0.3941176470588235,0.24705882352941178,-0.4294117647058823,0.2,-0.3941176470588235,0.052941176470588235,-0.38235294117647056,-0.19411764705882353,-0.15294117647058825,0.31176470588235294,-0.21176470588235294,0.2235294117647059,-0.2235294117647059,0.07058823529411765,-0.2235294117647059,-0.1411764705882353,0.052941176470588235,0.31176470588235294,-0.011764705882352941,0.23529411764705882,-0.023529411764705882,0.1,-0.03529411764705882,-0.06470588235294118,0.21176470588235294,0.2823529411764706,0.15294117647058825,0.22941176470588234,0.12352941176470589,0.10588235294117647,0.1411764705882353
0,0.0,0.0,0.0,-0.2694610778443114,-0.0718562874251497,-0.562874251497006,-0.15568862275449102,-0.7844311377245509,-0.25748502994011974,-1.0,-0.2215568862275449,-0.40718562874251496,0.2275449101796407,-0.41317365269461076,0.20958083832335328,-0.3712574850299401,0.0718562874251497,-0.3473053892215569,-0.24550898203592814,-0.16766467065868262,0.2874251497005988,-0.17964071856287425,0.2155688622754491,-0.19161676646706588,0.04790419161676647,-0.19161676646706588,-0.20359281437125748,0.04790419161676647,0.2694610778443114,0.017964071856287425,0.2155688622754491,0.0,0.0718562874251497,-0.017964071856287425,-0.1437125748502994,0.2215568862275449,0.2275449101796407,0.19161676646706588,0.19161676646706588,0.16167664670658682,0.08383233532934131,0.16766467065868262
0,0.0,0.0,0.054878048780487805,-0.24390243902439024,0.042682926829268296,-0.524390243902439,0.012195121951219513,-0.7560975609756098,-0.036585365853658534,-1.0,-0.17073170731707318,-0.4024390243902439,0.2926829268292683,-0.32926829268292684,0.2682926829268293,-0.3048780487804878,0.14634146341463414,-0.3170731707317073,-0.22560975609756098,-0.15853658536585366,0.3231707317073171,-0.09146341463414634,0.25609756097560976,-0.11585365853658537,0.08536585365853659,-0.14634146341463414,-0.2073170731707317,0.06707317073170732,0.2804878048780488,0.10365853658536585,0.23170731707317074,0.06097560975609756,0.07926829268292683,0.012195121951219513,-0.15853658536585366,0.25,0.22560975609756098,0.2682926829268293,0.2073170731707317,0.21951219512195122,0.10365853658536585,0.18902439024390244
0,0.0,0.0,0.1032258064516129,-0.2645161290322581,0.18064516129032257,-0.5290322580645161,0.24516129032258063,-0.7548387096774194,0.2709677419354839,-1.0,-0.09032258064516129,-0.4129032258064516,0.4064516129032258,-0.2967741935483871,0.3741935483870968,-0.27741935483870966,0.23870967741935484,-0.2967741935483871,-0.16129032258064516,-0.15483870967741936,0.41935483870967744,-0.06451612903225806,0.34838709677419355,-0.1032258064516129,0.15483870967741936,-0.14838709677419354,-0.16129032258064516,0.07096774193548387,0.38064516129032255,0.13548387096774195,0.3225806451612903,0.09032258064516129,0.16129032258064516,0.03225806451612903,-0.12903225806451613,0.27741935483870966,0.3161290322580645,0.3161290322580645,0.2967741935483871,0.25161290322580643,0.1935483870967742,0.21935483870967742
0,0.0,0.0,0.10303030303030303,-0.2606060606060606,0.14545454545454545,-0.5454545454545454,0.18787878787878787,-0.7696969696969697,0.21818181818181817,-1.0,-0.07878787878787878,-0.41818181818181815,0.37575757575757573,-0.3393939393939394,0.3333333333333333,-0.30303030303030304,0.19393939393939394,-0.3151515151515151,-0.15757575757575756,-0.18787878787878787,0.38181818181818183,-0.10303030303030303,0.2909090909090909,-0.13333333333333333,0.12121212121212122,-0.1696969696969697,-0.15757575757575756,0.03636363636363636,0.32727272727272727,0.09696969696969697,0.2545454545454545,0.06666666666666667,0.11515151515151516,0.012121212121212121,-0.12727272727272726,0.23030303030303031,0.2545454545454545,0.2606060606060606,0.2,0.21818181818181817,0.07878787878787878,0.19393939393939394
0,0.0,0.0,0.10059171597633136,-0.2603550295857988,0.14792899408284024,-0.5443786982248521,0.1834319526627219,-0.7692307692307693,0.20710059171597633,-1.0,-0.07100591715976332,-0.40828402366863903,0.3727810650887574,-0.31952662721893493,0.31952662721893493,-0.3076923076923077,0.1893491124260355,-0.33136094674556216,-0.13609467455621302,-0.17751479289940827,0.3727810650887574,-0.08284023668639054,0.27218934911242604,-0.1242603550295858,0.10650887573964497,-0.17159763313609466,-0.14201183431952663,0.04142011834319527,0.3136094674556213,0.11242603550295859,0.23076923076923078,0.0650887573964497,0.09467455621301775,0.005917159763313609,-0.11242603550295859,0.22485207100591717,0.24260355029585798,0.25443786982248523,0.17751479289940827,0.1952662721893491,0.05325443786982249,0.17751479289940827
0,0.0,0.0,0.06179775280898876,-0.2752808988764045,0.028089887640449437,-0.5730337078651685,0.02247191011235955,-0.8089887640449438,0.02247191011235955,-1.0,-0.3651685393258427,-0.5786516853932584,-0.09550561797752809,-0.46629213483146065,-0.0056179775280898875,-0.398876404494382,-0.06179775280898876,-0.4044943820224719,-0.4438202247191011,-0.37640449438202245,-0.11235955056179775,-0.2640449438202247,-0.028089887640449437,-0.24157303370786518,-0.0898876404494382,-0.2640449438202247,-0.46629213483146065,-0.16853932584269662,-0.16853932584269662,-0.07865168539325842,-0.07865168539325842,-0.07303370786516854,-0.12359550561797752,-0.10112359550561797,-0.4550561797752809,0.028089887640449437,-0.24157303370786518,0.09550561797752809,-0.16292134831460675,0.08426966292134831,-0.1797752808988764,0.056179775280898875
0,0.0,0.0,0.0481283422459893,-0.3048128342245989,-0.0213903743315508,-0.6096256684491979,-0.0855614973262032,-0.8181818181818182,-0.12299465240641712,-1.0,-0.46524064171123,-0.6149732620320856,-0.2192513368983957,-0.5935828877005348,-0.0962566844919786,-0.47593582887700536,-0.06951871657754011,-0.4117647058823529,-0.5561497326203209,-0.42245989304812837,-0.2192513368983957,-0.3850267379679144,-0.10160427807486631,-0.3048128342245989,-0.0855614973262032,-0.26737967914438504,-0.5721925133689839,-0.21390374331550802,-0.23529411764705882,-0.18716577540106952,-0.13368983957219252,-0.13903743315508021,-0.1443850267379679,-0.12299465240641712,-0.5561497326203209,-0.0106951871657754,-0.2887700534759358,-0.0053475935828877,-0.18716577540106952,0.0,-0.18181818181818182,-0.0106951871657754
0,0.0,0.0,0.047619047619047616,-0.2962962962962963,-0.031746031746031744,-0.5925925925925926,-0.10582010582010581,-0.8095238095238095,-0.13756613756613756,-1.0,-0.49206349206349204,-0.6243386243386243,-0.2751322751322751,-0.6243386243386243,-0.12698412698412698,-0.48677248677248675,-0.07407407407407407,-0.3968253968253968,-0.5925925925925926,-0.43915343915343913,-0.2962962962962963,-0.43386243386243384,-0.14285714285714285,-0.328042328042328,-0.10582010582010581,-0.2751322751322751,-0.6137566137566137,-0.24338624338624337,-0.30687830687830686,-0.23809523809523808,-0.18518518518518517,-0.1693121693121693,-0.18518518518518517,-0.13756613756613756,-0.5873015873015873,-0.042328042328042326,-0.3492063492063492,-0.047619047619047616,-0.2328042328042328,-0.037037037037037035,-0.23809523809523808,-0.042328042328042326
0,0.0,0.0,0.005235602094240838,-0.3089005235602094,-0.1099476439790576,-0.612565445026178,-0.19895287958115182,-0.8167539267015707,-0.24083769633507854,-1.0,-0.5549738219895288,-0.5497382198952879,-0.33507853403141363,-0.5602094240837696,-0.16230366492146597,-0.45549738219895286,-0.05759162303664921,-0.3612565445026178,-0.6178010471204188,-0.35602094240837695,-0.3507853403141361,-0.3717277486910995,-0.17801047120418848,-0.2931937172774869,-0.07853403141361257,-0.2198952879581152,-0.612565445026178,-0.16230366492146597,-0.35602094240837695,-0.16753926701570682,-0.20418848167539266,-0.13089005235602094,-0.13089005235602094,-0.08900523560209424,-0.5602094240837696,0.02617801047120419,-0.3717277486910995,0.005235602094240838,-0.24083769633507854,0.010471204188481676,-0.18324607329842932,0.015706806282722512
0,0.0,0.0,0.04838709677419355,-0.3172043010752688,-0.03763440860215054,-0.6129032258064516,-0.11290322580645161,-0.8225806451612904,-0.17204301075268819,-1.0,-0.5376344086021505,-0.6021505376344086,-0.3172043010752688,-0.6290322580645161,-0.16666666666666666,-0.5053763440860215,-0.10215053763440861,-0.40860215053763443,-0.6182795698924731,-0.40860215053763443,-0.3279569892473118,-0.44623655913978494,-0.15053763440860216,-0.34408602150537637,-0.07526881720430108,-0.25806451612903225,-0.6344086021505376,-0.21505376344086022,-0.3279569892473118,-0.23655913978494625,-0.17204301075268819,-0.17204301075268819,-0.12365591397849462,-0.12365591397849462,-0.6021505376344086,-0.016129032258064516,-0.3602150537634409,-0.043010752688172046,-0.23655913978494625,-0.03225806451612903,-0.20967741935483872,-0.021505376344086023
0,0.0,0.0,0.03553299492385787,-0.28426395939086296,-0.06091370558375635,-0.5989847715736041,-0.15228426395939088,-0.817258883248731,-0.2182741116751269,-1.0,-0.5380710659898477,-0.6142131979695431,-0.37055837563451777,-0.649746192893401,-0.20812182741116753,-0.5380710659898477,-0.1218274111675127,-0.4365482233502538,-0.6142131979695431,-0.4517766497461929,-0.39086294416243655,-0.5076142131979695,-0.19796954314720813,-0.40609137055837563,-0.10152284263959391,-0.30456852791878175,-0.6294416243654822,-0.27918781725888325,-0.40609137055837563,-0.3401015228426396,-0.2182741116751269,-0.27918781725888325,-0.116751269035533,-0.2131979695431472,-0.5989847715736041,-0.10152284263959391,-0.41624365482233505,-0.16243654822335024,-0.25380710659898476,-0.14720812182741116,-0.16243654822335024,-0.1218274111675127
0,0.0,0.0,-0.06451612903225806,-0.3087557603686636,-0.2534562211981567,-0.6129032258064516,-0.35944700460829493,-0.8294930875576036,-0.41935483870967744,-1.0,-0.6912442396313364,-0.5207373271889401,-0.6912442396313364,-0.6267281105990783,-0.5161290322580645,-0.5714285714285714,-0.3548387096774194,-0.4976958525345622,-0.7511520737327189,-0.33640552995391704,-0.695852534562212,-0.4608294930875576,-0.47465437788018433,-0.4055299539170507,-0.2903225806451613,-0.3456221198156682,-0.7557603686635944,-0.14746543778801843,-0.663594470046083,-0.2534562211981567,-0.45161290322580644,-0.2350230414746544,-0.2857142857142857,-0.2073732718894009,-0.7188940092165899,0.04608294930875576,-0.6589861751152074,-0.055299539170506916,-0.4930875576036866,-0.08294930875576037,-0.37327188940092165,-0.08755760368663594
0,0.0,0.0,-0.05581395348837209,-0.30697674418604654,-0.2186046511627907,-0.6232558139534884,-0.32558139534883723,-0.8418604651162791,-0.4046511627906977,-1.0,-0.6837209302325581,-0.5069767441860465,-0.6744186046511628,-0.6046511627906976,-0.48372093023255813,-0.5255813953488372,-0.3209302325581395,-0.4511627906976744,-0.7488372093023256,-0.31627906976744186,-0.6651162790697674,-0.413953488372093,-0.4372093023255814,-0.35348837209302325,-0.25116279069767444,-0.3023255813953488,-0.7534883720930232,-0.13023255813953488,-0.6232558139534884,-0.22325581395348837,-0.42790697674418604,-0.19534883720930232,-0.27906976744186046,-0.16279069767441862,-0.7162790697674418,0.05116279069767442,-0.627906976744186,-0.04186046511627907,-0.4790697674418605,-0.05116279069767442,-0.3767441860465116,-0.046511627906976744
0,0.0,0.0,-0.024752475247524754,-0.3069306930693069,-0.18316831683168316,-0.6089108910891089,-0.29207920792079206,-0.8366336633663366,-0.3465346534653465,-1.0,-0.6287128712871287,-0.5693069306930693,-0.6386138613861386,-0.6683168316831684,-0.44554455445544555,-0.5643564356435643,-0.297029702970297,-0.47029702970297027,-0.7128712871287128,-0.3910891089108911,-0.6485148514851485,-0.4801980198019802,-0.41089108910891087,-0.3910891089108911,-0.24257425742574257,-0.3217821782178218,-0.7425742574257426,-0.19801980198019803,-0.599009900990099,-0.28217821782178215,-0.38613861386138615,-0.23267326732673269,-0.24752475247524752,-0.18316831683168316,-0.7277227722772277,-0.0049504950495049506,-0.6039603960396039,-0.09405940594059406,-0.4504950495049505,-0.0891089108910891,-0.3712871287128713,-0.07920792079207921
0,0.0,0.0,-0.01951219512195122,-0.3121951219512195,-0.2048780487804878,-0.6097560975609756,-0.3121951219512195,-0.8341463414634146,-0.37073170731707317,-1.0,-0.6439024390243903,-0.5317073170731708,-0.6292682926829268,-0.6780487804878049,-0.4292682926829268,-0.5804878048780487,-0.2975609756097561,-0.4878048780487805,-0.7121951219512195,-0.36097560975609755,-0.6439024390243903,-0.4975609756097561,-0.3951219512195122,-0.4146341463414634,-0.23414634146341465,-0.33658536585365856,-0.7170731707317073,-0.18536585365853658,-0.5902439024390244,-0.3121951219512195,-0.35609756097560974,-0.2634146341463415,-0.22926829268292684,-0.2048780487804878,-0.6829268292682927,-0.014634146341463415,-0.5707317073170731,-0.14146341463414633,-0.40487804878048783,-0.13658536585365855,-0.32682926829268294,-0.1073170731707317
0,0.0,0.0,0.0,-0.3282051282051282,-0.18974358974358974,-0.6205128205128205,-0.30256410256410254,-0.8358974358974359,-0.3641025641025641,-1.0,-0.6358974358974359,-0.5487179487179488,-0.6,-0.6923076923076923,-0.4,-0.5897435897435898,-0.28205128205128205,-0.48717948717948717,-0.7076923076923077,-0.38461538461538464,-0.6153846153846154,-0.5128205128205128,-0.36923076923076925,-0.4307692307692308,-0.2205128205128205,-0.35384615384615387,-0.717948717948718,-0.21025641025641026,-0.5538461538461539,-0.31794871794871793,-0.3333333333333333,-0.2717948717948718,-0.2205128205128205,-0.2153846153846154,-0.6871794871794872,-0.041025641025641026,-0.5435897435897435,-0.14871794871794872,-0.38461538461538464,-0.14358974358974358,-0.31794871794871793,-0.12307692307692308
0,0.0,0.0,0.0,-0.3177083333333333,-0.18229166666666666,-0.609375,-0.3020833333333333,-0.8333333333333334,-0.3697916666666667,-1.0,-0.6302083333333334,-0.5416666666666666,-0.6145833333333334,-0.6822916666666666,-0.40625,-0.5833333333333334,-0.2760416666666667,-0.4895833333333333,-0.7083333333333334,-0.3697916666666667,-0.625,-0.5052083333333334,-0.3697916666666667,-0.421875,-0.21875,-0.3489583333333333,-0.71875,-0.19791666666666666,-0.5520833333333334,-0.3072916666666667,-0.328125,-0.2552083333333333,-0.20833333333333334,-0.203125,-0.6875,-0.03125,-0.5416666666666666,-0.13541666666666666,-0.375,-0.13541666666666666,-0.3020833333333333,-0.11979166666666667
0,0.0,0.0,-0.005235602094240838,-0.3089005235602094,-0.20418848167539266,-0.6073298429319371,-0.32460732984293195,-0.8324607329842932,-0.39267015706806285,-1.0,-0.6596858638743456,-0.5235602094240838,-0.643979057591623,-0.675392670157068,-0.43455497382198954,-0.5863874345549738,-0.3089005235602094,-0.49214659685863876,-0.7329842931937173,-0.3507853403141361,-0.643979057591623,-0.4869109947643979,-0.387434554973822,-0.41361256544502617,-0.23036649214659685,-0.34554973821989526,-0.7382198952879581,-0.17801047120418848,-0.5706806282722513,-0.29842931937172773,-0.3403141361256545,-0.2513089005235602,-0.2198952879581152,-0.19895287958115182,-0.7015706806282722,-0.010471204188481676,-0.5549738219895288,-0.1256544502617801,-0.387434554973822,-0.1256544502617801,-0.3193717277486911,-0.10471204188481675
0,0.0,0.0,-0.027777777777777776,-0.29444444444444445,-0.21666666666666667,-0.6055555555555555,-0.3388888888888889,-0.8388888888888889,-0.40555555555555556,-1.0,-0.6833333333333333,-0.5222222222222223,-0.6888888888888889,-0.6444444444444445,-0.4777777777777778,-0.5611111111111111,-0.3333333333333333,-0.4722222222222222,-0.7555555555555555,-0.32222222222222224,-0.6833333333333333,-0.45,-0.4222222222222222,-0.3888888888888889,-0.25555555555555554,-0.32222222222222224,-0.7611111111111111,-0.12777777777777777,-0.6055555555555555,-0.2388888888888889,-0.37777777777777777,-0.20555555555555555,-0.24444444444444444,-0.16111111111111112,-0.7222222222222222,0.06111111111111111,-0.6,-0.05555555555555555,-0.4444444444444444,-0.06111111111111111,-0.37222222222222223,-0.03888888888888889
0,0.0,0.0,-0.04918032786885246,-0.3114754098360656,-0.273224043715847,-0.6065573770491803,-0.4098360655737705,-0.8360655737704918,-0.48633879781420764,-1.0,-0.7158469945355191,-0.4808743169398907,-0.7377049180327869,-0.5956284153005464,-0.5136612021857924,-0.5300546448087432,-0.36065573770491804,-0.45901639344262296,-0.7814207650273224,-0.2896174863387978,-0.726775956284153,-0.3989071038251366,-0.44808743169398907,-0.3551912568306011,-0.2677595628415301,-0.31693989071038253,-0.7759562841530054,-0.09836065573770492,-0.644808743169399,-0.19672131147540983,-0.39344262295081966,-0.18579234972677597,-0.2459016393442623,-0.16393442622950818,-0.726775956284153,0.08196721311475409,-0.6065573770491803,-0.01092896174863388,-0.43169398907103823,-0.04918032786885246,-0.3333333333333333,-0.060109289617486336
0,0.0,0.0,-0.05555555555555555,-0.3111111111111111,-0.2777777777777778,-0.6,-0.4222222222222222,-0.8277777777777777,-0.5055555555555555,-1.0,-0.75,-0.4666666666666667,-0.7222222222222222,-0.5777777777777777,-0.5,-0.5111111111111111,-0.35555555555555557,-0.4444444444444444,-0.8055555555555556,-0.25555555555555554,-0.6944444444444444,-0.3611111111111111,-0.4222222222222222,-0.3333333333333333,-0.25,-0.3,-0.7833333333333333,-0.05555555555555555,-0.6055555555555555,-0.15555555555555556,-0.36666666666666664,-0.16111111111111112,-0.22777777777777777,-0.15,-0.7111111111111111,0.12222222222222222,-0.5611111111111111,0.03333333333333333,-0.3888888888888889,-0.005555555555555556,-0.3055555555555556,-0.016666666666666666
0,0.0,0.0,-0.07650273224043716,-0.31693989071038253,-0.30601092896174864,-0.6065573770491803,-0.45901639344262296,-0.8306010928961749,-0.546448087431694,-1.0,-0.7923497267759563,-0.43169398907103823,-0.6939890710382514,-0.5027322404371585,-0.47540983606557374,-0.44808743169398907,-0.32786885245901637,-0.39344262295081966,-0.819672131147541,-0.21311475409836064,-0.6666666666666666,-0.2896174863387978,-0.4262295081967213,-0.2896174863387978,-0.26229508196721313,-0.273224043715847,-0.7759562841530054,-0.01639344262295082,-0.6010928961748634,-0.08743169398907104,-0.3989071038251366,-0.12568306010928962,-0.2568306010928962,-0.13114754098360656,-0.6775956284153005,0.15846994535519127,-0.546448087431694,0.08743169398907104,-0.39344262295081966,0.03825136612021858,-0.29508196721311475,0.01639344262295082
0,0.0,0.0,-0.08333333333333333,-0.32222222222222224,-0.31666666666666665,-0.6111111111111112,-0.4722222222222222,-0.8277777777777777,-0.5611111111111111,-1.0,-0.7944444444444444,-0.43333333333333335,-0.6888888888888889,-0.46111111111111114,-0.48333333333333334,-0.40555555555555556,-0.35,-0.36666666666666664,-0.8333333333333334,-0.21666666666666667,-0.65,-0.25,-0.43333333333333335,-0.24444444444444444,-0.2833333333333333,-0.25,-0.7944444444444444,-0.005555555555555556,-0.5611111111111111,-0.05555555555555555,-0.37222222222222223,-0.08888888888888889,-0.25,-0.11666666666666667,-0.7055555555555556,0.18333333333333332,-0.5111111111111111,0.13333333333333333,-0.35,0.07777777777777778,-0.2611111111111111,0.03333333333333333
0,0.0,0.0,-0.0847457627118644,-0.3220338983050847,-0.3163841807909605,-0.6045197740112994,-0.4632768361581921,-0.8248587570621468,-0.5536723163841808,-1.0,-0.7966101694915254,-0.423728813559322,-0.6610169491525424,-0.4124293785310734,-0.4632768361581921,-0.3728813559322034,-0.3446327683615819,-0.3672316384180791,-0.8305084745762712,-0.1977401129943503,-0.6101694915254238,-0.20903954802259886,-0.3898305084745763,-0.21468926553672316,-0.2598870056497175,-0.23728813559322035,-0.7909604519774012,0.005649717514124294,-0.5423728813559322,-0.01694915254237288,-0.3502824858757062,-0.062146892655367235,-0.23728813559322035,-0.096045197740113,-0.711864406779661,0.192090395480226,-0.5028248587570622,0.1638418079096045,-0.3333333333333333,0.10734463276836158,-0.23728813559322035,0.05084745762711865
0,0.0,0.0,-0.017964071856287425,-0.32335329341317365,-0.17964071856287425,-0.5988023952095808,-0.30538922155688625,-0.8083832335329342,-0.38922155688622756,-1.0,-0.6467065868263473,-0.4431137724550898,-0.41317365269461076,-0.39520958083832336,-0.2275449101796407,-0.3473053892215569,-0.16766467065868262,-0.33532934131736525,-0.6946107784431138,-0.20359281437125748,-0.3712574850299401,-0.16766467065868262,-0.18562874251497005,-0.18562874251497005,-0.12574850299401197,-0.2155688622754491,-0.6586826347305389,0.011976047904191617,-0.32934131736526945,0.029940119760479042,-0.16766467065868262,-0.023952095808383235,-0.11377245508982035,-0.07784431137724551,-0.5748502994011976,0.19760479041916168,-0.31137724550898205,0.20958083832335328,-0.1497005988023952,0.1497005988023952,-0.08982035928143713,0.08982035928143713
0,0.0,0.0,0.03184713375796178,-0.33121019108280253,-0.12101910828025478,-0.6242038216560509,-0.24203821656050956,-0.8089171974522293,-0.33121019108280253,-1.0,-0.554140127388535,-0.42038216560509556,-0.2356687898089172,-0.35668789808917195,-0.06369426751592357,-0.3248407643312102,-0.07006369426751592,-0.3248407643312102,-0.6178343949044586,-0.17834394904458598,-0.21656050955414013,-0.12101910828025478,-0.05732484076433121,-0.1464968152866242,-0.07643312101910828,-0.17834394904458598,-0.5923566878980892,0.03184713375796178,-0.2229299363057325,0.08280254777070063,-0.08280254777070063,0.03184713375796178,-0.09554140127388536,-0.012738853503184714,-0.5286624203821656,0.21656050955414013,-0.2484076433121019,0.2484076433121019,-0.11464968152866242,0.1910828025477707,-0.10191082802547771,0.1464968152866242
0,0.0,0.0,0.0880503144654088,-0.2893081761006289,0.0440251572327044,-0.5723270440251572,-0.025157232704402517,-0.7735849056603774,-0.07547169811320754,-1.0,-0.2893081761006289,-0.4276729559748428,0.11949685534591195,-0.31446540880503143,0.13836477987421383,-0.31446540880503143,0.050314465408805034,-0.33962264150943394,-0.3710691823899371,-0.18238993710691823,0.11320754716981132,-0.0880503144654088,0.10062893081761007,-0.14465408805031446,0.0,-0.1949685534591195,-0.36477987421383645,0.03773584905660377,0.07547169811320754,0.1069182389937107,0.06918238993710692,0.05660377358490566,-0.0440251572327044,0.006289308176100629,-0.31446540880503143,0.23270440251572327,0.0,0.27044025157232704,0.012578616352201259,0.22641509433962265,-0.06289308176100629,0.18867924528301888
0,0.0,0.0,0.10429447852760736,-0.26380368098159507,0.1411042944785276,-0.5644171779141104,0.147239263803681,-0.7791411042944786,0.12883435582822086,-1.0,0.0,-0.44785276073619634,0.4233128834355828,-0.3006134969325153,0.36809815950920244,-0.3006134969325153,0.25153374233128833,-0.3374233128834356,-0.09202453987730061,-0.22085889570552147,0.4233128834355828,-0.0736196319018405,0.3128834355828221,-0.12269938650306748,0.15950920245398773,-0.17177914110429449,-0.12269938650306748,0.0,0.3496932515337423,0.12883435582822086,0.25153374233128833,0.0736196319018405,0.11042944785276074,0.0,-0.11042944785276074,0.20245398773006135,0.26993865030674846,0.26993865030674846,0.19631901840490798,0.2085889570552147,0.06748466257668712,0.15950920245398773
0,0.0,0.0,0.1794871794871795,-0.26282051282051283,0.40384615384615385,-0.5576923076923077,0.4935897435897436,-0.8012820512820513,0.5192307692307693,-1.0,0.5448717948717948,-0.5,0.967948717948718,-0.358974358974359,0.8525641025641025,-0.3076923076923077,0.7051282051282052,-0.3525641025641026,0.5192307692307693,-0.28846153846153844,0.9423076923076923,-0.15384615384615385,0.8141025641025641,-0.1346153846153846,0.6602564102564102,-0.17307692307692307,0.4935897435897436,-0.07692307692307693,0.8461538461538461,0.02564102564102564,0.7371794871794872,0.038461538461538464,0.6025641025641025,0.0,0.46794871794871795,0.1282051282051282,0.75,0.1858974358974359,0.6474358974358975,0.1858974358974359,0.532051282051282,0.15384615384615385
0,0.0,0.0,0.16339869281045752,-0.32679738562091504,0.3660130718954248,-0.5816993464052288,0.47058823529411764,-0.803921568627451,0.5163398692810458,-1.0,0.738562091503268,-0.43790849673202614,0.9869281045751634,-0.33986928104575165,0.8562091503267973,-0.30718954248366015,0.7254901960784313,-0.3333333333333333,0.738562091503268,-0.21568627450980393,0.9281045751633987,-0.1568627450980392,0.8235294117647058,-0.1437908496732026,0.6993464052287581,-0.1568627450980392,0.7058823529411765,-0.006535947712418301,0.8496732026143791,0.013071895424836602,0.7647058823529411,0.0196078431372549,0.6405228758169934,0.013071895424836602,0.6535947712418301,0.17647058823529413,0.7712418300653595,0.1503267973856209,0.6862745098039216,0.1503267973856209,0.5882352941176471,0.1503267973856209
0,0.0,0.0,0.1503267973856209,-0.33986928104575165,0.3202614379084967,-0.5816993464052288,0.41830065359477125,-0.803921568627451,0.4444444444444444,-1.0,0.6928104575163399,-0.42483660130718953,0.9281045751633987,-0.33986928104575165,0.8169934640522876,-0.3333333333333333,0.6993464052287581,-0.33986928104575165,0.6993464052287581,-0.20261437908496732,0.8758169934640523,-0.1895424836601307,0.7777777777777778,-0.19607843137254902,0.6601307189542484,-0.19607843137254902,0.6601307189542484,0.0,0.803921568627451,-0.032679738562091505,0.7189542483660131,-0.0392156862745098,0.6143790849673203,-0.026143790849673203,0.6209150326797386,0.16339869281045752,0.7189542483660131,0.10457516339869281,0.6405228758169934,0.0915032679738562,0.5555555555555556,0.1111111111111111
0,0.0,0.0,0.11333333333333333,-0.3466666666666667,0.26,-0.5866666666666667,0.3466666666666667,-0.8133333333333334,0.37333333333333335,-1.0,0.6866666666666666,-0.46,0.8866666666666667,-0.37333333333333335,0.78,-0.35333333333333333,0.6666666666666666,-0.35333333333333333,0.72,-0.23333333333333334,0.8466666666666667,-0.22,0.74,-0.21333333333333335,0.6333333333333333,-0.2,0.6866666666666666,-0.02666666666666667,0.7866666666666666,-0.07333333333333333,0.7066666666666667,-0.06,0.6,-0.04666666666666667,0.6533333333333333,0.14666666666666667,0.7266666666666667,0.07333333333333333,0.6466666666666666,0.08,0.56,0.1
0,0.0,0.0,0.12418300653594772,-0.3006535947712418,0.2679738562091503,-0.5686274509803921,0.3333333333333333,-0.803921568627451,0.32679738562091504,-1.0,0.6143790849673203,-0.5294117647058824,0.8954248366013072,-0.39215686274509803,0.7908496732026143,-0.3202614379084967,0.6797385620915033,-0.33986928104575165,0.6405228758169934,-0.3202614379084967,0.8758169934640523,-0.20915032679738563,0.7712418300653595,-0.16339869281045752,0.6405228758169934,-0.1830065359477124,0.6405228758169934,-0.10457516339869281,0.803921568627451,-0.0392156862745098,0.7058823529411765,-0.006535947712418301,0.5882352941176471,-0.013071895424836602,0.6209150326797386,0.0915032679738562,0.7320261437908496,0.10457516339869281,0.6274509803921569,0.12418300653594772,0.5294117647058824,0.12418300653594772
0,0.0,0.0,0.12650602409638553,-0.2469879518072289,0.30120481927710846,-0.5602409638554217,0.35542168674698793,-0.7951807228915663,0.3253012048192771,-1.0,0.3313253012048193,-0.5481927710843374,0.7409638554216867,-0.5,0.6445783132530121,-0.40963855421686746,0.5060240963855421,-0.41566265060240964,0.30120481927710846,-0.3674698795180723,0.7289156626506024,-0.3132530120481928,0.6204819277108434,-0.2469879518072289,0.4819277108433735,-0.25903614457831325,0.30120481927710846,-0.16265060240963855,0.6867469879518072,-0.13253012048192772,0.5783132530120482,-0.08433734939759036,0.4457831325301205,-0.09036144578313253,0.3192771084337349,0.030120481927710843,0.6445783132530121,0.024096385542168676,0.5481927710843374,0.05421686746987952,0.42168674698795183,0.04819277108433735
0,0.0,0.0,0.2064516129032258,-0.25161290322580643,0.4258064516129032,-0.5483870967741935,0.4967741935483871,-0.7870967741935484,0.43870967741935485,-1.0,0.2903225806451613,-0.49032258064516127,0.7354838709677419,-0.38064516129032255,0.6451612903225806,-0.3096774193548387,0.4967741935483871,-0.3548387096774194,0.2,-0.27741935483870966,0.6967741935483871,-0.16129032258064516,0.5741935483870968,-0.14193548387096774,0.4258064516129032,-0.1870967741935484,0.17419354838709677,-0.07741935483870968,0.632258064516129,0.01935483870967742,0.5096774193548387,0.012903225806451613,0.38064516129032255,-0.03225806451612903,0.18064516129032257,0.10967741935483871,0.567741935483871,0.15483870967741936,0.4774193548387097,0.14193548387096774,0.3419354838709677,0.10967741935483871
0,0.0,0.0,0.2,-0.23870967741935484,0.45806451612903226,-0.535483870967742,0.5483870967741935,-0.7806451612903226,0.5096774193548387,-1.0,0.36129032258064514,-0.5225806451612903,0.7870967741935484,-0.4,0.6774193548387096,-0.3161290322580645,0.5290322580645161,-0.34838709677419355,0.2645161290322581,-0.3161290322580645,0.7483870967741936,-0.1870967741935484,0.6193548387096774,-0.14838709677419354,0.4645161290322581,-0.1870967741935484,0.22580645161290322,-0.10967741935483871,0.6774193548387096,-0.0064516129032258064,0.5548387096774193,0.0,0.4129032258064516,-0.04516129032258064,0.21935483870967742,0.09032258064516129,0.6,0.13548387096774195,0.4967741935483871,0.13548387096774195,0.36129032258064514,0.10967741935483871
0,0.0,0.0,0.16455696202531644,-0.2468354430379747,0.4177215189873418,-0.5506329113924051,0.5253164556962026,-0.7784810126582279,0.5253164556962026,-1.0,0.3670886075949367,-0.5063291139240507,0.7974683544303798,-0.4050632911392405,0.689873417721519,-0.33544303797468356,0.5379746835443038,-0.35443037974683544,0.2974683544303797,-0.2911392405063291,0.7658227848101266,-0.18354430379746836,0.6392405063291139,-0.1518987341772152,0.4810126582278481,-0.18354430379746836,0.2721518987341772,-0.0759493670886076,0.7088607594936709,0.0,0.5822784810126582,0.006329113924050633,0.43670886075949367,-0.0189873417721519,0.26582278481012656,0.12658227848101267,0.6329113924050633,0.15822784810126583,0.5379746835443038,0.1518987341772152,0.3924050632911392,0.13291139240506328
0,0.0,0.0,0.17142857142857143,-0.25,0.4714285714285714,-0.5571428571428572,0.6285714285714286,-0.7785714285714286,0.7214285714285714,-1.0,0.4857142857142857,-0.55,1.0,-0.42857142857142855,0.8642857142857143,-0.35714285714285715,0.6857142857142857,-0.38571428571428573,0.42142857142857143,-0.3142857142857143,0.9571428571428572,-0.17857142857142858,0.8,-0.15714285714285714,0.6142857142857143,-0.18571428571428572,0.37857142857142856,-0.07142857142857142,0.8642857142857143,0.03571428571428571,0.7142857142857143,0.03571428571428571,0.5428571428571428,0.0,0.36428571428571427,0.15714285714285714,0.7571428571428571,0.19285714285714287,0.6285714285714286,0.18571428571428572,0.4642857142857143,0.15714285714285714
0,0.0,0.0,0.17857142857142858,-0.2714285714285714,0.36428571428571427,-0.5285714285714286,0.42142857142857143,-0.7785714285714286,0.40714285714285714,-1.0,0.6428571428571429,-0.38571428571428573,0.9857142857142858,-0.2571428571428571,0.8642857142857143,-0.21428571428571427,0.7071428571428572,-0.25,0.6214285714285714,-0.16428571428571428,0.9285714285714286,-0.07142857142857142,0.8214285714285714,-0.05,0.6785714285714286,-0.07857142857142857,0.5785714285714286,0.04285714285714286,0.8357142857142857,0.11428571428571428,0.7571428571428571,0.12857142857142856,0.6285714285714286,0.1,0.5285714285714286,0.12857142857142856,0.7571428571428571,0.12857142857142856,0.6785714285714286,0.12857142857142856,0.5714285714285714,0.12857142857142856
0,0.0,0.0,0.13533834586466165,-0.13533834586466165,0.2857142857142857,-0.44360902255639095,0.2706766917293233,-0.7293233082706767,0.20300751879699247,-0.9548872180451128,0.8721804511278195,-0.18045112781954886,1.0,-0.11278195488721804,0.8646616541353384,-0.09774436090225563,0.7293233082706767,-0.12030075187969924,0.8796992481203008,0.0,1.0,0.0,0.8796992481203008,0.0,0.7443609022556391,0.0,0.8195488721804511,0.0,0.9473684210526315,0.0,0.849624060150376,0.0,0.7368421052631579,0.0,0.7443609022556391,0.0,0.8646616541353384,0.0,0.7744360902255639,0.0,0.6766917293233082,0.0
0,0.0,0.0,0.112,-0.088,0.272,-0.352,0.36,-0.568,0.432,-0.784,0.88,-0.064,1.0,-0.016,0.896,0.0,0.792,0.0,0.88,0.0,1.0,0.0,0.912,0.0,0.808,0.0,0.832,0.0,0.936,0.0,0.872,0.0,0.8,0.0,0.768,0.0,0.88,0.0,0.832,0.0,0.776,0.0
0,0.0,0.0,0.125,-0.25,0.3,-0.45,0.375,-0.675,0.4,-0.9,0.675,-0.14166666666666666,0.9166666666666666,-0.08333333333333333,1.0,-0.05,0.9916666666666667,-0.03333333333333333,0.6333333333333333,0.016666666666666666,0.8666666666666667,0.06666666666666667,0.95,0.075,0.9666666666666667,0.08333333333333333,0.5666666666666667,0.08333333333333333,0.7666666666666667,0.08333333333333333,0.85,0.08333333333333333,0.8833333333333333,0.08333333333333333,0.5,0.08333333333333333,0.65,0.08333333333333333,0.725,0.08333333333333333,0.75,0.08333333333333333
0,0.0,0.0,-0.019230769230769232,-0.20192307692307693,-0.14423076923076922,-0.5192307692307693,-0.2980769230769231,-0.7307692307692307,-0.4326923076923077,-0.9134615384615384,-0.46153846153846156,-0.5673076923076923,-0.46153846153846156,-0.7596153846153846,-0.5096153846153846,-0.9038461538461539,-0.5769230769230769,-1.0,-0.5769230769230769,-0.3557692307692308,-0.22115384615384615,-0.4807692307692308,0.0673076923076923,-0.5096153846153846,0.2403846153846154,-0.5,-0.5576923076923077,-0.09615384615384616,-0.19230769230769232,-0.17307692307692307,0.08653846153846154,-0.23076923076923078,0.27884615384615385,-0.25,-0.4519230769230769,0.0,-0.15384615384615385,0.0,0.07692307692307693,-0.009615384615384616,0.2403846153846154,-0.0673076923076923
0,0.0,0.0,0.23387096774193547,-0.24193548387096775,0.5564516129032258,-0.47580645161290325,0.8225806451612904,-0.6693548387096774,1.0,-0.8870967741935484,0.3387096774193548,-0.43548387096774194,0.8548387096774194,-0.3467741935483871,0.8387096774193549,-0.29838709677419356,0.7016129032258065,-0.3064516129032258,0.25,-0.1774193548387097,0.8548387096774194,-0.08064516129032258,0.7741935483870968,-0.056451612903225805,0.6048387096774194,-0.06451612903225806,0.20967741935483872,0.06451612903225806,0.7580645161290323,0.11290322580645161,0.6774193548387096,0.11290322580645161,0.5241935483870968,0.11290322580645161,0.1935483870967742,0.11290322580645161,0.6129032258064516,0.11290322580645161,0.5645161290322581,0.11290322580645161,0.4435483870967742,0.11290322580645161
0,0.0,0.0,0.2152777777777778,-0.20833333333333334,0.5486111111111112,-0.4652777777777778,0.8055555555555556,-0.6597222222222222,1.0,-0.875,0.3611111111111111,-0.5069444444444444,0.875,-0.4444444444444444,0.7777777777777778,-0.3541666666666667,0.5972222222222222,-0.3541666666666667,0.2986111111111111,-0.2638888888888889,0.8472222222222222,-0.16666666666666666,0.7152777777777778,-0.10416666666666667,0.5277777777777778,-0.11805555555555555,0.2638888888888889,-0.013888888888888888,0.7430555555555556,0.0,0.625,0.0,0.4444444444444444,0.0,0.25,0.0,0.6388888888888888,0.0,0.5416666666666666,0.0,0.3958333333333333,0.0
0,0.0,0.0,0.23943661971830985,-0.14788732394366197,0.5563380281690141,-0.4647887323943662,0.8098591549295775,-0.6901408450704225,1.0,-0.9154929577464789,0.3873239436619718,-0.5492957746478874,0.9154929577464789,-0.4507042253521127,0.8309859154929577,-0.34507042253521125,0.6549295774647887,-0.34507042253521125,0.31690140845070425,-0.3028169014084507,0.8873239436619719,-0.22535211267605634,0.7816901408450704,-0.14084507042253522,0.6126760563380281,-0.13380281690140844,0.2887323943661972,-0.04929577464788732,0.8169014084507042,0.0,0.704225352112676,0.0,0.5352112676056338,0.0,0.28169014084507044,0.0,0.7183098591549296,0.0,0.647887323943662,0.0,0.5,0.0
0,0.0,0.0,0.16025641025641027,-0.25,0.4423076923076923,-0.5448717948717948,0.6666666666666666,-0.782051282051282,0.8141025641025641,-1.0,0.3269230769230769,-0.5705128205128205,0.8076923076923077,-0.5576923076923077,0.7307692307692307,-0.47435897435897434,0.5641025641025641,-0.47435897435897434,0.2948717948717949,-0.36538461538461536,0.8012820512820513,-0.358974358974359,0.6987179487179487,-0.28846153846153844,0.5448717948717948,-0.28205128205128205,0.30128205128205127,-0.15384615384615385,0.75,-0.16666666666666666,0.6410256410256411,-0.10256410256410256,0.5,-0.08974358974358974,0.3333333333333333,0.038461538461538464,0.6923076923076923,0.00641025641025641,0.5961538461538461,0.0641025641025641,0.46794871794871795,0.07692307692307693
0,0.0,0.0,0.0546448087431694,-0.2459016393442623,0.2185792349726776,-0.5628415300546448,0.32786885245901637,-0.8032786885245902,0.30601092896174864,-1.0,0.21311475409836064,-0.6284153005464481,0.639344262295082,-0.6557377049180327,0.5792349726775956,-0.5519125683060109,0.44808743169398907,-0.5245901639344263,0.22950819672131148,-0.45901639344262296,0.6721311475409836,-0.4918032786885246,0.5901639344262295,-0.4098360655737705,0.45901639344262296,-0.3825136612021858,0.2677595628415301,-0.2677595628415301,0.6612021857923497,-0.3005464480874317,0.5683060109289617,-0.23497267759562843,0.44808743169398907,-0.2185792349726776,0.3224043715846995,-0.08196721311475409,0.6502732240437158,-0.13114754098360656,0.5683060109289617,-0.07650273224043716,0.44808743169398907,-0.0546448087431694
0,0.0,0.0,0.021164021164021163,-0.25396825396825395,0.13227513227513227,-0.582010582010582,0.164021164021164,-0.8201058201058201,0.07936507936507936,-1.0,0.15873015873015872,-0.6137566137566137,0.582010582010582,-0.6349206349206349,0.5079365079365079,-0.5396825396825397,0.37566137566137564,-0.5343915343915344,0.18518518518518517,-0.43915343915343913,0.6190476190476191,-0.4603174603174603,0.5238095238095238,-0.3862433862433862,0.3968253968253968,-0.38095238095238093,0.2275132275132275,-0.25396825396825395,0.6243386243386243,-0.2751322751322751,0.5291005291005291,-0.21693121693121692,0.4021164021164021,-0.21693121693121692,0.2857142857142857,-0.06878306878306878,0.6190476190476191,-0.1164021164021164,0.5343915343915344,-0.06878306878306878,0.4074074074074074,-0.05291005291005291
0,0.0,0.0,0.026455026455026454,-0.25925925925925924,0.164021164021164,-0.5767195767195767,0.2275132275132275,-0.8095238095238095,0.1693121693121693,-1.0,0.19047619047619047,-0.6031746031746031,0.6243386243386243,-0.6031746031746031,0.5608465608465608,-0.5026455026455027,0.42328042328042326,-0.49206349206349204,0.20634920634920634,-0.42857142857142855,0.656084656084656,-0.41798941798941797,0.5608465608465608,-0.3439153439153439,0.42857142857142855,-0.3439153439153439,0.23809523809523808,-0.2328042328042328,0.6455026455026455,-0.23809523809523808,0.544973544973545,-0.17989417989417988,0.42328042328042326,-0.18518518518518517,0.2857142857142857,-0.05291005291005291,0.6190476190476191,-0.07936507936507936,0.5291005291005291,-0.042328042328042326,0.4074074074074074,-0.037037037037037035
0,0.0,0.0,0.08648648648648649,-0.2648648648648649,0.2810810810810811,-0.5621621621621622,0.4,-0.7945945945945946,0.3891891891891892,-1.0,0.24864864864864866,-0.6270270270270271,0.6918918918918919,-0.5783783783783784,0.6216216216216216,-0.4810810810810811,0.4864864864864865,-0.4864864864864865,0.23783783783783785,-0.4486486486486487,0.7081081081081081,-0.3891891891891892,0.6054054054054054,-0.32432432432432434,0.4702702702702703,-0.33513513513513515,0.25405405405405407,-0.24864864864864866,0.6756756756756757,-0.20540540540540542,0.5621621621621622,-0.15675675675675677,0.43783783783783786,-0.17297297297297298,0.2810810810810811,-0.05405405405405406,0.6324324324324324,-0.043243243243243246,0.5351351351351351,-0.021621621621621623,0.41081081081081083,-0.032432432432432434
0,0.0,0.0,0.21019108280254778,-0.29936305732484075,0.5286624203821656,-0.5987261146496815,0.802547770700637,-0.8152866242038217,1.0,-1.0,0.36942675159235666,-0.7515923566878981,0.8726114649681529,-0.6496815286624203,0.7898089171974523,-0.535031847133758,0.6305732484076433,-0.554140127388535,0.31210191082802546,-0.535031847133758,0.8598726114649682,-0.42038216560509556,0.7452229299363057,-0.34394904458598724,0.5859872611464968,-0.37579617834394907,0.29936305732484075,-0.2929936305732484,0.802547770700637,-0.21019108280254778,0.6687898089171974,-0.15286624203821655,0.5222929936305732,-0.18471337579617833,0.31210191082802546,-0.05732484076433121,0.7452229299363057,-0.025477707006369428,0.6369426751592356,0.006369426751592357,0.47770700636942676,-0.025477707006369428
0,0.0,0.0,0.18867924528301888,-0.3018867924528302,0.5031446540880503,-0.5974842767295597,0.7861635220125787,-0.7987421383647799,1.0,-0.9559748427672956,0.36477987421383645,-0.7484276729559748,0.8679245283018868,-0.6415094339622641,0.779874213836478,-0.5220125786163522,0.6226415094339622,-0.5408805031446541,0.3081761006289308,-0.5408805031446541,0.8427672955974843,-0.41509433962264153,0.7232704402515723,-0.33962264150943394,0.5723270440251572,-0.37735849056603776,0.2830188679245283,-0.3018867924528302,0.7924528301886793,-0.20754716981132076,0.6540880503144654,-0.1509433962264151,0.5094339622641509,-0.18238993710691823,0.29559748427672955,-0.06918238993710692,0.7295597484276729,-0.025157232704402517,0.6226415094339622,0.006289308176100629,0.46540880503144655,-0.018867924528301886
0,0.0,0.0,0.1746987951807229,-0.30120481927710846,0.4457831325301205,-0.5963855421686747,0.6807228915662651,-0.8132530120481928,0.8433734939759037,-1.0,0.3373493975903614,-0.6927710843373494,0.8132530120481928,-0.6204819277108434,0.7349397590361446,-0.5180722891566265,0.5963855421686747,-0.5421686746987951,0.2891566265060241,-0.4879518072289157,0.8132530120481928,-0.39156626506024095,0.6987951807228916,-0.3192771084337349,0.5662650602409639,-0.3493975903614458,0.28313253012048195,-0.25301204819277107,0.7650602409638554,-0.18674698795180722,0.6325301204819277,-0.13253012048192772,0.4939759036144578,-0.16265060240963855,0.3072289156626506,-0.030120481927710843,0.7168674698795181,-0.012048192771084338,0.608433734939759,0.024096385542168676,0.463855421686747,0.0
0,0.0,0.0,0.08602150537634409,-0.26344086021505375,0.2956989247311828,-0.5591397849462365,0.45698924731182794,-0.7849462365591398,0.5053763440860215,-1.0,0.23118279569892472,-0.6344086021505376,0.6612903225806451,-0.6021505376344086,0.5860215053763441,-0.5053763440860215,0.45698924731182794,-0.510752688172043,0.22043010752688172,-0.44623655913978494,0.6827956989247311,-0.41397849462365593,0.5698924731182796,-0.3387096774193548,0.44086021505376344,-0.34408602150537637,0.24193548387096775,-0.24731182795698925,0.6612903225806451,-0.22580645161290322,0.532258064516129,-0.17204301075268819,0.4032258064516129,-0.1827956989247312,0.27419354838709675,-0.053763440860215055,0.6236559139784946,-0.06451612903225806,0.521505376344086,-0.03225806451612903,0.3924731182795699,-0.03763440860215054
0,0.0,0.0,0.08762886597938144,-0.25773195876288657,0.26288659793814434,-0.5618556701030928,0.36597938144329895,-0.7989690721649485,0.32989690721649484,-1.0,0.1958762886597938,-0.6237113402061856,0.6185567010309279,-0.5927835051546392,0.5463917525773195,-0.5051546391752577,0.422680412371134,-0.5154639175257731,0.19072164948453607,-0.44329896907216493,0.6391752577319587,-0.4072164948453608,0.5309278350515464,-0.3402061855670103,0.4072164948453608,-0.3556701030927835,0.211340206185567,-0.25257731958762886,0.6288659793814433,-0.23195876288659795,0.5103092783505154,-0.18041237113402062,0.3917525773195876,-0.1958762886597938,0.25257731958762886,-0.061855670103092786,0.5979381443298969,-0.07731958762886598,0.5051546391752577,-0.04639175257731959,0.38144329896907214,-0.05154639175257732
0,0.0,0.0,0.08333333333333333,-0.2604166666666667,0.265625,-0.5625,0.3645833333333333,-0.796875,0.3229166666666667,-1.0,0.22395833333333334,-0.6145833333333334,0.6458333333333334,-0.5989583333333334,0.5833333333333334,-0.5052083333333334,0.4479166666666667,-0.5,0.21354166666666666,-0.4375,0.6822916666666666,-0.3958333333333333,0.578125,-0.328125,0.4375,-0.328125,0.22916666666666666,-0.23958333333333334,0.65625,-0.21875,0.546875,-0.16666666666666666,0.4166666666666667,-0.18229166666666666,0.2604166666666667,-0.052083333333333336,0.6145833333333334,-0.0625,0.5260416666666666,-0.036458333333333336,0.4010416666666667,-0.041666666666666664
0,0.0,0.0,0.11229946524064172,-0.25668449197860965,0.29411764705882354,-0.5561497326203209,0.3850267379679144,-0.7914438502673797,0.3422459893048128,-1.0,0.23529411764705882,-0.6149732620320856,0.6577540106951871,-0.5668449197860963,0.5775401069518716,-0.47058823529411764,0.44919786096256686,-0.4919786096256685,0.19786096256684493,-0.43315508021390375,0.6684491978609626,-0.3582887700534759,0.5508021390374331,-0.2887700534759358,0.41711229946524064,-0.31016042780748665,0.1925133689839572,-0.22994652406417113,0.6310160427807486,-0.1711229946524064,0.5026737967914439,-0.12834224598930483,0.37967914438502676,-0.15508021390374332,0.20855614973262032,-0.03208556149732621,0.5828877005347594,-0.0213903743315508,0.48128342245989303,-0.0053475935828877,0.35294117647058826,-0.0213903743315508
0,0.0,0.0,0.25274725274725274,-0.32967032967032966,0.3956043956043956,-0.6318681318681318,0.5274725274725275,-0.8351648351648352,0.6703296703296703,-1.0,0.04945054945054945,-0.8571428571428571,0.45054945054945056,-0.7967032967032966,0.45604395604395603,-0.6318681318681318,0.38461538461538464,-0.5934065934065934,-0.04395604395604396,-0.6978021978021978,0.43956043956043955,-0.5714285714285714,0.38461538461538464,-0.45054945054945056,0.2692307692307692,-0.45604395604395603,-0.07692307692307693,-0.4945054945054945,0.3901098901098901,-0.3626373626373626,0.31868131868131866,-0.2692307692307692,0.2087912087912088,-0.2857142857142857,-0.07692307692307693,-0.29120879120879123,0.2802197802197802,-0.19230769230769232,0.23626373626373626,-0.13736263736263737,0.12637362637362637,-0.15934065934065933
0,0.0,0.0,0.2573099415204678,-0.28654970760233917,0.4152046783625731,-0.5964912280701754,0.5497076023391813,-0.8128654970760234,0.6842105263157895,-1.0,0.017543859649122806,-0.8245614035087719,0.43859649122807015,-0.7719298245614035,0.4444444444444444,-0.6081871345029239,0.3391812865497076,-0.5730994152046783,-0.08187134502923976,-0.6608187134502924,0.42105263157894735,-0.5555555555555556,0.3742690058479532,-0.4327485380116959,0.2573099415204678,-0.43859649122807015,-0.11695906432748537,-0.4502923976608187,0.36257309941520466,-0.34502923976608185,0.29239766081871343,-0.25146198830409355,0.1695906432748538,-0.2631578947368421,-0.1111111111111111,-0.24561403508771928,0.2807017543859649,-0.17543859649122806,0.22807017543859648,-0.11695906432748537,0.1111111111111111,-0.12280701754385964
0,0.0,0.0,0.2205128205128205,-0.26666666666666666,0.3435897435897436,-0.5743589743589743,0.4358974358974359,-0.7948717948717948,0.5076923076923077,-1.0,0.05641025641025641,-0.764102564102564,0.4307692307692308,-0.7230769230769231,0.4153846153846154,-0.5743589743589743,0.3076923076923077,-0.5435897435897435,-0.02564102564102564,-0.6205128205128205,0.4205128205128205,-0.5384615384615384,0.358974358974359,-0.4153846153846154,0.24615384615384617,-0.41025641025641024,-0.046153846153846156,-0.441025641025641,0.37948717948717947,-0.35384615384615387,0.3128205128205128,-0.24615384615384617,0.20512820512820512,-0.2512820512820513,-0.035897435897435895,-0.2512820512820513,0.3128205128205128,-0.18461538461538463,0.26153846153846155,-0.11282051282051282,0.14871794871794872,-0.11282051282051282
0,0.0,0.0,0.13855421686746988,-0.37349397590361444,0.4036144578313253,-0.6265060240963856,0.6204819277108434,-0.8132530120481928,0.7108433734939759,-1.0,0.7590361445783133,-0.608433734939759,0.9819277108433735,-0.5,0.8855421686746988,-0.43373493975903615,0.7710843373493976,-0.42168674698795183,0.8192771084337349,-0.3795180722891566,0.9759036144578314,-0.3132530120481928,0.8795180722891566,-0.25903614457831325,0.7530120481927711,-0.25301204819277107,0.8373493975903614,-0.15060240963855423,0.9578313253012049,-0.13855421686746988,0.8674698795180723,-0.0963855421686747,0.7409638554216867,-0.09036144578313253,0.8192771084337349,0.05421686746987952,0.9156626506024096,0.030120481927710843,0.8253012048192772,0.05421686746987952,0.7228915662650602,0.060240963855421686
0,0.0,0.0,0.022857142857142857,-0.36,0.17142857142857143,-0.6171428571428571,0.32571428571428573,-0.8114285714285714,0.36,-1.0,0.6285714285714286,-0.6057142857142858,0.5657142857142857,-0.52,0.45714285714285713,-0.45714285714285713,0.38285714285714284,-0.42857142857142855,0.72,-0.4114285714285714,0.6342857142857142,-0.37142857142857144,0.5314285714285715,-0.3314285714285714,0.4514285714285714,-0.2914285714285714,0.7428571428571429,-0.22285714285714286,0.6742857142857143,-0.21142857142857144,0.5828571428571429,-0.18285714285714286,0.49142857142857144,-0.16,0.7314285714285714,-0.045714285714285714,0.6857142857142857,-0.05142857142857143,0.5885714285714285,-0.03428571428571429,0.5028571428571429,-0.02857142857142857
0,0.0,0.0,0.024844720496894408,-0.32919254658385094,0.11180124223602485,-0.6273291925465838,0.21739130434782608,-0.84472049689441,0.3167701863354037,-1.0,0.6211180124223602,-0.6149068322981367,0.6708074534161491,-0.4658385093167702,0.5527950310559007,-0.40372670807453415,0.4409937888198758,-0.40372670807453415,0.7204968944099379,-0.42857142857142855,0.7267080745341615,-0.2857142857142857,0.6024844720496895,-0.2360248447204969,0.484472049689441,-0.2360248447204969,0.7577639751552795,-0.2236024844720497,0.7453416149068323,-0.10559006211180125,0.6335403726708074,-0.062111801242236024,0.5341614906832298,-0.07453416149068323,0.7515527950310559,-0.012422360248447204,0.7639751552795031,0.09316770186335403,0.6708074534161491,0.12422360248447205,0.5900621118012422,0.11801242236024845
0,0.0,0.0,0.03896103896103896,-0.37662337662337664,0.23376623376623376,-0.6233766233766234,0.43506493506493504,-0.7987012987012987,0.5194805194805194,-1.0,0.7597402597402597,-0.487012987012987,0.6233766233766234,-0.5064935064935064,0.4935064935064935,-0.461038961038961,0.42857142857142855,-0.4155844155844156,0.8181818181818182,-0.2597402597402597,0.6818181818181818,-0.3051948051948052,0.5584415584415584,-0.2922077922077922,0.487012987012987,-0.24675324675324675,0.7857142857142857,-0.05194805194805195,0.6883116883116883,-0.11038961038961038,0.5909090909090909,-0.1038961038961039,0.512987012987013,-0.06493506493506493,0.7142857142857143,0.12337662337662338,0.6753246753246753,0.07142857142857142,0.5909090909090909,0.07142857142857142,0.525974025974026,0.1038961038961039
0,0.0,0.0,-0.011299435028248588,-0.3333333333333333,0.05084745762711865,-0.5932203389830508,0.06779661016949153,-0.8192090395480226,0.022598870056497175,-1.0,0.5988700564971752,-0.5536723163841808,0.536723163841808,-0.480225988700565,0.4350282485875706,-0.423728813559322,0.3615819209039548,-0.3954802259887006,0.6949152542372882,-0.3615819209039548,0.6045197740112994,-0.3389830508474576,0.5084745762711864,-0.3107344632768362,0.4350282485875706,-0.2711864406779661,0.7005649717514124,-0.1751412429378531,0.615819209039548,-0.2033898305084746,0.5310734463276836,-0.1807909604519774,0.4576271186440678,-0.14689265536723164,0.6666666666666666,-0.022598870056497175,0.615819209039548,-0.062146892655367235,0.536723163841808,-0.05084745762711865,0.4689265536723164,-0.02824858757062147
0,0.0,0.0,-0.023809523809523808,-0.3273809523809524,0.011904761904761904,-0.6011904761904762,0.011904761904761904,-0.8333333333333334,-0.06547619047619048,-1.0,0.6071428571428571,-0.5773809523809523,0.5535714285714286,-0.5,0.44642857142857145,-0.44642857142857145,0.3630952380952381,-0.4107142857142857,0.7083333333333334,-0.375,0.6130952380952381,-0.3392857142857143,0.5119047619047619,-0.31547619047619047,0.44047619047619047,-0.27380952380952384,0.7142857142857143,-0.17261904761904762,0.625,-0.17857142857142858,0.5416666666666666,-0.16666666666666666,0.4642857142857143,-0.13690476190476192,0.6785714285714286,0.0,0.625,-0.023809523809523808,0.5416666666666666,-0.017857142857142856,0.47023809523809523,0.0
0,0.0,0.0,-0.0055248618784530384,-0.30939226519337015,0.04419889502762431,-0.569060773480663,0.06629834254143646,-0.8066298342541437,0.03314917127071823,-1.0,0.585635359116022,-0.5027624309392266,0.5082872928176796,-0.46408839779005523,0.40331491712707185,-0.4143646408839779,0.3314917127071823,-0.3756906077348066,0.6685082872928176,-0.30386740331491713,0.56353591160221,-0.2983425414364641,0.4696132596685083,-0.281767955801105,0.39779005524861877,-0.2430939226519337,0.6574585635359116,-0.11602209944751381,0.574585635359116,-0.13812154696132597,0.4972375690607735,-0.13259668508287292,0.425414364640884,-0.09944751381215469,0.6132596685082873,0.03867403314917127,0.569060773480663,0.011049723756906077,0.4861878453038674,0.011049723756906077,0.4198895027624309,0.027624309392265192
0,0.0,0.0,0.022988505747126436,-0.3448275862068966,0.15517241379310345,-0.5919540229885057,0.29310344827586204,-0.8045977011494253,0.3448275862068966,-1.0,0.6494252873563219,-0.5172413793103449,0.5402298850574713,-0.5057471264367817,0.42528735632183906,-0.4540229885057471,0.3505747126436782,-0.40804597701149425,0.735632183908046,-0.3103448275862069,0.6091954022988506,-0.3333333333333333,0.5057471264367817,-0.3103448275862069,0.43103448275862066,-0.27011494252873564,0.7241379310344828,-0.1206896551724138,0.632183908045977,-0.16666666666666666,0.5459770114942529,-0.14942528735632185,0.47126436781609193,-0.11494252873563218,0.6839080459770115,0.040229885057471264,0.632183908045977,-0.005747126436781609,0.5517241379310345,0.0,0.4827586206896552,0.017241379310344827
0,0.0,0.0,0.02531645569620253,-0.36075949367088606,0.1962025316455696,-0.6075949367088608,0.3860759493670886,-0.7974683544303798,0.47468354430379744,-1.0,0.7151898734177216,-0.5,0.5759493670886076,-0.46835443037974683,0.45569620253164556,-0.4240506329113924,0.3860759493670886,-0.4050632911392405,0.7974683544303798,-0.27848101265822783,0.6329113924050633,-0.2848101265822785,0.5253164556962026,-0.2721518987341772,0.4620253164556962,-0.24050632911392406,0.7848101265822784,-0.0759493670886076,0.6645569620253164,-0.10759493670886076,0.5759493670886076,-0.10126582278481013,0.5,-0.08227848101265822,0.7278481012658228,0.08860759493670886,0.6772151898734177,0.056962025316455694,0.5949367088607594,0.056962025316455694,0.5253164556962026,0.06962025316455696
0,0.0,0.0,-0.006024096385542169,-0.3192771084337349,0.12048192771084337,-0.5783132530120482,0.25301204819277107,-0.8012048192771084,0.3072289156626506,-1.0,0.6445783132530121,-0.5120481927710844,0.5421686746987951,-0.43373493975903615,0.42771084337349397,-0.37349397590361444,0.3614457831325301,-0.3433734939759036,0.7289156626506024,-0.30120481927710846,0.6144578313253012,-0.25903614457831325,0.5060240963855421,-0.2289156626506024,0.42771084337349397,-0.1927710843373494,0.7349397590361446,-0.10843373493975904,0.6325301204819277,-0.0963855421686747,0.5421686746987951,-0.07228915662650602,0.46987951807228917,-0.05421686746987952,0.6927710843373494,0.060240963855421686,0.6265060240963856,0.060240963855421686,0.5421686746987951,0.07228915662650602,0.4759036144578313,0.07228915662650602
0,0.0,0.0,0.0056179775280898875,-0.30337078651685395,0.06741573033707865,-0.5617977528089888,0.0898876404494382,-0.8033707865168539,0.033707865168539325,-1.0,0.5955056179775281,-0.48314606741573035,0.4943820224719101,-0.42696629213483145,0.39325842696629215,-0.37640449438202245,0.3258426966292135,-0.34269662921348315,0.6741573033707865,-0.2808988764044944,0.5449438202247191,-0.25842696629213485,0.4550561797752809,-0.23595505617977527,0.38764044943820225,-0.20224719101123595,0.6685393258426966,-0.08426966292134831,0.550561797752809,-0.08426966292134831,0.47752808988764045,-0.07303370786516854,0.4157303370786517,-0.05056179775280899,0.6235955056179775,0.07303370786516854,0.5449438202247191,0.07303370786516854,0.46629213483146065,0.07303370786516854,0.4101123595505618,0.08426966292134831
0,0.0,0.0,-0.09852216748768473,-0.3054187192118227,-0.1477832512315271,-0.5911330049261084,-0.14285714285714285,-0.812807881773399,-0.09852216748768473,-1.0,0.009852216748768473,-0.5665024630541872,-0.32019704433497537,-0.5123152709359606,-0.2857142857142857,-0.41379310344827586,-0.18226600985221675,-0.4236453201970443,0.059113300492610835,-0.39901477832512317,-0.32019704433497537,-0.3399014778325123,-0.2512315270935961,-0.28078817733990147,-0.1477832512315271,-0.2955665024630542,0.07881773399014778,-0.23645320197044334,-0.28078817733990147,-0.18719211822660098,-0.21182266009852216,-0.15763546798029557,-0.10344827586206896,-0.17733990147783252,0.07881773399014778,-0.08374384236453201,-0.21674876847290642,-0.054187192118226604,-0.1625615763546798,-0.03940886699507389,-0.04926108374384237,-0.054187192118226604
0,0.0,0.0,-0.10256410256410256,-0.30256410256410254,-0.15384615384615385,-0.5794871794871795,-0.15897435897435896,-0.8102564102564103,-0.12307692307692308,-1.0,0.02564102564102564,-0.5333333333333333,-0.31794871794871793,-0.5025641025641026,-0.2923076923076923,-0.41025641025641024,-0.18461538461538463,-0.4205128205128205,0.07692307692307693,-0.35384615384615387,-0.3282051282051282,-0.3230769230769231,-0.27692307692307694,-0.2564102564102564,-0.1641025641025641,-0.2717948717948718,0.08717948717948718,-0.18461538461538463,-0.28717948717948716,-0.15897435897435896,-0.2358974358974359,-0.1282051282051282,-0.1282051282051282,-0.15384615384615385,0.07179487179487179,-0.035897435897435895,-0.22564102564102564,-0.020512820512820513,-0.18461538461538463,-0.020512820512820513,-0.07692307692307693,-0.041025641025641026
0,0.0,0.0,-0.11046511627906977,-0.29651162790697677,-0.19767441860465115,-0.5813953488372093,-0.29651162790697677,-0.8023255813953488,-0.36046511627906974,-1.0,0.13372093023255813,-0.5406976744186046,-0.26744186046511625,-0.45930232558139533,-0.26744186046511625,-0.38372093023255816,-0.1569767441860465,-0.3953488372093023,0.19767441860465115,-0.3430232558139535,-0.2558139534883721,-0.27325581395348836,-0.21511627906976744,-0.23255813953488372,-0.10465116279069768,-0.25,0.20930232558139536,-0.14534883720930233,-0.21511627906976744,-0.09302325581395349,-0.18604651162790697,-0.0755813953488372,-0.0872093023255814,-0.08139534883720931,0.19186046511627908,0.03488372093023256,-0.11627906976744186,0.06976744186046512,-0.12790697674418605,0.05813953488372093,-0.06395348837209303,0.046511627906976744
0,0.0,0.0,-0.05641025641025641,-0.27692307692307694,-0.08717948717948718,-0.5897435897435898,-0.13333333333333333,-0.8205128205128205,-0.16923076923076924,-1.0,0.22564102564102564,-0.6,-0.1076923076923077,-0.558974358974359,-0.13333333333333333,-0.4564102564102564,-0.041025641025641026,-0.4461538461538462,0.28717948717948716,-0.441025641025641,-0.1076923076923077,-0.38461538461538464,-0.1076923076923077,-0.31794871794871793,0.0,-0.3230769230769231,0.29743589743589743,-0.2564102564102564,-0.07692307692307693,-0.22564102564102564,-0.07179487179487179,-0.17435897435897435,0.02564102564102564,-0.17435897435897435,0.27692307692307694,-0.08205128205128205,0.005128205128205128,-0.07692307692307693,-0.005128205128205128,-0.06666666666666667,0.06153846153846154,-0.07179487179487179
0,0.0,0.0,-0.10126582278481013,-0.25949367088607594,-0.1518987341772152,-0.5632911392405063,-0.23417721518987342,-0.7911392405063291,-0.2911392405063291,-1.0,0.26582278481012656,-0.4810126582278481,-0.14556962025316456,-0.41139240506329117,-0.17721518987341772,-0.34810126582278483,-0.06962025316455696,-0.34810126582278483,0.34810126582278483,-0.27848101265822783,-0.15822784810126583,-0.189873417721519,-0.12025316455696203,-0.18354430379746836,0.012658227848101266,-0.2088607594936709,0.36075949367088606,-0.06962025316455696,-0.12658227848101267,-0.006329113924050633,-0.0949367088607595,0.0,0.0379746835443038,-0.02531645569620253,0.3291139240506329,0.12025316455696203,-0.05063291139240506,0.17088607594936708,-0.03164556962025317,0.16455696202531644,0.0759493670886076,0.1518987341772152
0,0.0,0.0,-0.05851063829787234,-0.26063829787234044,-0.026595744680851064,-0.574468085106383,-0.026595744680851064,-0.8031914893617021,-0.015957446808510637,-1.0,0.31382978723404253,-0.526595744680851,-0.031914893617021274,-0.5106382978723404,-0.09042553191489362,-0.43617021276595747,0.0,-0.4148936170212766,0.3776595744680851,-0.35106382978723405,-0.03723404255319149,-0.31382978723404253,-0.05851063829787234,-0.28191489361702127,0.047872340425531915,-0.2978723404255319,0.3829787234042553,-0.16489361702127658,-0.026595744680851064,-0.14893617021276595,-0.0425531914893617,-0.11702127659574468,0.05319148936170213,-0.12234042553191489,0.35638297872340424,-0.005319148936170213,0.031914893617021274,0.0,0.0,0.010638297872340425,0.06914893617021277,0.010638297872340425
0,0.0,0.0,-0.06918238993710692,-0.27672955974842767,0.0,-0.6037735849056604,0.08176100628930817,-0.8176100628930818,0.16352201257861634,-1.0,0.27672955974842767,-0.48427672955974843,-0.14465408805031446,-0.4528301886792453,-0.20125786163522014,-0.3836477987421384,-0.0880503144654088,-0.3710691823899371,0.32075471698113206,-0.2578616352201258,-0.16981132075471697,-0.24528301886792453,-0.16981132075471697,-0.22012578616352202,-0.05660377358490566,-0.22641509433962265,0.3018867924528302,-0.03773584905660377,-0.1320754716981132,-0.050314465408805034,-0.16352201257861634,-0.03773584905660377,-0.07547169811320754,-0.03773584905660377,0.2641509433962264,0.15723270440251572,-0.03773584905660377,0.1509433962264151,-0.08176100628930817,0.12578616352201258,-0.03773584905660377,0.11949685534591195
0,0.0,0.0,-0.03125,-0.275,0.01875,-0.58125,0.0875,-0.8,0.1875,-1.0,0.28125,-0.5,-0.14375,-0.48125,-0.15,-0.375,-0.0125,-0.34375,0.325,-0.3,-0.15625,-0.26875,-0.1125,-0.21875,0.0375,-0.23125,0.3125,-0.0875,-0.13125,-0.075,-0.09375,-0.05,0.0375,-0.05625,0.26875,0.1125,-0.0625,0.10625,-0.04375,0.1,0.05625,0.1
0,0.0,0.0,-0.06,-0.2866666666666667,0.02,-0.6,0.12666666666666668,-0.8,0.25333333333333335,-1.0,0.32666666666666666,-0.5266666666666666,-0.11333333333333333,-0.52,-0.2,-0.4533333333333333,-0.08666666666666667,-0.43333333333333335,0.36,-0.2733333333333333,-0.16,-0.28,-0.19333333333333333,-0.25333333333333335,-0.06,-0.26,0.3333333333333333,-0.02666666666666667,-0.15333333333333332,-0.07333333333333333,-0.19333333333333333,-0.05333333333333334,-0.09333333333333334,-0.05333333333333334,0.2733333333333333,0.17333333333333334,-0.1,0.14666666666666667,-0.14,0.13333333333333333,-0.06,0.13333333333333333
0,0.0,0.0,-0.013986013986013986,-0.2727272727272727,0.06293706293706294,-0.5874125874125874,0.17482517482517482,-0.8041958041958042,0.3006993006993007,-1.0,0.3146853146853147,-0.5104895104895105,-0.15384615384615385,-0.48951048951048953,-0.18181818181818182,-0.36363636363636365,-0.03496503496503497,-0.32867132867132864,0.35664335664335667,-0.2937062937062937,-0.17482517482517482,-0.2517482517482518,-0.13286713286713286,-0.1958041958041958,0.03496503496503497,-0.20279720279720279,0.34265734265734266,-0.055944055944055944,-0.15384615384615385,-0.03496503496503497,-0.11188811188811189,-0.02097902097902098,0.04195804195804196,-0.027972027972027972,0.2867132867132867,0.16083916083916083,-0.08391608391608392,0.16083916083916083,-0.055944055944055944,0.13986013986013987,0.06293706293706294,0.13286713286713286
0,0.0,0.0,-0.028985507246376812,-0.3115942028985507,0.057971014492753624,-0.6231884057971014,0.18115942028985507,-0.8333333333333334,0.3333333333333333,-1.0,0.3115942028985507,-0.5217391304347826,-0.18115942028985507,-0.5434782608695652,-0.2246376811594203,-0.427536231884058,-0.09420289855072464,-0.37681159420289856,0.32608695652173914,-0.2971014492753623,-0.2318840579710145,-0.30434782608695654,-0.2028985507246377,-0.2536231884057971,-0.036231884057971016,-0.2463768115942029,0.2898550724637681,-0.06521739130434782,-0.2246376811594203,-0.08695652173913043,-0.18115942028985507,-0.07246376811594203,-0.036231884057971016,-0.06521739130434782,0.21014492753623187,0.13768115942028986,-0.16666666666666666,0.10869565217391304,-0.13043478260869565,0.10144927536231885,-0.007246376811594203,0.10869565217391304
0,0.0,0.0,-0.007194244604316547,-0.302158273381295,0.06474820143884892,-0.6187050359712231,0.17985611510791366,-0.8273381294964028,0.3381294964028777,-1.0,0.302158273381295,-0.49640287769784175,-0.1510791366906475,-0.5179856115107914,-0.22302158273381295,-0.41007194244604317,-0.1079136690647482,-0.3597122302158273,0.31654676258992803,-0.2589928057553957,-0.22302158273381295,-0.2805755395683453,-0.22302158273381295,-0.22302158273381295,-0.06474820143884892,-0.22302158273381295,0.2733812949640288,-0.02877697841726619,-0.2302158273381295,-0.06474820143884892,-0.2014388489208633,-0.050359712230215826,-0.050359712230215826,-0.04316546762589928,0.20863309352517986,0.17266187050359713,-0.17266187050359713,0.12949640287769784,-0.14388489208633093,0.11510791366906475,-0.014388489208633094,0.1223021582733813
0,0.0,0.0,-0.028985507246376812,-0.2898550724637681,0.043478260869565216,-0.6086956521739131,0.15217391304347827,-0.8260869565217391,0.30434782608695654,-1.0,0.2826086956521739,-0.4855072463768116,-0.21739130434782608,-0.4782608695652174,-0.2391304347826087,-0.37681159420289856,-0.09420289855072464,-0.3333333333333333,0.30434782608695654,-0.2536231884057971,-0.26811594202898553,-0.2318840579710145,-0.2028985507246377,-0.1956521739130435,-0.021739130434782608,-0.2028985507246377,0.2753623188405797,-0.014492753623188406,-0.2536231884057971,-0.014492753623188406,-0.17391304347826086,-0.021739130434782608,0.0,-0.028985507246376812,0.2028985507246377,0.21014492753623187,-0.18840579710144928,0.18115942028985507,-0.12318840579710146,0.15942028985507245,0.028985507246376812,0.15217391304347827
0,0.0,0.0,-0.15503875968992248,-0.2558139534883721,-0.2248062015503876,-0.5658914728682171,-0.3178294573643411,-0.7674418604651163,-0.4108527131782946,-1.0,0.20155038759689922,-0.751937984496124,-0.24806201550387597,-0.5581395348837209,-0.2713178294573643,-0.4496124031007752,-0.13178294573643412,-0.46511627906976744,0.3488372093023256,-0.5271317829457365,-0.17829457364341086,-0.2868217054263566,-0.17054263565891473,-0.26356589147286824,-0.007751937984496124,-0.3488372093023256,0.3953488372093023,-0.2558139534883721,-0.11627906976744186,-0.05426356589147287,-0.11627906976744186,-0.05426356589147287,0.023255813953488372,-0.12403100775193798,0.3953488372093023,-0.015503875968992248,-0.007751937984496124,0.10852713178294573,-0.015503875968992248,0.10852713178294573,0.10077519379844961,0.06201550387596899
0,0.0,0.0,-0.175,-0.225,-0.35833333333333334,-0.625,-0.6166666666666667,-0.8416666666666667,-0.8416666666666667,-1.0,0.2,-0.7416666666666667,-0.11666666666666667,-0.5416666666666666,-0.16666666666666666,-0.48333333333333334,-0.09166666666666666,-0.525,0.44166666666666665,-0.5166666666666667,-0.10833333333333334,-0.19166666666666668,-0.11666666666666667,-0.225,0.0,-0.325,0.5333333333333333,-0.225,-0.016666666666666666,0.025,-0.041666666666666664,-0.008333333333333333,0.06666666666666667,-0.075,0.55,0.03333333333333333,0.10833333333333334,0.19166666666666668,0.058333333333333334,0.175,0.13333333333333333,0.13333333333333333
0,0.0,0.0,-0.1917808219178082,-0.2465753424657534,-0.3561643835616438,-0.5753424657534246,-0.5547945205479452,-0.8013698630136986,-0.7191780821917808,-1.0,0.14383561643835616,-0.6986301369863014,-0.19863013698630136,-0.5136986301369864,-0.22602739726027396,-0.4452054794520548,-0.1232876712328767,-0.4726027397260274,0.3219178082191781,-0.5068493150684932,-0.14383561643835616,-0.2465753424657534,-0.1506849315068493,-0.2602739726027397,-0.0410958904109589,-0.3356164383561644,0.4041095890410959,-0.273972602739726,-0.07534246575342465,-0.0684931506849315,-0.0958904109589041,-0.0684931506849315,0.0136986301369863,-0.13013698630136986,0.4178082191780822,-0.0547945205479452,0.02054794520547945,0.0958904109589041,-0.00684931506849315,0.0958904109589041,0.0821917808219178,0.0547945205479452
0,0.0,0.0,-0.19863013698630136,-0.2465753424657534,-0.3698630136986301,-0.5821917808219178,-0.589041095890411,-0.8013698630136986,-0.7534246575342466,-1.0,0.136986301369863,-0.7191780821917808,-0.2054794520547945,-0.5136986301369864,-0.22602739726027396,-0.4520547945205479,-0.11643835616438356,-0.4931506849315068,0.3150684931506849,-0.5342465753424658,-0.1506849315068493,-0.2534246575342466,-0.1506849315068493,-0.2602739726027397,-0.03424657534246575,-0.3424657534246575,0.3972602739726027,-0.2945205479452055,-0.0821917808219178,-0.0821917808219178,-0.08904109589041095,-0.07534246575342465,0.02054794520547945,-0.136986301369863,0.4178082191780822,-0.0821917808219178,0.0136986301369863,0.0821917808219178,0.0,0.0821917808219178,0.08904109589041095,0.0273972602739726
0,0.0,0.0,-0.20863309352517986,-0.2517985611510791,-0.39568345323741005,-0.5755395683453237,-0.6115107913669064,-0.7985611510791367,-0.7769784172661871,-1.0,0.14388489208633093,-0.697841726618705,-0.19424460431654678,-0.48201438848920863,-0.23741007194244604,-0.4316546762589928,-0.1510791366906475,-0.4748201438848921,0.3381294964028777,-0.49640287769784175,-0.14388489208633093,-0.2158273381294964,-0.17266187050359713,-0.23741007194244604,-0.07913669064748201,-0.3237410071942446,0.4244604316546763,-0.2517985611510791,-0.07913669064748201,-0.03597122302158273,-0.1079136690647482,-0.04316546762589928,-0.007194244604316547,-0.09352517985611511,0.43884892086330934,-0.03597122302158273,0.02877697841726619,0.12949640287769784,-0.02158273381294964,0.1223021582733813,0.04316546762589928,0.07913669064748201
0,0.0,0.0,-0.1464968152866242,-0.2611464968152866,-0.2611464968152866,-0.5923566878980892,-0.4267515923566879,-0.8152866242038217,-0.554140127388535,-1.0,0.2356687898089172,-0.6496815286624203,-0.08917197452229299,-0.49044585987261147,-0.1592356687898089,-0.4140127388535032,-0.07643312101910828,-0.43312101910828027,0.3821656050955414,-0.45222929936305734,-0.03184713375796178,-0.2484076433121019,-0.08917197452229299,-0.2611464968152866,-0.025477707006369428,-0.33121019108280253,0.4394904458598726,-0.22929936305732485,0.012738853503184714,-0.07643312101910828,-0.044585987261146494,-0.07643312101910828,0.03184713375796178,-0.12101910828025478,0.445859872611465,-0.03821656050955414,0.09554140127388536,0.07643312101910828,0.03821656050955414,0.07006369426751592,0.08917197452229299,0.03184713375796178
0,0.0,0.0,-0.12582781456953643,-0.2119205298013245,-0.2251655629139073,-0.5496688741721855,-0.3576158940397351,-0.7880794701986755,-0.4503311258278146,-1.0,0.24503311258278146,-0.5562913907284768,-0.06622516556291391,-0.3841059602649007,-0.10596026490066225,-0.3576158940397351,-0.033112582781456956,-0.39072847682119205,0.41721854304635764,-0.3576158940397351,-0.046357615894039736,-0.11920529801324503,-0.046357615894039736,-0.17880794701986755,0.026490066225165563,-0.2582781456953642,0.48344370860927155,-0.12582781456953643,0.006622516556291391,0.046357615894039736,-0.019867549668874173,0.006622516556291391,0.052980132450331126,-0.052980132450331126,0.48344370860927155,0.06622516556291391,0.09933774834437085,0.17880794701986755,0.046357615894039736,0.152317880794702,0.07947019867549669,0.10596026490066225
0,0.0,0.0,-0.1564625850340136,-0.22448979591836735,-0.272108843537415,-0.5578231292517006,-0.40816326530612246,-0.7891156462585034,-0.5238095238095238,-1.0,0.2108843537414966,-0.564625850340136,-0.09523809523809523,-0.3673469387755102,-0.1564625850340136,-0.32653061224489793,-0.09523809523809523,-0.3673469387755102,0.3945578231292517,-0.36054421768707484,-0.07482993197278912,-0.09523809523809523,-0.09523809523809523,-0.1564625850340136,-0.006802721088435374,-0.2585034013605442,0.46258503401360546,-0.12244897959183673,0.0,0.07482993197278912,-0.034013605442176874,0.02040816326530612,0.047619047619047616,-0.05442176870748299,0.46938775510204084,0.08163265306122448,0.10204081632653061,0.20408163265306123,0.05442176870748299,0.16326530612244897,0.10204081632653061,0.10884353741496598
0,0.0,0.0,-0.125,-0.225,-0.16875,-0.54375,-0.24375,-0.78125,-0.3125,-1.0,0.24375,-0.5125,-0.06875,-0.33125,-0.125,-0.30625,-0.05625,-0.35,0.4,-0.3125,-0.0625,-0.0875,-0.0625,-0.1375,0.01875,-0.23125,0.45,-0.09375,0.0,0.06875,-0.0125,0.01875,0.0625,-0.04375,0.4375,0.0875,0.09375,0.1875,0.0625,0.15625,0.125,0.11875
0,0.0,0.0,-0.10588235294117647,-0.22941176470588234,-0.1,-0.5529411764705883,-0.13529411764705881,-0.7823529411764706,-0.16470588235294117,-1.0,0.25882352941176473,-0.4764705882352941,-0.029411764705882353,-0.3058823529411765,-0.11176470588235295,-0.27058823529411763,-0.06470588235294118,-0.3058823529411765,0.3764705882352941,-0.27647058823529413,-0.023529411764705882,-0.09411764705882353,-0.07058823529411765,-0.13529411764705881,0.0,-0.21176470588235294,0.40588235294117647,-0.07058823529411765,0.03529411764705882,0.052941176470588235,-0.01764705882352941,0.01764705882352941,0.058823529411764705,-0.041176470588235294,0.4,0.10588235294117647,0.11764705882352941,0.18235294117647058,0.052941176470588235,0.1588235294117647,0.08823529411764706,0.12352941176470589
0,0.0,0.0,-0.04294478527607362,-0.25153374233128833,0.06134969325153374,-0.5644171779141104,0.13496932515337423,-0.7791411042944786,0.2147239263803681,-1.0,0.3803680981595092,-0.44171779141104295,0.012269938650306749,-0.32515337423312884,-0.03680981595092025,-0.2883435582822086,0.049079754601226995,-0.294478527607362,0.4662576687116564,-0.22085889570552147,0.006134969325153374,-0.0736196319018405,0.018404907975460124,-0.12269938650306748,0.12269938650306748,-0.19631901840490798,0.4723926380368098,-0.006134969325153374,0.03680981595092025,0.09202453987730061,0.03680981595092025,0.03680981595092025,0.147239263803681,-0.024539877300613498,0.43558282208588955,0.17791411042944785,0.09815950920245399,0.22699386503067484,0.09202453987730061,0.1901840490797546,0.17791411042944785,0.1656441717791411
0,0.0,0.0,0.06557377049180328,-0.36065573770491804,0.319672131147541,-0.7295081967213115,0.5245901639344263,-0.9262295081967213,0.6885245901639344,-1.0,0.6885245901639344,-0.5245901639344263,0.1885245901639344,-0.6065573770491803,0.040983606557377046,-0.5327868852459017,0.16393442622950818,-0.4918032786885246,0.7295081967213115,-0.22950819672131148,0.10655737704918032,-0.30327868852459017,0.040983606557377046,-0.29508196721311475,0.22131147540983606,-0.3114754098360656,0.6721311475409836,0.04918032786885246,0.10655737704918032,-0.04918032786885246,0.05737704918032787,-0.04918032786885246,0.20491803278688525,-0.05737704918032787,0.5655737704918032,0.29508196721311475,0.13934426229508196,0.19672131147540983,0.09016393442622951,0.1721311475409836,0.20491803278688525,0.18032786885245902
0,0.0,0.0,0.11224489795918367,-0.336734693877551,0.4489795918367347,-0.6326530612244898,0.7448979591836735,-0.7857142857142857,1.0,-0.9693877551020408,0.8163265306122449,-0.3979591836734694,0.29591836734693877,-0.4489795918367347,0.04081632653061224,-0.3877551020408163,0.02040816326530612,-0.32653061224489793,0.8163265306122449,-0.061224489795918366,0.12244897959183673,-0.12244897959183673,-0.030612244897959183,-0.21428571428571427,0.10204081632653061,-0.25510204081632654,0.6938775510204082,0.23469387755102042,0.04081632653061224,0.1326530612244898,-0.05102040816326531,0.01020408163265306,0.061224489795918366,-0.04081632653061224,0.5306122448979592,0.4489795918367347,0.02040816326530612,0.336734693877551,-0.07142857142857142,0.19387755102040816,-0.01020408163265306,0.14285714285714285
0,0.0,0.0,0.04201680672268908,-0.35294117647058826,0.3445378151260504,-0.6470588235294118,0.6218487394957983,-0.8151260504201681,0.8487394957983193,-1.0,0.7563025210084033,-0.4957983193277311,0.2689075630252101,-0.4957983193277311,0.08403361344537816,-0.44537815126050423,0.13445378151260504,-0.42016806722689076,0.7899159663865546,-0.2184873949579832,0.17647058823529413,-0.2184873949579832,0.05042016806722689,-0.25210084033613445,0.18487394957983194,-0.29411764705882354,0.7226890756302521,0.05042016806722689,0.15126050420168066,0.04201680672268908,0.058823529411764705,-0.03361344537815126,0.17647058823529413,-0.08403361344537816,0.6134453781512605,0.29411764705882354,0.17647058823529413,0.2605042016806723,0.08403361344537816,0.19327731092436976,0.16806722689075632,0.14285714285714285
0,0.0,0.0,-0.0136986301369863,-0.3013698630136986,0.18493150684931506,-0.6164383561643836,0.3424657534246575,-0.8082191780821918,0.4657534246575342,-1.0,0.5342465753424658,-0.5273972602739726,0.14383561643835616,-0.4383561643835616,-0.0136986301369863,-0.3698630136986301,0.04794520547945205,-0.3561643835616438,0.6027397260273972,-0.3082191780821918,0.14383561643835616,-0.2054794520547945,0.03424657534246575,-0.21232876712328766,0.13013698630136986,-0.2602739726027397,0.6027397260273972,-0.0821917808219178,0.17123287671232876,0.0,0.0547945205479452,-0.0136986301369863,0.13013698630136986,-0.0547945205479452,0.5684931506849316,0.1232876712328767,0.2465753424657534,0.1643835616438356,0.136986301369863,0.1506849315068493,0.18493150684931506,0.1232876712328767
0,0.0,0.0,-0.23684210526315788,0.0,-0.506578947368421,-0.06578947368421052,-0.756578947368421,-0.08552631578947369,-1.0,-0.07236842105263158,-0.24342105263157895,-0.5921052631578947,-0.11842105263157894,-0.23684210526315788,-0.16447368421052633,-0.09868421052631579,-0.2236842105263158,-0.18421052631578946,0.006578947368421052,-0.618421052631579,0.07894736842105263,-0.19078947368421054,-0.013157894736842105,-0.05263157894736842,-0.05263157894736842,-0.16447368421052633,0.2236842105263158,-0.5657894736842105,0.27631578947368424,-0.17105263157894737,0.16447368421052633,-0.07236842105263158,0.10526315789473684,-0.17763157894736842,0.40131578947368424,-0.47368421052631576,0.4407894736842105,-0.21052631578947367,0.35526315789473684,-0.125,0.2894736842105263,-0.17763157894736842
0,0.0,0.0,-0.19480519480519481,0.0,-0.4675324675324675,-0.07792207792207792,-0.7402597402597403,-0.06493506493506493,-1.0,-0.03896103896103896,-0.22077922077922077,-0.577922077922078,-0.11688311688311688,-0.2012987012987013,-0.14935064935064934,-0.07142857142857142,-0.2077922077922078,-0.14935064935064934,0.025974025974025976,-0.6168831168831169,0.09740259740259741,-0.15584415584415584,0.025974025974025976,-0.025974025974025976,-0.01948051948051948,-0.12337662337662338,0.24025974025974026,-0.5714285714285714,0.2857142857142857,-0.15584415584415584,0.2012987012987013,-0.045454545454545456,0.15584415584415584,-0.11688311688311688,0.4090909090909091,-0.487012987012987,0.44805194805194803,-0.22077922077922077,0.37662337662337664,-0.09740259740259741,0.3246753246753247,-0.11038961038961038
0,0.0,0.0,-0.23943661971830985,-0.056338028169014086,-0.5140845070422535,-0.24647887323943662,-0.7605633802816901,-0.3732394366197183,-1.0,-0.4859154929577465,-0.14084507042253522,-0.704225352112676,-0.08450704225352113,-0.30985915492957744,-0.14084507042253522,-0.14084507042253522,-0.16901408450704225,-0.18309859154929578,0.13380281690140844,-0.704225352112676,0.15492957746478872,-0.2112676056338028,0.02112676056338028,-0.07746478873239436,-0.007042253521126761,-0.176056338028169,0.3591549295774648,-0.6056338028169014,0.352112676056338,-0.16901408450704225,0.21830985915492956,-0.07746478873239436,0.18309859154929578,-0.16901408450704225,0.528169014084507,-0.47183098591549294,0.5352112676056338,-0.18309859154929578,0.4084507042253521,-0.09154929577464789,0.3380281690140845,-0.14084507042253522
0,0.0,0.0,-0.047619047619047616,-0.25,0.02976190476190476,-0.5654761904761905,0.07738095238095238,-0.7857142857142857,0.13690476190476192,-1.0,0.3392857142857143,-0.44642857142857145,-0.05357142857142857,-0.375,-0.08333333333333333,-0.3392857142857143,0.017857142857142856,-0.3333333333333333,0.4107142857142857,-0.23214285714285715,-0.08928571428571429,-0.1488095238095238,-0.041666666666666664,-0.15476190476190477,0.09523809523809523,-0.17857142857142858,0.39880952380952384,-0.011904761904761904,-0.05357142857142857,0.03571428571428571,-0.023809523809523808,0.017857142857142856,0.10119047619047619,0.0,0.35119047619047616,0.17857142857142858,0.011904761904761904,0.19642857142857142,0.017857142857142856,0.18452380952380953,0.125,0.18452380952380953
0,0.0,0.0,-0.05521472392638037,-0.26380368098159507,-0.006134969325153374,-0.5705521472392638,0.04294478527607362,-0.7975460122699386,0.11042944785276074,-1.0,0.3067484662576687,-0.4662576687116564,-0.08588957055214724,-0.43558282208588955,-0.1411042944785276,-0.3619631901840491,-0.024539877300613498,-0.3496932515337423,0.37423312883435583,-0.2392638036809816,-0.11042944785276074,-0.20245398773006135,-0.11042944785276074,-0.1901840490797546,0.04294478527607362,-0.22085889570552147,0.3558282208588957,-0.012269938650306749,-0.09202453987730061,0.0,-0.09815950920245399,-0.012269938650306749,0.03680981595092025,-0.03067484662576687,0.3006134969325153,0.17791411042944785,-0.05521472392638037,0.17177914110429449,-0.06748466257668712,0.15337423312883436,0.03067484662576687,0.147239263803681
0,0.0,0.0,0.0,-0.3351063829787234,0.11702127659574468,-0.6329787234042553,0.22872340425531915,-0.8351063829787234,0.3191489361702128,-1.0,0.44680851063829785,-0.601063829787234,0.14893617021276595,-0.7180851063829787,0.02127659574468085,-0.6170212765957447,0.0425531914893617,-0.5425531914893617,0.4521276595744681,-0.44680851063829785,0.06914893617021277,-0.5531914893617021,-0.010638297872340425,-0.4521276595744681,0.03723404255319149,-0.3882978723404255,0.39361702127659576,-0.2872340425531915,0.031914893617021274,-0.3829787234042553,-0.026595744680851064,-0.30319148936170215,0.026595744680851064,-0.25,0.30319148936170215,-0.13297872340425532,0.031914893617021274,-0.21808510638297873,-0.026595744680851064,-0.18085106382978725,0.010638297872340425,-0.14893617021276595
0,0.0,0.0,0.0,-0.3563218390804598,0.15517241379310345,-0.6379310344827587,0.28160919540229884,-0.8333333333333334,0.3850574712643678,-1.0,0.4885057471264368,-0.5862068965517241,0.21839080459770116,-0.7126436781609196,0.05747126436781609,-0.6149425287356322,0.06321839080459771,-0.5402298850574713,0.5,-0.41954022988505746,0.12643678160919541,-0.5344827586206896,0.017241379310344827,-0.4425287356321839,0.05172413793103448,-0.3850574712643678,0.4367816091954023,-0.25287356321839083,0.06896551724137931,-0.3620689655172414,-0.022988505747126436,-0.29310344827586204,0.028735632183908046,-0.2413793103448276,0.3333333333333333,-0.09770114942528736,0.05172413793103448,-0.1896551724137931,-0.05172413793103448,-0.1781609195402299,-0.04597701149425287,-0.16091954022988506
0,0.0,0.0,0.01875,-0.35,0.1875,-0.64375,0.33125,-0.83125,0.425,-1.0,0.575,-0.5375,0.2625,-0.64375,0.1125,-0.55,0.13125,-0.475,0.59375,-0.34375,0.18125,-0.45625,0.0625,-0.38125,0.10625,-0.3125,0.525,-0.15625,0.13125,-0.25625,0.05,-0.2125,0.1,-0.15625,0.425,0.01875,0.13125,-0.06875,0.0625,-0.05625,0.1,-0.01875
0,0.0,0.0,0.04827586206896552,-0.2896551724137931,0.25517241379310346,-0.593103448275862,0.4068965517241379,-0.8,0.4689655172413793,-1.0,0.6620689655172414,-0.46206896551724136,0.7655172413793103,-0.5172413793103449,0.5172413793103449,-0.46206896551724136,0.3310344827586207,-0.41379310344827586,0.7034482758620689,-0.25517241379310346,0.8206896551724138,-0.30344827586206896,0.5103448275862069,-0.2827586206896552,0.3103448275862069,-0.2620689655172414,0.7034482758620689,-0.04827586206896552,0.8068965517241379,-0.0896551724137931,0.5172413793103449,-0.1103448275862069,0.3310344827586207,-0.11724137931034483,0.6758620689655173,0.15172413793103448,0.7862068965517242,0.0896551724137931,0.5793103448275863,0.05517241379310345,0.42758620689655175,0.020689655172413793
0,0.0,0.0,0.08461538461538462,-0.3076923076923077,0.26153846153846155,-0.6,0.38461538461538464,-0.8153846153846154,0.4,-1.0,0.6461538461538462,-0.4230769230769231,0.8769230769230769,-0.46923076923076923,0.6923076923076923,-0.43846153846153846,0.5076923076923077,-0.4,0.6538461538461539,-0.23076923076923078,0.8384615384615385,-0.25384615384615383,0.5769230769230769,-0.24615384615384617,0.4,-0.24615384615384617,0.6461538461538462,-0.046153846153846156,0.8076923076923077,-0.06153846153846154,0.5615384615384615,-0.09230769230769231,0.3923076923076923,-0.11538461538461539,0.6076923076923076,0.14615384615384616,0.7769230769230769,0.11538461538461539,0.6,0.06923076923076923,0.46923076923076923,0.038461538461538464
0,0.0,0.0,0.088,-0.296,0.264,-0.576,0.384,-0.808,0.4,-1.0,0.632,-0.4,0.888,-0.376,0.696,-0.344,0.512,-0.336,0.648,-0.2,0.832,-0.168,0.568,-0.16,0.384,-0.192,0.648,-0.024,0.8,0.008,0.56,-0.016,0.384,-0.064,0.624,0.136,0.784,0.16,0.64,0.136,0.52,0.088
0,0.0,0.0,0.08849557522123894,-0.2920353982300885,0.25663716814159293,-0.5663716814159292,0.37168141592920356,-0.7964601769911505,0.3805309734513274,-1.0,0.6194690265486725,-0.36283185840707965,0.8672566371681416,-0.3274336283185841,0.6460176991150443,-0.2920353982300885,0.46017699115044247,-0.3008849557522124,0.6283185840707964,-0.1592920353982301,0.8230088495575221,-0.11504424778761062,0.5398230088495575,-0.12389380530973451,0.34513274336283184,-0.1592920353982301,0.6106194690265486,0.02654867256637168,0.7964601769911505,0.07079646017699115,0.5309734513274337,0.035398230088495575,0.34513274336283184,-0.02654867256637168,0.5663716814159292,0.19469026548672566,0.7345132743362832,0.23008849557522124,0.5663716814159292,0.21238938053097345,0.4424778761061947,0.18584070796460178
0,0.0,0.0,0.12380952380952381,-0.29523809523809524,0.3238095238095238,-0.5714285714285714,0.45714285714285713,-0.8,0.4666666666666667,-1.0,0.7142857142857143,-0.34285714285714286,0.9714285714285714,-0.3333333333333333,0.7619047619047619,-0.3142857142857143,0.5619047619047619,-0.3047619047619048,0.7142857142857143,-0.13333333333333333,0.8952380952380953,-0.11428571428571428,0.6095238095238096,-0.12380952380952381,0.4380952380952381,-0.1523809523809524,0.6857142857142857,0.05714285714285714,0.8571428571428571,0.08571428571428572,0.6,0.0380952380952381,0.42857142857142855,-0.009523809523809525,0.638095238095238,0.22857142857142856,0.8380952380952381,0.2761904761904762,0.7142857142857143,0.24761904761904763,0.6,0.23809523809523808
0,0.0,0.0,0.14423076923076922,-0.3076923076923077,0.34615384615384615,-0.5769230769230769,0.4807692307692308,-0.8076923076923077,0.5,-1.0,0.6923076923076923,-0.34615384615384615,0.9326923076923077,-0.3076923076923077,0.7211538461538461,-0.28846153846153844,0.5384615384615384,-0.28846153846153844,0.6826923076923077,-0.15384615384615385,0.9134615384615384,-0.10576923076923077,0.6346153846153846,-0.1346153846153846,0.4519230769230769,-0.17307692307692307,0.6346153846153846,0.028846153846153848,0.8365384615384616,0.0673076923076923,0.5673076923076923,0.009615384615384616,0.3942307692307692,-0.038461538461538464,0.5576923076923077,0.21153846153846154,0.7403846153846154,0.2403846153846154,0.5576923076923077,0.18269230769230768,0.4326923076923077,0.125
0,0.0,0.0,0.10679611650485436,-0.32038834951456313,0.3106796116504854,-0.5728155339805825,0.44660194174757284,-0.7961165048543689,0.4563106796116505,-1.0,0.6893203883495146,-0.34951456310679613,0.9320388349514563,-0.30097087378640774,0.7378640776699029,-0.2815533980582524,0.5533980582524272,-0.30097087378640774,0.6601941747572816,-0.1553398058252427,0.8543689320388349,-0.0970873786407767,0.5825242718446602,-0.1262135922330097,0.4174757281553398,-0.17475728155339806,0.6116504854368932,0.02912621359223301,0.7766990291262136,0.07766990291262135,0.5145631067961165,0.019417475728155338,0.36893203883495146,-0.04854368932038835,0.5436893203883495,0.21359223300970873,0.6990291262135923,0.2524271844660194,0.5242718446601942,0.1941747572815534,0.4077669902912621,0.1262135922330097
0,0.0,0.0,0.1346153846153846,-0.3269230769230769,0.3173076923076923,-0.5769230769230769,0.4519230769230769,-0.8076923076923077,0.46153846153846156,-1.0,0.6634615384615384,-0.3557692307692308,0.8942307692307693,-0.3076923076923077,0.7019230769230769,-0.28846153846153844,0.5192307692307693,-0.28846153846153844,0.6442307692307693,-0.16346153846153846,0.8365384615384616,-0.10576923076923077,0.5673076923076923,-0.125,0.40384615384615385,-0.17307692307692307,0.5961538461538461,0.019230769230769232,0.7692307692307693,0.0673076923076923,0.5192307692307693,0.019230769230769232,0.375,-0.038461538461538464,0.5288461538461539,0.20192307692307693,0.6923076923076923,0.23076923076923078,0.5096153846153846,0.18269230769230768,0.3942307692307692,0.125
0,0.0,0.0,0.09345794392523364,-0.3177570093457944,0.2336448598130841,-0.5700934579439252,0.308411214953271,-0.8130841121495327,0.2803738317757009,-1.0,0.4953271028037383,-0.37383177570093457,0.7009345794392523,-0.3364485981308411,0.5233644859813084,-0.29906542056074764,0.3925233644859813,-0.308411214953271,0.4672897196261682,-0.19626168224299065,0.6448598130841121,-0.14018691588785046,0.42990654205607476,-0.14953271028037382,0.3364485981308411,-0.19626168224299065,0.42990654205607476,-0.028037383177570093,0.5887850467289719,0.018691588785046728,0.38317757009345793,-0.018691588785046728,0.29906542056074764,-0.06542056074766354,0.38317757009345793,0.12149532710280374,0.5046728971962616,0.1588785046728972,0.3644859813084112,0.12149532710280374,0.2897196261682243,0.08411214953271028
0,0.0,0.0,0.08823529411764706,-0.3333333333333333,0.21568627450980393,-0.5784313725490197,0.29411764705882354,-0.8235294117647058,0.2549019607843137,-1.0,0.47058823529411764,-0.3627450980392157,0.6862745098039216,-0.3431372549019608,0.5294117647058824,-0.3137254901960784,0.4019607843137255,-0.30392156862745096,0.4411764705882353,-0.17647058823529413,0.6176470588235294,-0.1568627450980392,0.4019607843137255,-0.1568627450980392,0.3137254901960784,-0.17647058823529413,0.4019607843137255,-0.00980392156862745,0.5490196078431373,0.0,0.35294117647058826,-0.0196078431372549,0.27450980392156865,-0.049019607843137254,0.35294117647058826,0.14705882352941177,0.4803921568627451,0.16666666666666666,0.35294117647058826,0.12745098039215685,0.28431372549019607,0.10784313725490197
0,0.0,0.0,0.06862745098039216,-0.3137254901960784,0.19607843137254902,-0.5784313725490197,0.2647058823529412,-0.8235294117647058,0.23529411764705882,-1.0,0.49019607843137253,-0.4019607843137255,0.696078431372549,-0.39215686274509803,0.5490196078431373,-0.3431372549019608,0.4019607843137255,-0.3235294117647059,0.49019607843137253,-0.21568627450980393,0.696078431372549,-0.19607843137254902,0.46078431372549017,-0.17647058823529413,0.3235294117647059,-0.19607843137254902,0.47058823529411764,-0.049019607843137254,0.5980392156862745,-0.0196078431372549,0.38235294117647056,-0.0196078431372549,0.2647058823529412,-0.058823529411764705,0.4215686274509804,0.11764705882352941,0.5392156862745098,0.14705882352941177,0.38235294117647056,0.12745098039215685,0.29411764705882354,0.08823529411764706
0,0.0,0.0,0.08571428571428572,-0.2857142857142857,0.29523809523809524,-0.5619047619047619,0.41904761904761906,-0.7904761904761904,0.4095238095238095,-1.0,0.7047619047619048,-0.3333333333333333,0.8571428571428571,-0.29523809523809524,0.6190476190476191,-0.2761904761904762,0.4380952380952381,-0.2761904761904762,0.7142857142857143,-0.13333333333333333,0.780952380952381,-0.0761904761904762,0.5047619047619047,-0.10476190476190476,0.3619047619047619,-0.14285714285714285,0.6761904761904762,0.05714285714285714,0.7142857142857143,0.10476190476190476,0.45714285714285713,0.02857142857142857,0.3238095238095238,-0.0380952380952381,0.6095238095238096,0.22857142857142856,0.6761904761904762,0.2571428571428571,0.49523809523809526,0.2,0.3904761904761905,0.12380952380952381
0,0.0,0.0,0.07476635514018691,-0.29906542056074764,0.2803738317757009,-0.5700934579439252,0.411214953271028,-0.794392523364486,0.4205607476635514,-1.0,0.7476635514018691,-0.32710280373831774,0.7289719626168224,-0.2523364485981308,0.48598130841121495,-0.2523364485981308,0.34579439252336447,-0.2616822429906542,0.7850467289719626,-0.11214953271028037,0.6822429906542056,-0.028037383177570093,0.411214953271028,-0.08411214953271028,0.308411214953271,-0.14018691588785046,0.7289719626168224,0.08411214953271028,0.616822429906542,0.14018691588785046,0.37383177570093457,0.056074766355140186,0.2803738317757009,-0.018691588785046728,0.6355140186915887,0.2523364485981308,0.5607476635514018,0.2897196261682243,0.37383177570093457,0.205607476635514,0.29906542056074764,0.1308411214953271
0,0.0,0.0,-0.01680672268907563,-0.2773109243697479,0.12605042016806722,-0.5714285714285714,0.2184873949579832,-0.7899159663865546,0.24369747899159663,-1.0,0.5630252100840336,-0.42016806722689076,0.3949579831932773,-0.31092436974789917,0.2184873949579832,-0.3025210084033613,0.18487394957983194,-0.31932773109243695,0.6302521008403361,-0.226890756302521,0.3865546218487395,-0.1092436974789916,0.21008403361344538,-0.14285714285714285,0.226890756302521,-0.17647058823529413,0.6134453781512605,-0.03361344537815126,0.36134453781512604,0.05042016806722689,0.2184873949579832,0.0,0.23529411764705882,-0.05042016806722689,0.5462184873949579,0.12605042016806722,0.37815126050420167,0.18487394957983194,0.23529411764705882,0.12605042016806722,0.2184873949579832,0.06722689075630252
0,0.0,0.0,-0.016666666666666666,-0.275,0.10833333333333334,-0.5666666666666667,0.20833333333333334,-0.7833333333333333,0.24166666666666667,-1.0,0.575,-0.4083333333333333,0.35,-0.2916666666666667,0.175,-0.2833333333333333,0.175,-0.31666666666666665,0.6416666666666667,-0.18333333333333332,0.31666666666666665,-0.08333333333333333,0.15,-0.13333333333333333,0.18333333333333332,-0.175,0.6083333333333333,0.016666666666666666,0.2916666666666667,0.09166666666666666,0.15,0.016666666666666666,0.19166666666666668,-0.025,0.5416666666666666,0.19166666666666668,0.3,0.24166666666666667,0.16666666666666666,0.16666666666666666,0.16666666666666666,0.1
0,0.0,0.0,-0.015748031496062992,-0.2755905511811024,0.10236220472440945,-0.5669291338582677,0.18110236220472442,-0.7874015748031497,0.2204724409448819,-1.0,0.5196850393700787,-0.4330708661417323,0.25984251968503935,-0.3228346456692913,0.09448818897637795,-0.2992125984251969,0.09448818897637795,-0.31496062992125984,0.5905511811023622,-0.2125984251968504,0.2125984251968504,-0.11023622047244094,0.08661417322834646,-0.14960629921259844,0.12598425196850394,-0.1968503937007874,0.5748031496062992,-0.007874015748031496,0.2047244094488189,0.05511811023622047,0.09448818897637795,0.0,0.14173228346456693,-0.047244094488188976,0.5196850393700787,0.15748031496062992,0.23622047244094488,0.2047244094488189,0.12598425196850394,0.14960629921259844,0.14173228346456693,0.08661417322834646
0,0.0,0.0,-0.023809523809523808,-0.2619047619047619,0.09523809523809523,-0.5634920634920635,0.18253968253968253,-0.7857142857142857,0.23809523809523808,-1.0,0.5396825396825397,-0.42857142857142855,0.2698412698412698,-0.30952380952380953,0.09523809523809523,-0.30158730158730157,0.1111111111111111,-0.3333333333333333,0.6111111111111112,-0.20634920634920634,0.23809523809523808,-0.09523809523809523,0.0873015873015873,-0.15079365079365079,0.1349206349206349,-0.20634920634920634,0.5873015873015873,0.0,0.2222222222222222,0.07142857142857142,0.09523809523809523,0.007936507936507936,0.14285714285714285,-0.047619047619047616,0.5317460317460317,0.1746031746031746,0.24603174603174602,0.2222222222222222,0.12698412698412698,0.15873015873015872,0.1349206349206349,0.0873015873015873
0,0.0,0.0,-0.032,-0.248,0.112,-0.56,0.208,-0.784,0.256,-1.0,0.528,-0.424,0.352,-0.32,0.16,-0.288,0.136,-0.304,0.608,-0.208,0.328,-0.104,0.136,-0.128,0.168,-0.192,0.592,-0.008,0.28,0.064,0.128,0.016,0.168,-0.048,0.536,0.152,0.288,0.192,0.136,0.136,0.136,0.064
0,0.0,0.0,0.11403508771929824,-0.2894736842105263,0.3157894736842105,-0.5526315789473685,0.4298245614035088,-0.7894736842105263,0.42105263157894735,-1.0,0.7017543859649122,-0.3333333333333333,0.9122807017543859,-0.2543859649122807,0.6842105263157895,-0.23684210526315788,0.49122807017543857,-0.2543859649122807,0.6666666666666666,-0.13157894736842105,0.8245614035087719,-0.043859649122807015,0.5526315789473685,-0.07894736842105263,0.38596491228070173,-0.14035087719298245,0.6140350877192983,0.043859649122807015,0.7456140350877193,0.12280701754385964,0.5,0.05263157894736842,0.3508771929824561,-0.03508771929824561,0.543859649122807,0.21052631578947367,0.6578947368421053,0.2631578947368421,0.4824561403508772,0.20175438596491227,0.37719298245614036,0.12280701754385964
0,0.0,0.0,0.1262135922330097,-0.3106796116504854,0.36893203883495146,-0.5728155339805825,0.49514563106796117,-0.7961165048543689,0.49514563106796117,-1.0,0.7378640776699029,-0.32038834951456313,0.9902912621359223,-0.2912621359223301,0.7669902912621359,-0.30097087378640774,0.5631067961165048,-0.3106796116504854,0.6990291262135923,-0.11650485436893204,0.9320388349514563,-0.08737864077669903,0.6504854368932039,-0.13592233009708737,0.4563106796116505,-0.1553398058252427,0.6407766990291263,0.07766990291262135,0.8058252427184466,0.0970873786407767,0.5533980582524272,0.009708737864077669,0.39805825242718446,-0.04854368932038835,0.5533980582524272,0.2621359223300971,0.7087378640776699,0.27184466019417475,0.5436893203883495,0.18446601941747573,0.4174757281553398,0.11650485436893204
0,0.0,0.0,0.12121212121212122,-0.30303030303030304,0.43434343434343436,-0.5454545454545454,0.6161616161616161,-0.7070707070707071,0.6464646464646465,-0.898989898989899,0.7878787878787878,-0.29292929292929293,1.0,-0.2828282828282828,0.7474747474747475,-0.2828282828282828,0.5454545454545454,-0.2828282828282828,0.7575757575757576,-0.08080808080808081,0.9393939393939394,-0.06060606060606061,0.6161616161616161,-0.1111111111111111,0.42424242424242425,-0.15151515151515152,0.6767676767676768,0.12121212121212122,0.8282828282828283,0.13131313131313133,0.5353535353535354,0.04040404040404041,0.36363636363636365,-0.030303030303030304,0.5656565656565656,0.31313131313131315,0.7070707070707071,0.3333333333333333,0.5353535353535354,0.23232323232323232,0.41414141414141414,0.1414141414141414
0,0.0,0.0,0.13402061855670103,-0.28865979381443296,0.44329896907216493,-0.5360824742268041,0.6391752577319587,-0.7216494845360825,0.6701030927835051,-0.9278350515463918,0.8144329896907216,-0.30927835051546393,1.0,-0.27835051546391754,0.7525773195876289,-0.25773195876288657,0.5257731958762887,-0.25773195876288657,0.7835051546391752,-0.08247422680412371,1.0,-0.05154639175257732,0.6804123711340206,-0.09278350515463918,0.44329896907216493,-0.13402061855670103,0.7010309278350515,0.12371134020618557,0.845360824742268,0.15463917525773196,0.5567010309278351,0.07216494845360824,0.3711340206185567,-0.010309278350515464,0.5876288659793815,0.31958762886597936,0.7319587628865979,0.35051546391752575,0.5567010309278351,0.25773195876288657,0.422680412371134,0.16494845360824742
0,0.0,0.0,0.12121212121212122,-0.30303030303030304,0.42424242424242425,-0.5555555555555556,0.6060606060606061,-0.7575757575757576,0.6363636363636364,-0.9696969696969697,0.7878787878787878,-0.36363636363636365,1.0,-0.29292929292929293,0.7575757575757576,-0.2828282828282828,0.5454545454545454,-0.29292929292929293,0.7575757575757576,-0.13131313131313133,0.9292929292929293,-0.050505050505050504,0.6262626262626263,-0.09090909090909091,0.42424242424242425,-0.1414141414141414,0.6868686868686869,0.08080808080808081,0.8383838383838383,0.16161616161616163,0.5656565656565656,0.08080808080808081,0.3838383838383838,0.010101010101010102,0.5959595959595959,0.2828282828282828,0.7676767676767676,0.3434343434343434,0.5959595959595959,0.2828282828282828,0.45454545454545453,0.20202020202020202
0,0.0,0.0,0.12871287128712872,-0.2871287128712871,0.42574257425742573,-0.5643564356435643,0.594059405940594,-0.7821782178217822,0.6039603960396039,-1.0,0.7920792079207921,-0.36633663366336633,1.0,-0.2871287128712871,0.7524752475247525,-0.26732673267326734,0.5445544554455446,-0.27722772277227725,0.7623762376237624,-0.13861386138613863,0.9405940594059405,-0.0594059405940594,0.6237623762376238,-0.07920792079207921,0.4158415841584158,-0.13861386138613863,0.7128712871287128,0.06930693069306931,0.8415841584158416,0.13861386138613863,0.5544554455445545,0.06930693069306931,0.37623762376237624,-0.009900990099009901,0.6336633663366337,0.26732673267326734,0.7623762376237624,0.297029702970297,0.5643564356435643,0.2376237623762376,0.4158415841584158,0.15841584158415842
0,0.0,0.0,0.07407407407407407,-0.2222222222222222,0.24074074074074073,-0.5,0.2777777777777778,-0.7685185185185185,0.19444444444444445,-1.0,0.7685185185185185,-0.5185185185185185,0.7685185185185185,-0.24074074074074073,0.5,-0.18518518518518517,0.37037037037037035,-0.2222222222222222,0.8518518518518519,-0.3148148148148148,0.7962962962962963,-0.037037037037037035,0.5,-0.046296296296296294,0.42592592592592593,-0.1388888888888889,0.8425925925925926,-0.10185185185185185,0.7685185185185185,0.12962962962962962,0.5092592592592593,0.10185185185185185,0.4351851851851852,0.009259259259259259,0.7870370370370371,0.08333333333333333,0.7314814814814815,0.24074074074074073,0.5277777777777778,0.2037037037037037,0.4537037037037037,0.1111111111111111
0,0.0,0.0,0.03296703296703297,-0.23076923076923078,0.15384615384615385,-0.5054945054945055,0.15384615384615385,-0.7802197802197802,-0.03296703296703297,-1.0,0.8351648351648352,-0.6263736263736264,0.8571428571428571,-0.3626373626373626,0.5274725274725275,-0.26373626373626374,0.3626373626373626,-0.26373626373626374,0.945054945054945,-0.3956043956043956,0.9120879120879121,-0.0989010989010989,0.5274725274725275,-0.08791208791208792,0.38461538461538464,-0.16483516483516483,0.945054945054945,-0.14285714285714285,0.9010989010989011,0.13186813186813187,0.5604395604395604,0.0989010989010989,0.43956043956043955,0.01098901098901099,0.9120879120879121,0.0989010989010989,0.8901098901098901,0.2857142857142857,0.6373626373626373,0.25274725274725274,0.5274725274725275,0.15384615384615385
0,0.0,0.0,0.030303030303030304,-0.2222222222222222,0.15151515151515152,-0.5050505050505051,0.16161616161616163,-0.7777777777777778,0.010101010101010102,-1.0,0.797979797979798,-0.6363636363636364,0.8484848484848485,-0.3434343434343434,0.5252525252525253,-0.25252525252525254,0.3838383838383838,-0.2727272727272727,0.9090909090909091,-0.41414141414141414,0.9090909090909091,-0.09090909090909091,0.5353535353535354,-0.09090909090909091,0.4444444444444444,-0.1919191919191919,0.9191919191919192,-0.18181818181818182,0.8686868686868687,0.1111111111111111,0.5454545454545454,0.08080808080808081,0.46464646464646464,-0.030303030303030304,0.8888888888888888,0.030303030303030304,0.8383838383838383,0.23232323232323232,0.5959595959595959,0.20202020202020202,0.5151515151515151,0.10101010101010101
0,0.0,0.0,0.029411764705882353,-0.22549019607843138,0.1568627450980392,-0.5,0.17647058823529413,-0.7647058823529411,0.029411764705882353,-1.0,0.7647058823529411,-0.6274509803921569,0.8333333333333334,-0.35294117647058826,0.5294117647058824,-0.2647058823529412,0.37254901960784315,-0.28431372549019607,0.8627450980392157,-0.4019607843137255,0.8725490196078431,-0.11764705882352941,0.5098039215686274,-0.10784313725490197,0.39215686274509803,-0.20588235294117646,0.8823529411764706,-0.17647058823529413,0.8333333333333334,0.0784313725490196,0.5196078431372549,0.058823529411764705,0.4215686274509804,-0.049019607843137254,0.8529411764705882,0.0392156862745098,0.8333333333333334,0.20588235294117646,0.5980392156862745,0.18627450980392157,0.5098039215686274,0.09803921568627451
0,0.0,0.0,0.028846153846153848,-0.2403846153846154,0.16346153846153846,-0.5288461538461539,0.17307692307692307,-0.7884615384615384,0.019230769230769232,-1.0,0.75,-0.6153846153846154,0.8076923076923077,-0.34615384615384615,0.49038461538461536,-0.25961538461538464,0.3557692307692308,-0.27884615384615385,0.8461538461538461,-0.3942307692307692,0.8461538461538461,-0.09615384615384616,0.49038461538461536,-0.09615384615384616,0.40384615384615385,-0.19230769230769232,0.8461538461538461,-0.17307692307692307,0.8076923076923077,0.09615384615384616,0.49038461538461536,0.057692307692307696,0.4230769230769231,-0.038461538461538464,0.8269230769230769,0.028846153846153848,0.7884615384615384,0.21153846153846154,0.5480769230769231,0.18269230769230768,0.4807692307692308,0.08653846153846154
0,0.0,0.0,0.046875,-0.265625,0.21875,-0.5546875,0.3046875,-0.796875,0.265625,-1.0,0.6328125,-0.4296875,0.6796875,-0.25,0.4453125,-0.234375,0.328125,-0.265625,0.6953125,-0.2265625,0.6796875,-0.0390625,0.4140625,-0.078125,0.3125,-0.1484375,0.6875,-0.0390625,0.65625,0.1171875,0.40625,0.0625,0.3046875,-0.0078125,0.65625,0.125,0.640625,0.21875,0.453125,0.1796875,0.3671875,0.109375
0,0.0,0.0,0.05785123966942149,-0.2727272727272727,0.2644628099173554,-0.5619834710743802,0.371900826446281,-0.7933884297520661,0.33884297520661155,-1.0,0.6528925619834711,-0.39669421487603307,0.743801652892562,-0.2809917355371901,0.49586776859504134,-0.256198347107438,0.34710743801652894,-0.2644628099173554,0.6859504132231405,-0.19008264462809918,0.7355371900826446,-0.06611570247933884,0.45454545454545453,-0.09917355371900827,0.33884297520661155,-0.15702479338842976,0.6611570247933884,0.008264462809917356,0.7024793388429752,0.11570247933884298,0.4462809917355372,0.05785123966942149,0.3305785123966942,-0.01652892561983471,0.6033057851239669,0.18181818181818182,0.7024793388429752,0.256198347107438,0.5454545454545454,0.2396694214876033,0.47107438016528924,0.18181818181818182
0,0.0,0.0,0.08108108108108109,-0.2972972972972973,0.2882882882882883,-0.5675675675675675,0.40540540540540543,-0.7927927927927928,0.38738738738738737,-1.0,0.6576576576576577,-0.36936936936936937,0.8198198198198198,-0.3063063063063063,0.5855855855855856,-0.27927927927927926,0.3963963963963964,-0.27927927927927926,0.6576576576576577,-0.15315315315315314,0.7837837837837838,-0.08108108108108109,0.4864864864864865,-0.10810810810810811,0.3153153153153153,-0.17117117117117117,0.6216216216216216,0.04504504504504504,0.7297297297297297,0.11711711711711711,0.4594594594594595,0.05405405405405406,0.2972972972972973,-0.02702702702702703,0.5675675675675675,0.21621621621621623,0.7207207207207207,0.2882882882882883,0.5495495495495496,0.25225225225225223,0.44144144144144143,0.1981981981981982
0,0.0,0.0,0.1188118811881188,-0.297029702970297,0.3465346534653465,-0.5742574257425742,0.46534653465346537,-0.801980198019802,0.46534653465346537,-1.0,0.7128712871287128,-0.3564356435643564,0.9306930693069307,-0.31683168316831684,0.7029702970297029,-0.297029702970297,0.504950495049505,-0.27722772277227725,0.693069306930693,-0.13861386138613863,0.8712871287128713,-0.0891089108910891,0.5841584158415841,-0.1188118811881188,0.39603960396039606,-0.15841584158415842,0.6534653465346535,0.04950495049504951,0.801980198019802,0.0891089108910891,0.5445544554455446,0.0297029702970297,0.36633663366336633,-0.0297029702970297,0.594059405940594,0.22772277227722773,0.7326732673267327,0.25742574257425743,0.5643564356435643,0.19801980198019803,0.42574257425742573,0.12871287128712872
0,0.0,0.0,0.12,-0.29,0.34,-0.56,0.46,-0.8,0.44,-1.0,0.71,-0.34,0.92,-0.3,0.7,-0.28,0.5,-0.28,0.69,-0.12,0.86,-0.07,0.57,-0.1,0.38,-0.14,0.64,0.07,0.78,0.12,0.53,0.05,0.36,-0.02,0.57,0.25,0.71,0.28,0.52,0.21,0.39,0.13
1,0.0,0.0,0.08074534161490683,0.3105590062111801,0.16149068322981366,0.5652173913043478,0.2236024844720497,0.7763975155279503,0.2236024844720497,1.0,0.031055900621118012,0.38509316770186336,0.4968944099378882,0.40993788819875776,0.453416149068323,0.391304347826087,0.32298136645962733,0.39751552795031053,0.024844720496894408,0.13664596273291926,0.5527950310559007,0.18012422360248448,0.453416149068323,0.19875776397515527,0.3105590062111801,0.19254658385093168,0.043478260869565216,-0.07453416149068323,0.546583850931677,-0.024844720496894408,0.4409937888198758,0.006211180124223602,0.2857142857142857,0.012422360248447204,0.08074534161490683,-0.2608695652173913,0.484472049689441,-0.20496894409937888,0.391304347826087,-0.16770186335403728,0.2360248447204969,-0.16770186335403728
1,0.0,0.0,0.13690476190476192,0.27380952380952384,0.27976190476190477,0.5714285714285714,0.31547619047619047,0.7916666666666666,0.2916666666666667,1.0,0.15476190476190477,0.42857142857142855,0.5654761904761905,0.42857142857142855,0.4880952380952381,0.3869047619047619,0.38095238095238093,0.3869047619047619,0.14285714285714285,0.19642857142857142,0.6011904761904762,0.24404761904761904,0.5059523809523809,0.21428571428571427,0.375,0.19642857142857142,0.16071428571428573,-0.011904761904761904,0.6011904761904762,0.07142857142857142,0.49404761904761907,0.047619047619047616,0.35714285714285715,0.023809523809523808,0.21428571428571427,-0.19047619047619047,0.5476190476190477,-0.1130952380952381,0.4642857142857143,-0.09523809523809523,0.35119047619047616,-0.10714285714285714
1,0.0,0.0,0.12987012987012986,0.2597402597402597,0.3116883116883117,0.564935064935065,0.37012987012987014,0.8051948051948052,0.37012987012987014,1.0,0.2922077922077922,0.4090909090909091,0.7532467532467533,0.4090909090909091,0.6623376623376623,0.38311688311688313,0.5194805194805194,0.37012987012987014,0.2857142857142857,0.18181818181818182,0.7792207792207793,0.2077922077922078,0.6688311688311688,0.2012987012987013,0.512987012987013,0.18181818181818182,0.2987012987012987,-0.025974025974025976,0.7532467532467533,0.025974025974025976,0.6428571428571429,0.032467532467532464,0.4935064935064935,0.012987012987012988,0.3181818181818182,-0.21428571428571427,0.6818181818181818,-0.14935064935064934,0.6038961038961039,-0.12987012987012986,0.4805194805194805,-0.14285714285714285
1,0.0,0.0,0.14583333333333334,0.2986111111111111,0.2847222222222222,0.5416666666666666,0.3819444444444444,0.7986111111111112,0.4375,1.0,0.6944444444444444,0.3333333333333333,0.9166666666666666,0.375,0.7986111111111112,0.3680555555555556,0.6736111111111112,0.3472222222222222,0.7361111111111112,0.125,0.8819444444444444,0.2013888888888889,0.7777777777777778,0.20833333333333334,0.6805555555555556,0.2013888888888889,0.7291666666666666,-0.0625,0.8402777777777778,0.034722222222222224,0.75,0.04861111111111111,0.6458333333333334,0.034722222222222224,0.7013888888888888,-0.2222222222222222,0.8125,-0.1388888888888889,0.7222222222222222,-0.11805555555555555,0.6319444444444444,-0.125
1,0.0,0.0,0.13043478260869565,0.3188405797101449,0.26811594202898553,0.572463768115942,0.35507246376811596,0.8188405797101449,0.3695652173913043,1.0,0.7463768115942029,0.3188405797101449,0.8405797101449275,0.41304347826086957,0.717391304347826,0.39855072463768115,0.6159420289855072,0.36231884057971014,0.782608695652174,0.11594202898550725,0.8043478260869565,0.2318840579710145,0.6884057971014492,0.2463768115942029,0.5942028985507246,0.21014492753623187,0.7536231884057971,-0.050724637681159424,0.7681159420289855,0.06521739130434782,0.6666666666666666,0.08695652173913043,0.5652173913043478,0.057971014492753624,0.7028985507246377,-0.1956521739130435,0.7318840579710145,-0.07971014492753623,0.6376811594202898,-0.06521739130434782,0.5434782608695652,-0.07971014492753623
1,0.0,0.0,0.08870967741935484,0.31451612903225806,0.20161290322580644,0.5725806451612904,0.2903225806451613,0.8145161290322581,0.3064516129032258,1.0,0.6854838709677419,0.3951612903225806,0.6935483870967742,0.3629032258064516,0.5806451612903226,0.3225806451612903,0.4838709677419355,0.3225806451612903,0.75,0.1935483870967742,0.7096774193548387,0.1693548387096774,0.5887096774193549,0.1532258064516129,0.5,0.1532258064516129,0.7338709677419355,0.016129032258064516,0.6854838709677419,0.0,0.5806451612903226,0.008064516129032258,0.4838709677419355,0.016129032258064516,0.7016129032258065,-0.1532258064516129,0.6774193548387096,-0.14516129032258066,0.5645161290322581,-0.13709677419354838,0.47580645161290325,-0.12903225806451613
1,0.0,0.0,0.0625,0.32142857142857145,0.16071428571428573,0.5803571428571429,0.24107142857142858,0.8125,0.25892857142857145,1.0,0.7053571428571429,0.38392857142857145,0.625,0.39285714285714285,0.5,0.35714285714285715,0.41964285714285715,0.32142857142857145,0.7678571428571429,0.16964285714285715,0.6607142857142857,0.17857142857142858,0.5446428571428571,0.16964285714285715,0.45535714285714285,0.15178571428571427,0.75,-0.026785714285714284,0.6607142857142857,-0.008928571428571428,0.5625,0.008928571428571428,0.4642857142857143,0.008928571428571428,0.6964285714285714,-0.20535714285714285,0.6339285714285714,-0.1875,0.5357142857142857,-0.16071428571428573,0.44642857142857145,-0.15178571428571427
1,0.0,0.0,0.059322033898305086,0.3220338983050847,0.16101694915254236,0.5847457627118644,0.23728813559322035,0.8220338983050848,0.2457627118644068,1.0,0.6779661016949152,0.3898305084745763,0.635593220338983,0.3983050847457627,0.5169491525423728,0.3728813559322034,0.4406779661016949,0.3389830508474576,0.7372881355932204,0.17796610169491525,0.635593220338983,0.2033898305084746,0.5084745762711864,0.1864406779661017,0.4406779661016949,0.16101694915254236,0.7203389830508474,-0.00847457627118644,0.6440677966101694,0.025423728813559324,0.5423728813559322,0.03389830508474576,0.4576271186440678,0.025423728813559324,0.6779661016949152,-0.1694915254237288,0.6271186440677966,-0.13559322033898305,0.5254237288135594,-0.11016949152542373,0.4406779661016949,-0.11016949152542373
1,0.0,0.0,0.15,0.3,0.3333333333333333,0.55,0.45,0.775,0.48333333333333334,0.9833333333333333,0.6916666666666667,0.425,1.0,0.35,0.9,0.2833333333333333,0.7666666666666667,0.2916666666666667,0.7083333333333334,0.21666666666666667,0.9666666666666667,0.14166666666666666,0.8416666666666667,0.1,0.7166666666666667,0.125,0.6916666666666667,0.008333333333333333,0.8916666666666667,-0.041666666666666664,0.775,-0.06666666666666667,0.6583333333333333,-0.05,0.65,-0.2,0.8416666666666667,-0.21666666666666667,0.7333333333333333,-0.21666666666666667,0.625,-0.2
1,0.0,0.0,0.1267605633802817,0.2676056338028169,0.2323943661971831,0.5563380281690141,0.23943661971830985,0.7816901408450704,0.19718309859154928,1.0,0.02112676056338028,0.4154929577464789,0.36619718309859156,0.44366197183098594,0.31690140845070425,0.36619718309859156,0.2112676056338028,0.352112676056338,-0.028169014084507043,0.19014084507042253,0.38028169014084506,0.22535211267605634,0.30985915492957744,0.1619718309859155,0.176056338028169,0.14084507042253522,-0.028169014084507043,-0.02112676056338028,0.3732394366197183,0.02112676056338028,0.29577464788732394,-0.014084507042253521,0.14788732394366197,-0.04225352112676056,0.014084507042253521,-0.20422535211267606,0.323943661971831,-0.1619718309859155,0.2535211267605634,-0.15492957746478872,0.1267605633802817,-0.16901408450704225
1,0.0,0.0,-0.022058823529411766,0.23529411764705882,-0.13970588235294118,0.5294117647058824,-0.21323529411764705,0.7794117647058824,-0.25735294117647056,1.0,-0.6911764705882353,0.49264705882352944,-0.7941176470588235,0.47058823529411764,-0.5220588235294118,0.375,-0.3602941176470588,0.3382352941176471,-0.7647058823529411,0.2647058823529412,-0.8382352941176471,0.25,-0.5294117647058824,0.18382352941176472,-0.375,0.16911764705882354,-0.7794117647058824,0.029411764705882353,-0.8308823529411765,0.014705882352941176,-0.5514705882352942,-0.007352941176470588,-0.40441176470588236,-0.007352941176470588,-0.75,-0.19852941176470587,-0.8529411764705882,-0.19852941176470587,-0.6470588235294118,-0.18382352941176472,-0.5073529411764706,-0.16911764705882354
1,0.0,0.0,-0.06285714285714286,0.2571428571428571,-0.15428571428571428,0.5485714285714286,-0.2057142857142857,0.7942857142857143,-0.2342857142857143,1.0,-0.5714285714285714,0.45714285714285713,-0.6971428571428572,0.5142857142857142,-0.5142857142857142,0.44,-0.37142857142857144,0.3942857142857143,-0.64,0.2857142857142857,-0.76,0.32571428571428573,-0.5257142857142857,0.26857142857142857,-0.38285714285714284,0.24571428571428572,-0.6571428571428571,0.10285714285714286,-0.7714285714285715,0.12571428571428572,-0.5542857142857143,0.10285714285714286,-0.42857142857142855,0.09714285714285714,-0.6457142857142857,-0.08,-0.7828571428571428,-0.06285714285714286,-0.6285714285714286,-0.05714285714285714,-0.5371428571428571,-0.05714285714285714
1,0.0,0.0,-0.03164556962025317,0.2721518987341772,-0.11392405063291139,0.5569620253164557,-0.17088607594936708,0.7911392405063291,-0.20253164556962025,1.0,-0.5886075949367089,0.5126582278481012,-0.7531645569620253,0.6139240506329114,-0.5506329113924051,0.5316455696202531,-0.3860759493670886,0.45569620253164556,-0.6582278481012658,0.33544303797468356,-0.7974683544303798,0.4050632911392405,-0.5189873417721519,0.33544303797468356,-0.3670886075949367,0.2911392405063291,-0.689873417721519,0.13924050632911392,-0.8037974683544303,0.1962025316455696,-0.5443037974683544,0.15822784810126583,-0.3924050632911392,0.13924050632911392,-0.689873417721519,-0.06329113924050633,-0.810126582278481,-0.012658227848101266,-0.620253164556962,0.006329113924050633,-0.5,0.012658227848101266
1,0.0,0.0,-0.03597122302158273,0.2733812949640288,-0.1223021582733813,0.5539568345323741,-0.17266187050359713,0.7985611510791367,-0.2014388489208633,1.0,-0.5827338129496403,0.5179856115107914,-0.762589928057554,0.5971223021582733,-0.5755395683453237,0.5035971223021583,-0.4244604316546763,0.4316546762589928,-0.6474820143884892,0.34532374100719426,-0.7985611510791367,0.4028776978417266,-0.5539568345323741,0.33093525179856115,-0.39568345323741005,0.2949640287769784,-0.6690647482014388,0.15827338129496402,-0.7913669064748201,0.2014388489208633,-0.5467625899280576,0.17266187050359713,-0.39568345323741005,0.1510791366906475,-0.6690647482014388,-0.03597122302158273,-0.7913669064748201,0.014388489208633094,-0.6115107913669064,0.02877697841726619,-0.49640287769784175,0.02877697841726619
1,0.0,0.0,-0.02857142857142857,0.2714285714285714,-0.12142857142857143,0.5571428571428572,-0.16428571428571428,0.8,-0.17142857142857143,1.0,-0.5642857142857143,0.4928571428571429,-0.7428571428571429,0.5857142857142857,-0.5714285714285714,0.5071428571428571,-0.4142857142857143,0.4357142857142857,-0.6285714285714286,0.32142857142857145,-0.7857142857142857,0.39285714285714285,-0.5357142857142857,0.32857142857142857,-0.38571428571428573,0.2857142857142857,-0.65,0.14285714285714285,-0.7642857142857142,0.18571428571428572,-0.5214285714285715,0.15714285714285714,-0.37857142857142856,0.14285714285714285,-0.65,-0.05,-0.75,0.0,-0.5857142857142857,0.014285714285714285,-0.4857142857142857,0.02142857142857143
1,0.0,0.0,-0.014492753623188406,0.2753623188405797,-0.10869565217391304,0.5652173913043478,-0.15942028985507245,0.8043478260869565,-0.17391304347826086,1.0,-0.5652173913043478,0.5144927536231884,-0.7536231884057971,0.6086956521739131,-0.5797101449275363,0.5217391304347826,-0.42028985507246375,0.4492753623188406,-0.6231884057971014,0.3333333333333333,-0.782608695652174,0.39855072463768115,-0.5362318840579711,0.34057971014492755,-0.38405797101449274,0.2971014492753623,-0.644927536231884,0.15217391304347827,-0.7536231884057971,0.2028985507246377,-0.5144927536231884,0.17391304347826086,-0.37681159420289856,0.15217391304347827,-0.644927536231884,-0.050724637681159424,-0.7463768115942029,0.014492753623188406,-0.5797101449275363,0.021739130434782608,-0.47101449275362317,0.021739130434782608
1,0.0,0.0,-0.021739130434782608,0.2608695652173913,-0.11594202898550725,0.5579710144927537,-0.17391304347826086,0.7971014492753623,-0.18840579710144928,1.0,-0.572463768115942,0.4927536231884058,-0.7608695652173914,0.5869565217391305,-0.572463768115942,0.5072463768115942,-0.41304347826086957,0.427536231884058,-0.6376811594202898,0.3188405797101449,-0.782608695652174,0.391304347826087,-0.5289855072463768,0.3188405797101449,-0.37681159420289856,0.2753623188405797,-0.6666666666666666,0.13768115942028986,-0.7608695652173914,0.1956521739130435,-0.5144927536231884,0.15942028985507245,-0.37681159420289856,0.13043478260869565,-0.6666666666666666,-0.06521739130434782,-0.7608695652173914,0.014492753623188406,-0.5797101449275363,0.021739130434782608,-0.47101449275362317,0.014492753623188406
1,0.0,0.0,-0.034482758620689655,0.2689655172413793,-0.11724137931034483,0.5517241379310345,-0.15862068965517243,0.7931034482758621,-0.1793103448275862,1.0,-0.5862068965517241,0.5103448275862069,-0.6896551724137931,0.6206896551724138,-0.503448275862069,0.5241379310344828,-0.3586206896551724,0.4413793103448276,-0.6689655172413793,0.33793103448275863,-0.7241379310344828,0.4413793103448276,-0.4827586206896552,0.35172413793103446,-0.3586206896551724,0.296551724137931,-0.7034482758620689,0.15862068965517243,-0.7034482758620689,0.23448275862068965,-0.4689655172413793,0.1793103448275862,-0.3586206896551724,0.14482758620689656,-0.7034482758620689,-0.034482758620689655,-0.7103448275862069,0.05517241379310345,-0.5310344827586206,0.05517241379310345,-0.4482758620689655,0.041379310344827586
1,0.0,0.0,-0.16666666666666666,0.26515151515151514,-0.4090909090909091,0.5454545454545454,-0.5454545454545454,0.7878787878787878,-0.6515151515151515,0.9848484848484849,-0.8409090909090909,0.2727272727272727,-1.0,0.3409090909090909,-0.7727272727272727,0.3409090909090909,-0.5984848484848485,0.3106060606060606,-0.8484848484848485,0.06060606060606061,-0.946969696969697,0.15151515151515152,-0.6590909090909091,0.17424242424242425,-0.5303030303030303,0.16666666666666666,-0.7954545454545454,-0.13636363636363635,-0.8409090909090909,-0.06060606060606061,-0.5833333333333334,0.0,-0.49242424242424243,0.0,-0.7121212121212122,-0.32575757575757575,-0.7727272727272727,-0.26515151515151514,-0.5984848484848485,-0.19696969696969696,-0.5378787878787878,-0.18181818181818182
1,0.0,0.0,-0.2391304347826087,0.16666666666666666,-0.5579710144927537,0.34057971014492755,-0.7971014492753623,0.5144927536231884,-0.9492753623188406,0.6594202898550725,-0.8333333333333334,-0.050724637681159424,-1.0,-0.13043478260869565,-0.782608695652174,-0.050724637681159424,-0.6304347826086957,0.0,-0.7463768115942029,-0.2391304347826087,-0.8768115942028986,-0.30434782608695654,-0.6159420289855072,-0.13768115942028986,-0.5362318840579711,-0.07971014492753623,-0.6231884057971014,-0.391304347826087,-0.7028985507246377,-0.4492753623188406,-0.4927536231884058,-0.26811594202898553,-0.4492753623188406,-0.21014492753623187,-0.4855072463768116,-0.5289855072463768,-0.5652173913043478,-0.5869565217391305,-0.43478260869565216,-0.4420289855072464,-0.4057971014492754,-0.37681159420289856
1,0.0,0.0,-0.23076923076923078,0.17482517482517482,-0.5384615384615384,0.3356643356643357,-0.7552447552447552,0.5034965034965035,-0.916083916083916,0.6433566433566433,-0.7902097902097902,-0.03496503496503497,-1.0,-0.09090909090909091,-0.7972027972027972,-0.006993006993006993,-0.6363636363636364,0.04895104895104895,-0.7062937062937062,-0.2097902097902098,-0.8741258741258742,-0.2517482517482518,-0.6223776223776224,-0.0979020979020979,-0.5174825174825175,-0.04895104895104895,-0.5944055944055944,-0.36363636363636365,-0.7062937062937062,-0.38461538461538464,-0.48951048951048953,-0.21678321678321677,-0.4125874125874126,-0.17482517482517482,-0.46153846153846156,-0.5034965034965035,-0.5734265734265734,-0.5244755244755245,-0.4405594405594406,-0.38461538461538464,-0.3776223776223776,-0.3356643356643357
1,0.0,0.0,-0.2222222222222222,0.18055555555555555,-0.5069444444444444,0.3611111111111111,-0.7083333333333334,0.5416666666666666,-0.8611111111111112,0.6805555555555556,-0.7986111111111112,0.006944444444444444,-1.0,-0.006944444444444444,-0.7916666666666666,0.0625,-0.625,0.09722222222222222,-0.7361111111111112,-0.18055555555555555,-0.8958333333333334,-0.18055555555555555,-0.6319444444444444,-0.05555555555555555,-0.5138888888888888,-0.027777777777777776,-0.6388888888888888,-0.3402777777777778,-0.7430555555555556,-0.3125,-0.5138888888888888,-0.18055555555555555,-0.4305555555555556,-0.1597222222222222,-0.5277777777777778,-0.4930555555555556,-0.6319444444444444,-0.4513888888888889,-0.4861111111111111,-0.3333333333333333,-0.4236111111111111,-0.3194444444444444
1,0.0,0.0,-0.2112676056338028,0.19718309859154928,-0.4788732394366197,0.39436619718309857,-0.676056338028169,0.5845070422535211,-0.823943661971831,0.7394366197183099,-0.795774647887324,0.04929577464788732,-1.0,0.028169014084507043,-0.7887323943661971,0.08450704225352113,-0.6197183098591549,0.11971830985915492,-0.7464788732394366,-0.14084507042253522,-0.9014084507042254,-0.14788732394366197,-0.6267605633802817,-0.04225352112676056,-0.5140845070422535,0.0,-0.6549295774647887,-0.31690140845070425,-0.7535211267605634,-0.3028169014084507,-0.5140845070422535,-0.176056338028169,-0.4225352112676056,-0.14084507042253522,-0.5422535211267606,-0.47183098591549294,-0.6408450704225352,-0.4507042253521127,-0.4859154929577465,-0.33098591549295775,-0.4154929577464789,-0.29577464788732394
1,0.0,0.0,-0.19858156028368795,0.2198581560283688,-0.46099290780141844,0.44680851063829785,-0.6453900709219859,0.6524822695035462,-0.7801418439716312,0.8226950354609929,-0.7872340425531915,0.1276595744680851,-1.0,0.10638297872340426,-0.7872340425531915,0.14184397163120568,-0.6099290780141844,0.16312056737588654,-0.7375886524822695,-0.06382978723404255,-0.9219858156028369,-0.0851063829787234,-0.6382978723404256,0.0070921985815602835,-0.5106382978723404,0.03546099290780142,-0.6524822695035462,-0.24822695035460993,-0.7801418439716312,-0.2553191489361702,-0.5319148936170213,-0.14184397163120568,-0.4326241134751773,-0.10638297872340426,-0.5460992907801419,-0.41843971631205673,-0.6666666666666666,-0.425531914893617,-0.5035460992907801,-0.3191489361702128,-0.4397163120567376,-0.2765957446808511
1,0.0,0.0,-0.17985611510791366,0.2446043165467626,-0.4316546762589928,0.4892086330935252,-0.60431654676259,0.7122302158273381,-0.7266187050359713,0.8848920863309353,-0.7913669064748201,0.20863309352517986,-1.0,0.17985611510791366,-0.7769784172661871,0.20863309352517986,-0.5971223021582733,0.22302158273381295,-0.762589928057554,0.0,-0.935251798561151,-0.014388489208633094,-0.6474820143884892,0.05755395683453238,-0.5251798561151079,0.07913669064748201,-0.6906474820143885,-0.19424460431654678,-0.7985611510791367,-0.2014388489208633,-0.5467625899280576,-0.1079136690647482,-0.4676258992805755,-0.07913669064748201,-0.5971223021582733,-0.381294964028777,-0.7122302158273381,-0.381294964028777,-0.5467625899280576,-0.2949640287769784,-0.48201438848920863,-0.2589928057553957
1,0.0,0.0,-0.061224489795918366,0.2653061224489796,-0.1836734693877551,0.5510204081632653,-0.24489795918367346,0.8027210884353742,-0.2857142857142857,1.0,-0.673469387755102,0.46938775510204084,-0.7551020408163265,0.6122448979591837,-0.54421768707483,0.54421768707483,-0.3877551020408163,0.4557823129251701,-0.7414965986394558,0.2857142857142857,-0.7959183673469388,0.40816326530612246,-0.5238095238095238,0.35374149659863946,-0.40816326530612246,0.2857142857142857,-0.7414965986394558,0.09523809523809523,-0.7482993197278912,0.20408163265306123,-0.4897959183673469,0.17006802721088435,-0.40816326530612246,0.12244897959183673,-0.7142857142857143,-0.10884353741496598,-0.7210884353741497,0.006802721088435374,-0.5374149659863946,0.006802721088435374,-0.47619047619047616,-0.027210884353741496
1,0.0,0.0,0.057692307692307696,0.28205128205128205,0.057692307692307696,0.5769230769230769,0.07692307692307693,0.8141025641025641,0.12179487179487179,1.0,-0.42948717948717946,0.6794871794871795,-0.41025641025641024,0.8653846153846154,-0.24358974358974358,0.7307692307692307,-0.14743589743589744,0.5961538461538461,-0.5448717948717948,0.5576923076923077,-0.4807692307692308,0.717948717948718,-0.27564102564102566,0.5448717948717948,-0.21153846153846154,0.4230769230769231,-0.6282051282051282,0.40384615384615385,-0.5192307692307693,0.5384615384615384,-0.3141025641025641,0.38461538461538464,-0.28205128205128205,0.28205128205128205,-0.6730769230769231,0.22435897435897437,-0.5705128205128205,0.358974358974359,-0.41025641025641024,0.28205128205128205,-0.3974358974358974,0.21153846153846154
1,0.0,0.0,0.12244897959183673,0.2925170068027211,0.17006802721088435,0.5782312925170068,0.25170068027210885,0.7959183673469388,0.3333333333333333,0.9795918367346939,-0.3469387755102041,0.8231292517006803,-0.17687074829931973,1.0,-0.04081632653061224,0.8163265306122449,0.006802721088435374,0.6530612244897959,-0.4965986394557823,0.7346938775510204,-0.272108843537415,0.8979591836734694,-0.11564625850340136,0.673469387755102,-0.08163265306122448,0.5238095238095238,-0.6054421768707483,0.6054421768707483,-0.3401360544217687,0.7278911564625851,-0.19727891156462585,0.5170068027210885,-0.1836734693877551,0.3877551020408163,-0.673469387755102,0.43537414965986393,-0.4421768707482993,0.5578231292517006,-0.3333333333333333,0.42857142857142855,-0.3469387755102041,0.3333333333333333
1,0.0,0.0,0.136986301369863,0.2602739726027397,0.1917808219178082,0.547945205479452,0.2671232876712329,0.7397260273972602,0.3561643835616438,0.910958904109589,-0.23972602739726026,0.8013698630136986,-0.1095890410958904,1.0,0.0136986301369863,0.821917808219178,0.0547945205479452,0.6643835616438356,-0.3835616438356164,0.7397260273972602,-0.19863013698630136,0.9178082191780822,-0.06164383561643835,0.684931506849315,-0.0410958904109589,0.5342465753424658,-0.5,0.6301369863013698,-0.2876712328767123,0.773972602739726,-0.1506849315068493,0.547945205479452,-0.14383561643835616,0.4246575342465753,-0.589041095890411,0.4794520547945205,-0.3835616438356164,0.6027397260273972,-0.2808219178082192,0.4657534246575342,-0.3082191780821918,0.3767123287671233
1,0.0,0.0,0.1360544217687075,0.2585034013605442,0.19047619047619047,0.5374149659863946,0.2653061224489796,0.7278911564625851,0.3469387755102041,0.891156462585034,-0.23809523809523808,0.7959183673469388,-0.10884353741496598,1.0,0.013605442176870748,0.8299319727891157,0.061224489795918366,0.673469387755102,-0.3673469387755102,0.7346938775510204,-0.17687074829931973,0.9115646258503401,-0.047619047619047616,0.673469387755102,-0.034013605442176874,0.5306122448979592,-0.48299319727891155,0.6326530612244898,-0.2585034013605442,0.7687074829931972,-0.1360544217687075,0.5374149659863946,-0.14285714285714285,0.41496598639455784,-0.5714285714285714,0.4897959183673469,-0.36054421768707484,0.6190476190476191,-0.2653061224489796,0.47619047619047616,-0.2925170068027211,0.38095238095238093
1,0.0,0.0,0.11888111888111888,0.26573426573426573,0.15384615384615385,0.5594405594405595,0.2097902097902098,0.7692307692307693,0.2867132867132867,0.9440559440559441,-0.3076923076923077,0.7902097902097902,-0.1958041958041958,1.0,-0.055944055944055944,0.8531468531468531,0.006993006993006993,0.6993006993006993,-0.44755244755244755,0.7132867132867133,-0.25874125874125875,0.8951048951048951,-0.09090909090909091,0.6713286713286714,-0.06993006993006994,0.5314685314685315,-0.5524475524475524,0.6013986013986014,-0.32867132867132864,0.7412587412587412,-0.17482517482517482,0.5244755244755245,-0.18181818181818182,0.40559440559440557,-0.6293706293706294,0.44755244755244755,-0.42657342657342656,0.5804195804195804,-0.3146853146853147,0.44755244755244755,-0.34965034965034963,0.35664335664335667
1,0.0,0.0,0.0851063829787234,0.2624113475177305,0.04964539007092199,0.5673758865248227,0.06382978723404255,0.7943262411347518,0.11347517730496454,1.0,-0.46808510638297873,0.7092198581560284,-0.3475177304964539,0.9148936170212766,-0.1773049645390071,0.7801418439716312,-0.09219858156028368,0.6312056737588653,-0.5886524822695035,0.6028368794326241,-0.41843971631205673,0.7943262411347518,-0.2127659574468085,0.6028368794326241,-0.16312056737588654,0.46808510638297873,-0.6666666666666666,0.45390070921985815,-0.44680851063829785,0.6099290780141844,-0.2624113475177305,0.4326241134751773,-0.24113475177304963,0.3191489361702128,-0.7021276595744681,0.28368794326241137,-0.5106382978723404,0.425531914893617,-0.3971631205673759,0.3191489361702128,-0.41134751773049644,0.24113475177304963
1,0.0,0.0,-0.09352517985611511,0.26618705035971224,-0.2589928057553957,0.5539568345323741,-0.34532374100719426,0.7913669064748201,-0.41007194244604317,1.0,-0.8057553956834532,0.38848920863309355,-0.7410071942446043,0.5251798561151079,-0.5107913669064749,0.4676258992805755,-0.37410071942446044,0.39568345323741005,-0.8705035971223022,0.18705035971223022,-0.7338129496402878,0.3237410071942446,-0.460431654676259,0.2805755395683453,-0.38848920863309355,0.2302158273381295,-0.841726618705036,-0.014388489208633094,-0.6762589928057554,0.10071942446043165,-0.4460431654676259,0.08633093525179857,-0.4172661870503597,0.05755395683453238,-0.7697841726618705,-0.20863309352517986,-0.6618705035971223,-0.1079136690647482,-0.4892086330935252,-0.09352517985611511,-0.4748201438848921,-0.11510791366906475
1,0.0,0.0,-0.14388489208633093,0.26618705035971224,-0.3381294964028777,0.5467625899280576,-0.460431654676259,0.7913669064748201,-0.5539568345323741,1.0,-0.8776978417266187,0.28776978417266186,-0.8776978417266187,0.43884892086330934,-0.6402877697841727,0.41007194244604317,-0.4892086330935252,0.35251798561151076,-0.920863309352518,0.07913669064748201,-0.8345323741007195,0.22302158273381295,-0.5539568345323741,0.22302158273381295,-0.4676258992805755,0.18705035971223022,-0.8705035971223022,-0.11510791366906475,-0.7410071942446043,0.007194244604316547,-0.5035971223021583,0.04316546762589928,-0.45323741007194246,0.02158273381294964,-0.7697841726618705,-0.28776978417266186,-0.6834532374100719,-0.18705035971223022,-0.5035971223021583,-0.1223021582733813,-0.4676258992805755,-0.12949640287769784
1,0.0,0.0,-0.13138686131386862,0.26277372262773724,-0.3284671532846715,0.5328467153284672,-0.45255474452554745,0.7883211678832117,-0.5401459854014599,1.0,-0.8613138686131386,0.32116788321167883,-0.8759124087591241,0.4306569343065693,-0.635036496350365,0.39416058394160586,-0.49635036496350365,0.35036496350364965,-0.9124087591240876,0.10218978102189781,-0.8248175182481752,0.19708029197080293,-0.5401459854014599,0.20437956204379562,-0.45985401459854014,0.19708029197080293,-0.8613138686131386,-0.10218978102189781,-0.7372262773722628,-0.014598540145985401,-0.5036496350364964,0.021897810218978103,-0.45985401459854014,0.021897810218978103,-0.7664233576642335,-0.2846715328467153,-0.6715328467153284,-0.2116788321167883,-0.5036496350364964,-0.145985401459854,-0.4744525547445255,-0.1386861313868613
1,0.0,0.0,-0.10218978102189781,0.27007299270072993,-0.2773722627737226,0.5474452554744526,-0.40145985401459855,0.781021897810219,-0.48175182481751827,1.0,-0.8467153284671532,0.30656934306569344,-0.6058394160583942,0.3795620437956204,-0.40145985401459855,0.35036496350364965,-0.35766423357664234,0.29927007299270075,-0.8759124087591241,0.06569343065693431,-0.5693430656934306,0.15328467153284672,-0.3722627737226277,0.1678832116788321,-0.35766423357664234,0.15328467153284672,-0.8102189781021898,-0.15328467153284672,-0.5036496350364964,-0.072992700729927,-0.3357664233576642,-0.0364963503649635,-0.35036496350364965,-0.051094890510948905,-0.7007299270072993,-0.34306569343065696,-0.4744525547445255,-0.2846715328467153,-0.3284671532846715,-0.23357664233576642,-0.3284671532846715,-0.24087591240875914
1,0.0,0.0,0.07142857142857142,-0.2767857142857143,0.20535714285714285,-0.5625,0.29464285714285715,-0.7321428571428571,0.4107142857142857,-0.7857142857142857,0.25,-0.19642857142857142,0.9107142857142857,-0.13392857142857142,0.7589285714285714,-0.19642857142857142,0.5535714285714286,-0.23214285714285715,0.2767857142857143,0.09821428571428571,1.0,0.14285714285714285,0.7946428571428571,0.08035714285714286,0.5714285714285714,0.03571428571428571,0.30357142857142855,0.35714285714285715,0.9910714285714286,0.39285714285714285,0.8125,0.33035714285714285,0.5892857142857143,0.2767857142857143,0.35714285714285715,0.5892857142857143,0.8660714285714286,0.5982142857142857,0.7678571428571429,0.5535714285714286,0.5803571428571429,0.5178571428571429
1,0.0,0.0,0.09142857142857143,0.26285714285714284,0.2057142857142857,0.5657142857142857,0.2342857142857143,0.7942857142857143,0.2057142857142857,1.0,0.17714285714285713,0.5485714285714286,0.5885714285714285,0.5657142857142857,0.5371428571428571,0.4685714285714286,0.42857142857142855,0.4514285714285714,0.18285714285714286,0.3657142857142857,0.6114285714285714,0.37714285714285717,0.5257142857142857,0.30857142857142855,0.3942857142857143,0.2857142857142857,0.2,0.17142857142857143,0.5885714285714285,0.21142857142857144,0.49714285714285716,0.15428571428571428,0.3657142857142857,0.13714285714285715,0.22285714285714286,-0.005714285714285714,0.5257142857142857,0.045714285714285714,0.45714285714285713,0.022857142857142857,0.3485714285714286,0.011428571428571429
1,0.0,0.0,0.14193548387096774,0.27741935483870966,0.2709677419354839,0.5612903225806452,0.32903225806451614,0.7806451612903226,0.3096774193548387,1.0,0.16774193548387098,0.5548387096774193,0.5870967741935483,0.567741935483871,0.5548387096774193,0.45161290322580644,0.44516129032258067,0.4258064516129032,0.14193548387096774,0.3548387096774194,0.6129032258064516,0.3548387096774194,0.535483870967742,0.2709677419354839,0.3935483870967742,0.24516129032258063,0.15483870967741936,0.15483870967741936,0.5935483870967742,0.16129032258064516,0.4967741935483871,0.0967741935483871,0.3548387096774194,0.07096774193548387,0.1870967741935484,-0.03225806451612903,0.535483870967742,-0.0064516129032258064,0.45806451612903226,-0.03225806451612903,0.33548387096774196,-0.05161290322580645
1,0.0,0.0,0.1320754716981132,0.3522012578616352,0.1761006289308176,0.5911949685534591,0.2138364779874214,0.7735849056603774,0.22012578616352202,1.0,-0.1320754716981132,0.6163522012578616,0.2389937106918239,0.6666666666666666,0.31446540880503143,0.5723270440251572,0.27672955974842767,0.5283018867924528,-0.1761006289308176,0.4088050314465409,0.25157232704402516,0.49056603773584906,0.2830188679245283,0.3710691823899371,0.1949685534591195,0.3270440251572327,-0.1509433962264151,0.20754716981132076,0.2578616352201258,0.27672955974842767,0.25157232704402516,0.18238993710691823,0.1320754716981132,0.13836477987421383,-0.10062893081761007,0.03773584905660377,0.20754716981132076,0.09433962264150944,0.20754716981132076,0.05660377358490566,0.1069182389937107,0.018867924528301886
1,0.0,0.0,0.07058823529411765,0.31176470588235294,0.03529411764705882,0.6,0.023529411764705882,0.8117647058823529,0.047058823529411764,1.0,-0.35294117647058826,0.611764705882353,-0.029411764705882353,0.6882352941176471,0.041176470588235294,0.5588235294117647,-0.03529411764705882,0.5058823529411764,-0.40588235294117647,0.4470588235294118,-0.01764705882352941,0.5176470588235295,0.041176470588235294,0.40588235294117647,-0.058823529411764705,0.36470588235294116,-0.38823529411764707,0.25882352941176473,-0.023529411764705882,0.3235294117647059,0.023529411764705882,0.24705882352941178,-0.07058823529411765,0.21176470588235294,-0.3352941176470588,0.07647058823529412,-0.06470588235294118,0.12941176470588237,-0.029411764705882353,0.1,-0.11176470588235295,0.07647058823529412
1,0.0,0.0,0.08187134502923976,0.2982456140350877,0.06432748538011696,0.5906432748538012,0.07017543859649122,0.8070175438596491,0.08771929824561403,1.0,-0.3391812865497076,0.5964912280701754,0.011695906432748537,0.6608187134502924,0.07017543859649122,0.5321637426900585,-0.005847953216374269,0.4678362573099415,-0.38596491228070173,0.4327485380116959,0.029239766081871343,0.49122807017543857,0.07017543859649122,0.38011695906432746,-0.023391812865497075,0.3333333333333333,-0.3684210526315789,0.24561403508771928,0.023391812865497075,0.30409356725146197,0.05263157894736842,0.2222222222222222,-0.04093567251461988,0.1871345029239766,-0.3157894736842105,0.06432748538011696,-0.023391812865497075,0.12280701754385964,0.0,0.08771929824561403,-0.08771929824561403,0.05847953216374269
1,0.0,0.0,0.06748466257668712,0.3067484662576687,0.0736196319018405,0.5705521472392638,0.09202453987730061,0.7914110429447853,0.09815950920245399,1.0,-0.26993865030674846,0.6073619631901841,0.10429447852760736,0.6625766871165644,0.1656441717791411,0.558282208588957,0.07975460122699386,0.5214723926380368,-0.31901840490797545,0.4233128834355828,0.13496932515337423,0.4601226993865031,0.15337423312883436,0.3619631901840491,0.03680981595092025,0.3374233128834356,-0.3128834355828221,0.22085889570552147,0.12269938650306748,0.25766871165644173,0.12883435582822086,0.18404907975460122,0.024539877300613498,0.15950920245398773,-0.26993865030674846,0.03680981595092025,0.049079754601226995,0.08588957055214724,0.06134969325153374,0.06748466257668712,-0.024539877300613498,0.05521472392638037
1,0.0,0.0,0.03676470588235294,0.2647058823529412,0.029411764705882353,0.5514705882352942,-0.014705882352941176,0.7794117647058824,-0.09558823529411764,1.0,-0.25735294117647056,0.3014705882352941,0.16911764705882354,0.5367647058823529,0.23529411764705882,0.45588235294117646,0.18382352941176472,0.3602941176470588,-0.23529411764705882,0.0661764705882353,0.29411764705882354,0.3382352941176471,0.3088235294117647,0.23529411764705882,0.20588235294117646,0.14705882352941177,-0.1323529411764706,-0.1323529411764706,0.36764705882352944,0.125,0.34558823529411764,0.007352941176470588,0.21323529411764705,-0.08823529411764706,0.022058823529411766,-0.3088235294117647,0.39705882352941174,-0.09558823529411764,0.36764705882352944,-0.19852941176470587,0.2426470588235294,-0.3161764705882353
1,0.0,0.0,-0.061224489795918366,0.2789115646258503,-0.17006802721088435,0.5578231292517006,-0.24489795918367346,0.782312925170068,-0.3401360544217687,1.0,-0.3945578231292517,0.35374149659863946,-0.02040816326530612,0.5986394557823129,0.047619047619047616,0.5306122448979592,-0.04081632653061224,0.4557823129251701,-0.32653061224489793,0.14285714285714285,0.1292517006802721,0.41496598639455784,0.12244897959183673,0.3333333333333333,-0.027210884353741496,0.2585034013605442,-0.19727891156462585,-0.04081632653061224,0.23129251700680273,0.20408163265306123,0.1836734693877551,0.14965986394557823,0.04081632653061224,0.06802721088435375,-0.05442176870748299,-0.20408163265306123,0.25170068027210885,-0.006802721088435374,0.19727891156462585,-0.027210884353741496,0.06802721088435375,-0.09523809523809523
1,0.0,0.0,-0.04,0.3,-0.12,0.5733333333333334,-0.19333333333333333,0.7866666666666666,-0.3,1.0,-0.3466666666666667,0.35333333333333333,0.02666666666666667,0.6,0.10666666666666667,0.54,0.02666666666666667,0.47333333333333333,-0.2733333333333333,0.15333333333333332,0.16666666666666666,0.4,0.16,0.34,0.04,0.2733333333333333,-0.16,-0.03333333333333333,0.26,0.2,0.22,0.16,0.1,0.09333333333333334,-0.03333333333333333,-0.18666666666666668,0.2733333333333333,0.006666666666666667,0.22,0.0,0.1,-0.06
1,0.0,0.0,0.14084507042253522,0.23943661971830985,0.2323943661971831,0.5352112676056338,0.29577464788732394,0.7746478873239436,0.323943661971831,1.0,-0.08450704225352113,0.47183098591549294,0.3591549295774648,0.5,0.2887323943661972,0.4295774647887324,0.11971830985915492,0.4014084507042254,-0.16901408450704225,0.21830985915492956,0.44366197183098594,0.2323943661971831,0.2887323943661972,0.19718309859154928,0.07042253521126761,0.18309859154929578,-0.15492957746478872,-0.014084507042253521,0.4154929577464789,0.014084507042253521,0.2746478873239437,0.0,0.06338028169014084,-0.007042253521126761,-0.08450704225352113,-0.2112676056338028,0.33098591549295775,-0.16901408450704225,0.22535211267605634,-0.1619718309859155,0.04225352112676056,-0.16901408450704225
1,0.0,0.0,0.14838709677419354,0.36129032258064514,0.24516129032258063,0.5806451612903226,0.32903225806451614,0.7483870967741936,0.3870967741935484,1.0,0.01935483870967742,0.5483870967741935,0.4,0.5290322580645161,0.4064516129032258,0.41935483870967744,0.3096774193548387,0.3935483870967742,-0.025806451612903226,0.32903225806451614,0.4129032258064516,0.32903225806451614,0.36129032258064514,0.23225806451612904,0.23870967741935484,0.2129032258064516,-0.03225806451612903,0.11612903225806452,0.3935483870967742,0.11612903225806452,0.3225806451612903,0.03225806451612903,0.2,0.0064516129032258064,-0.025806451612903226,-0.06451612903225806,0.3225806451612903,-0.06451612903225806,0.25806451612903225,-0.0967741935483871,0.12903225806451613,-0.11612903225806452
1,0.0,0.0,0.23178807947019867,0.39072847682119205,0.3443708609271523,0.6158940397350994,0.45695364238410596,0.7682119205298014,0.5562913907284768,1.0,0.12582781456953643,0.6754966887417219,0.4966887417218543,0.6158940397350994,0.4900662251655629,0.4900662251655629,0.3973509933774834,0.48344370860927155,0.033112582781456956,0.45695364238410596,0.46357615894039733,0.4304635761589404,0.3973509933774834,0.31788079470198677,0.2781456953642384,0.31125827814569534,-0.013245033112582781,0.25165562913907286,0.39072847682119205,0.1986754966887417,0.31125827814569534,0.09933774834437085,0.19205298013245034,0.09933774834437085,-0.046357615894039736,0.059602649006622516,0.2781456953642384,0.019867549668874173,0.2251655629139073,-0.013245033112582781,0.10596026490066225,-0.013245033112582781
1,0.0,0.0,0.2653061224489796,0.36054421768707484,0.4217687074829932,0.5986394557823129,0.54421768707483,0.7619047619047619,0.6666666666666666,1.0,0.21768707482993196,0.6530612244897959,0.5986394557823129,0.5782312925170068,0.5918367346938775,0.4421768707482993,0.4965986394557823,0.4421768707482993,0.1360544217687075,0.4217687074829932,0.5850340136054422,0.3401360544217687,0.5034013605442177,0.23129251700680273,0.35374149659863946,0.23129251700680273,0.09523809523809523,0.19727891156462585,0.5034013605442177,0.11564625850340136,0.4013605442176871,0.034013605442176874,0.2585034013605442,0.04081632653061224,0.06802721088435375,0.006802721088435374,0.3945578231292517,-0.047619047619047616,0.3197278911564626,-0.06802721088435375,0.17687074829931973,-0.061224489795918366
1,0.0,0.0,0.28289473684210525,0.3223684210526316,0.45394736842105265,0.5789473684210527,0.5789473684210527,0.756578947368421,0.6578947368421053,1.0,0.26973684210526316,0.625,0.6447368421052632,0.5526315789473685,0.6381578947368421,0.42105263157894735,0.5526315789473685,0.4144736842105263,0.18421052631578946,0.4144736842105263,0.6447368421052632,0.3355263157894737,0.5723684210526315,0.21710526315789475,0.4342105263157895,0.19736842105263158,0.14473684210526316,0.19736842105263158,0.5921052631578947,0.11842105263157894,0.4868421052631579,0.03289473684210526,0.32894736842105265,0.02631578947368421,0.13157894736842105,0.0,0.4868421052631579,-0.07236842105263158,0.40789473684210525,-0.09868421052631579,0.26973684210526316,-0.09868421052631579
1,0.0,0.0,0.10179640718562874,0.2634730538922156,0.2694610778443114,0.5748502994011976,0.3473053892215569,0.8083832335329342,0.3772455089820359,1.0,0.3592814371257485,0.47904191616766467,0.7664670658682635,0.48502994011976047,0.7305389221556886,0.4251497005988024,0.6347305389221557,0.40718562874251496,0.3772455089820359,0.2754491017964072,0.7964071856287425,0.2874251497005988,0.7005988023952096,0.25149700598802394,0.562874251497006,0.23353293413173654,0.38922155688622756,0.0718562874251497,0.7604790419161677,0.10179640718562874,0.6526946107784432,0.08383233532934131,0.5209580838323353,0.0718562874251497,0.39520958083832336,-0.11976047904191617,0.688622754491018,-0.0658682634730539,0.6107784431137725,-0.059880239520958084,0.5029940119760479,-0.0658682634730539
1,0.0,0.0,0.05084745762711865,0.3107344632768362,0.11864406779661017,0.5536723163841808,0.1864406779661017,0.8022598870056498,0.21468926553672316,1.0,0.5028248587570622,0.4915254237288136,0.7344632768361582,0.5423728813559322,0.7740112994350282,0.536723163841808,0.768361581920904,0.519774011299435,0.5875706214689266,0.3163841807909605,0.7344632768361582,0.4011299435028249,0.6440677966101694,0.4067796610169492,0.5480225988700564,0.3785310734463277,0.6214689265536724,0.14124293785310735,0.7231638418079096,0.24858757062146894,0.6497175141242938,0.24858757062146894,0.559322033898305,0.21468926553672316,0.6384180790960452,-0.005649717514124294,0.7288135593220338,0.0903954802259887,0.655367231638418,0.096045197740113,0.5819209039548022,0.06779661016949153
1,0.0,0.0,0.006329113924050633,0.31645569620253167,0.056962025316455694,0.569620253164557,0.12025316455696203,0.810126582278481,0.1518987341772152,1.0,0.5379746835443038,0.45569620253164556,0.6392405063291139,0.5506329113924051,0.5189873417721519,0.5379746835443038,0.4177215189873418,0.4873417721518987,0.620253164556962,0.2721518987341772,0.6582278481012658,0.3987341772151899,0.5506329113924051,0.3987341772151899,0.4620253164556962,0.35443037974683544,0.6329113924050633,0.10759493670886076,0.6518987341772152,0.23417721518987342,0.5632911392405063,0.24050632911392406,0.47468354430379744,0.20253164556962025,0.620253164556962,-0.0379746835443038,0.6329113924050633,0.0759493670886076,0.5569620253164557,0.08227848101265822,0.4810126582278481,0.05063291139240506
1,0.0,0.0,0.04666666666666667,0.3333333333333333,0.1,0.5866666666666667,0.17333333333333334,0.8266666666666667,0.20666666666666667,1.0,0.58,0.43333333333333335,0.66,0.5466666666666666,0.5466666666666666,0.5266666666666666,0.4533333333333333,0.48,0.6533333333333333,0.24,0.66,0.38,0.5533333333333333,0.37333333333333335,0.4666666666666667,0.32666666666666666,0.6533333333333333,0.07333333333333333,0.6533333333333333,0.21333333333333335,0.56,0.21333333333333335,0.4666666666666667,0.16666666666666666,0.6333333333333333,-0.07333333333333333,0.6466666666666666,0.04666666666666667,0.56,0.04666666666666667,0.48,0.006666666666666667
1,0.0,0.0,0.059602649006622516,0.32450331125827814,0.1390728476821192,0.5629139072847682,0.23178807947019867,0.8079470198675497,0.26490066225165565,1.0,0.6357615894039735,0.39072847682119205,0.6556291390728477,0.5231788079470199,0.5298013245033113,0.5033112582781457,0.45695364238410596,0.4503311258278146,0.6887417218543046,0.2052980132450331,0.6622516556291391,0.3576158940397351,0.5496688741721855,0.3576158940397351,0.47019867549668876,0.31125827814569534,0.6688741721854304,0.052980132450331126,0.6423841059602649,0.18543046357615894,0.5364238410596026,0.1986754966887417,0.44370860927152317,0.15894039735099338,0.6291390728476821,-0.08609271523178808,0.6225165562913907,0.026490066225165563,0.5298013245033113,0.039735099337748346,0.4503311258278146,0.013245033112582781
1,0.0,0.0,0.040268456375838924,0.348993288590604,0.12080536912751678,0.5973154362416108,0.2214765100671141,0.8322147651006712,0.2550335570469799,1.0,0.6174496644295302,0.4228187919463087,0.6510067114093959,0.5369127516778524,0.5369127516778524,0.5100671140939598,0.4697986577181208,0.46308724832214765,0.6778523489932886,0.2348993288590604,0.6577181208053692,0.3624161073825503,0.5503355704697986,0.35570469798657717,0.4697986577181208,0.31543624161073824,0.6577181208053692,0.0738255033557047,0.6577181208053692,0.18791946308724833,0.5503355704697986,0.20134228187919462,0.4563758389261745,0.1610738255033557,0.6241610738255033,-0.06711409395973154,0.6308724832214765,0.026845637583892617,0.5369127516778524,0.040268456375838924,0.44966442953020136,0.020134228187919462
1,0.0,0.0,0.05405405405405406,0.3310810810810811,0.12837837837837837,0.581081081081081,0.23648648648648649,0.8243243243243243,0.28378378378378377,1.0,0.6216216216216216,0.3918918918918919,0.7027027027027027,0.5067567567567568,0.5945945945945946,0.5,0.5067567567567568,0.4594594594594595,0.6756756756756757,0.20270270270270271,0.6959459459459459,0.33783783783783783,0.581081081081081,0.33783783783783783,0.5,0.30405405405405406,0.6554054054054054,0.033783783783783786,0.668918918918919,0.1554054054054054,0.5675675675675675,0.16891891891891891,0.47297297297297297,0.13513513513513514,0.6283783783783784,-0.11486486486486487,0.6418918918918919,-0.006756756756756757,0.5472972972972973,0.006756756756756757,0.4594594594594595,-0.02027027027027027
1,0.0,0.0,0.10126582278481013,0.310126582278481,0.22784810126582278,0.5759493670886076,0.3291139240506329,0.8164556962025317,0.3924050632911392,1.0,0.5379746835443038,0.4050632911392405,0.8227848101265823,0.4177215189873418,0.7151898734177216,0.4050632911392405,0.5949367088607594,0.3924050632911392,0.5759493670886076,0.1962025316455696,0.8227848101265823,0.24050632911392406,0.7215189873417721,0.23417721518987342,0.620253164556962,0.22151898734177214,0.5886075949367089,0.0,0.7721518987341772,0.0759493670886076,0.6835443037974683,0.0759493670886076,0.5822784810126582,0.06329113924050633,0.5759493670886076,-0.15822784810126583,0.7468354430379747,-0.08860759493670886,0.6582278481012658,-0.0759493670886076,0.5632911392405063,-0.08227848101265822
1,0.0,0.0,0.15286624203821655,0.2802547770700637,0.35668789808917195,0.5668789808917197,0.46496815286624205,0.802547770700637,0.5286624203821656,1.0,0.2802547770700637,0.46496815286624205,0.7070063694267515,0.45222929936305734,0.7388535031847133,0.43312101910828027,0.6878980891719745,0.42038216560509556,0.27388535031847133,0.2356687898089172,0.7579617834394905,0.22929936305732485,0.7006369426751592,0.22929936305732485,0.5668789808917197,0.2229299363057325,0.2802547770700637,0.012738853503184714,0.7388535031847133,0.044585987261146494,0.6560509554140127,0.050955414012738856,0.5095541401273885,0.044585987261146494,0.29936305732484075,-0.18471337579617833,0.6751592356687898,-0.1464968152866242,0.6178343949044586,-0.10828025477707007,0.4968152866242038,-0.10191082802547771
1,0.0,0.0,-0.047619047619047616,0.22448979591836735,-0.19047619047619047,0.4965986394557823,-0.29931972789115646,0.6870748299319728,-0.35374149659863946,0.8571428571428571,-0.23809523809523808,0.4013605442176871,-0.5306122448979592,0.5170068027210885,-0.7142857142857143,0.5510204081632653,-0.8571428571428571,0.5510204081632653,-0.2857142857142857,0.24489795918367346,-0.6530612244897959,0.29931972789115646,-0.8571428571428571,0.32653061224489793,-1.0,0.3333333333333333,-0.3333333333333333,0.08163265306122448,-0.6666666666666666,0.1360544217687075,-0.8435374149659864,0.16326530612244897,-0.9795918367346939,0.17006802721088435,-0.38095238095238093,-0.07482993197278912,-0.6258503401360545,-0.034013605442176874,-0.782312925170068,-0.006802721088435374,-0.9047619047619048,0.006802721088435374
1,0.0,0.0,-0.024844720496894408,0.2608695652173913,-0.10559006211180125,0.546583850931677,-0.14906832298136646,0.7950310559006211,-0.17391304347826086,1.0,-0.5279503105590062,0.515527950310559,-0.7080745341614907,0.5962732919254659,-0.5279503105590062,0.5217391304347826,-0.37888198757763975,0.453416149068323,-0.5900621118012422,0.3416149068322981,-0.7453416149068323,0.39751552795031053,-0.4906832298136646,0.32919254658385094,-0.35403726708074534,0.2919254658385093,-0.6211180124223602,0.15527950310559005,-0.7329192546583851,0.18633540372670807,-0.4906832298136646,0.15527950310559005,-0.36645962732919257,0.14906832298136646,-0.6211180124223602,-0.043478260869565216,-0.7391304347826086,-0.006211180124223602,-0.5652173913043478,0.006211180124223602,-0.4720496894409938,0.018633540372670808
1,0.0,0.0,-0.057692307692307696,0.26282051282051283,-0.1858974358974359,0.5512820512820513,-0.27564102564102566,0.7948717948717948,-0.3269230769230769,1.0,-0.6089743589743589,0.4551282051282051,-0.8012820512820513,0.5,-0.6089743589743589,0.4358974358974359,-0.44871794871794873,0.38461538461538464,-0.6538461538461539,0.2692307692307692,-0.8269230769230769,0.28846153846153844,-0.5576923076923077,0.24358974358974358,-0.40384615384615385,0.23717948717948717,-0.6474358974358975,0.07692307692307693,-0.7884615384615384,0.07692307692307693,-0.5384615384615384,0.07051282051282051,-0.40384615384615385,0.08333333333333333,-0.6217948717948718,-0.12179487179487179,-0.7628205128205128,-0.10897435897435898,-0.5897435897435898,-0.08974358974358974,-0.48717948717948717,-0.057692307692307696
1,0.0,0.0,-0.09090909090909091,0.2727272727272727,-0.23376623376623376,0.5454545454545454,-0.33766233766233766,0.7922077922077922,-0.4090909090909091,1.0,-0.6558441558441559,0.38961038961038963,-0.8701298701298701,0.44155844155844154,-0.6688311688311688,0.4090909090909091,-0.487012987012987,0.37012987012987014,-0.6818181818181818,0.2012987012987013,-0.8701298701298701,0.22727272727272727,-0.5909090909090909,0.21428571428571427,-0.42207792207792205,0.2077922077922078,-0.6688311688311688,0.006493506493506494,-0.8051948051948052,0.01948051948051948,-0.5454545454545454,0.045454545454545456,-0.38961038961038963,0.05844155844155844,-0.6363636363636364,-0.18831168831168832,-0.7727272727272727,-0.17532467532467533,-0.6038961038961039,-0.12987012987012986,-0.487012987012987,-0.09740259740259741
1,0.0,0.0,-0.0967741935483871,0.27741935483870966,-0.24516129032258063,0.5548387096774193,-0.34838709677419355,0.7935483870967742,-0.41935483870967744,1.0,-0.6516129032258065,0.3870967741935484,-0.8838709677419355,0.43870967741935485,-0.6774193548387096,0.4064516129032258,-0.4967741935483871,0.36774193548387096,-0.6709677419354839,0.2,-0.8580645161290322,0.23225806451612904,-0.5870967741935483,0.21935483870967742,-0.4258064516129032,0.2129032258064516,-0.6580645161290323,0.012903225806451613,-0.8129032258064516,0.025806451612903226,-0.5548387096774193,0.04516129032258064,-0.4064516129032258,0.05806451612903226,-0.6258064516129033,-0.18064516129032257,-0.7870967741935484,-0.16774193548387098,-0.6193548387096774,-0.12903225806451613,-0.5032258064516129,-0.1032258064516129
1,0.0,0.0,-0.0784313725490196,0.2679738562091503,-0.22875816993464052,0.5490196078431373,-0.3333333333333333,0.7908496732026143,-0.40522875816993464,1.0,-0.673202614379085,0.38562091503267976,-0.8758169934640523,0.4444444444444444,-0.6666666666666666,0.40522875816993464,-0.49019607843137253,0.3660130718954248,-0.6993464052287581,0.1895424836601307,-0.8823529411764706,0.23529411764705882,-0.6013071895424836,0.21568627450980393,-0.43137254901960786,0.20915032679738563,-0.6862745098039216,0.0,-0.8104575163398693,0.0196078431372549,-0.5555555555555556,0.0392156862745098,-0.40522875816993464,0.05228758169934641,-0.6535947712418301,-0.19607843137254902,-0.7712418300653595,-0.17647058823529413,-0.6013071895424836,-0.12418300653594772,-0.48366013071895425,-0.08496732026143791
1,0.0,0.0,-0.1292517006802721,0.2857142857142857,-0.3197278911564626,0.564625850340136,-0.4557823129251701,0.8027210884353742,-0.54421768707483,1.0,-0.7346938775510204,0.3401360544217687,-0.9455782312925171,0.38095238095238093,-0.7346938775510204,0.3673469387755102,-0.5578231292517006,0.3401360544217687,-0.7482993197278912,0.1564625850340136,-0.9387755102040817,0.17687074829931973,-0.6530612244897959,0.1836734693877551,-0.4965986394557823,0.1836734693877551,-0.7142857142857143,-0.04081632653061224,-0.8707482993197279,-0.013605442176870748,-0.6054421768707483,0.02040816326530612,-0.46938775510204084,0.034013605442176874,-0.6530612244897959,-0.23809523809523808,-0.8027210884353742,-0.20408163265306123,-0.6258503401360545,-0.14965986394557823,-0.5238095238095238,-0.12244897959183673
1,0.0,0.0,-0.09848484848484848,0.32575757575757575,-0.22727272727272727,0.6212121212121212,-0.3181818181818182,0.8636363636363636,-0.4015151515151515,1.0,-0.6893939393939394,0.38636363636363635,-0.9242424242424242,0.44696969696969696,-0.75,0.44696969696969696,-0.5606060606060606,0.4166666666666667,-0.7196969696969697,0.19696969696969696,-0.9621212121212122,0.26515151515151514,-0.7121212121212122,0.2727272727272727,-0.5151515151515151,0.24242424242424243,-0.7196969696969697,0.0,-0.9318181818181818,0.06060606060606061,-0.6666666666666666,0.08333333333333333,-0.48484848484848486,0.06060606060606061,-0.6893939393939394,-0.21212121212121213,-0.8863636363636364,-0.14393939393939395,-0.7121212121212122,-0.09848484848484848,-0.5681818181818182,-0.09848484848484848
1,0.0,0.0,-0.057971014492753624,0.30434782608695654,-0.14492753623188406,0.5797101449275363,-0.2246376811594203,0.8115942028985508,-0.2826086956521739,1.0,-0.6086956521739131,0.41304347826086957,-0.8260869565217391,0.4927536231884058,-0.6666666666666666,0.463768115942029,-0.4927536231884058,0.42028985507246375,-0.6594202898550725,0.2391304347826087,-0.8840579710144928,0.3115942028985507,-0.6304347826086957,0.2971014492753623,-0.45652173913043476,0.2608695652173913,-0.6739130434782609,0.057971014492753624,-0.8405797101449275,0.11594202898550725,-0.5797101449275363,0.11594202898550725,-0.427536231884058,0.09420289855072464,-0.6594202898550725,-0.14492753623188406,-0.8043478260869565,-0.07971014492753623,-0.6376811594202898,-0.050724637681159424,-0.5217391304347826,-0.050724637681159424
1,0.0,0.0,-0.05,0.275,-0.1875,0.5625,-0.28125,0.8,-0.35,1.0,-0.66875,0.44375,-0.88125,0.50625,-0.68125,0.45625,-0.5,0.4125,-0.7,0.25625,-0.88125,0.29375,-0.6125,0.2625,-0.4375,0.25625,-0.7,0.0625,-0.84375,0.09375,-0.59375,0.09375,-0.43125,0.1,-0.66875,-0.14375,-0.825,-0.10625,-0.65625,-0.075,-0.525,-0.05625
1,0.0,0.0,-0.08064516129032258,0.27419354838709675,-0.24731182795698925,0.553763440860215,-0.3655913978494624,0.7956989247311828,-0.44623655913978494,1.0,-0.6989247311827957,0.4032258064516129,-0.9086021505376344,0.43010752688172044,-0.7043010752688172,0.4032258064516129,-0.521505376344086,0.3763440860215054,-0.7096774193548387,0.20430107526881722,-0.8924731182795699,0.21505376344086022,-0.6129032258064516,0.21505376344086022,-0.45161290322580644,0.22580645161290322,-0.6881720430107527,0.005376344086021506,-0.8225806451612904,0.010752688172043012,-0.5645161290322581,0.043010752688172046,-0.43548387096774194,0.07526881720430108,-0.6397849462365591,-0.1989247311827957,-0.7795698924731183,-0.1881720430107527,-0.6075268817204301,-0.13440860215053763,-0.5053763440860215,-0.0913978494623656
1,0.0,0.0,0.1206896551724138,0.3793103448275862,0.3103448275862069,0.7327586206896551,0.5172413793103449,0.9827586206896551,0.6724137931034483,1.0,0.49137931034482757,0.5172413793103449,0.9310344827586207,0.6551724137931034,0.7931034482758621,0.6206896551724138,0.6293103448275862,0.5689655172413793,0.5603448275862069,0.2672413793103448,0.9913793103448276,0.43103448275862066,0.8448275862068966,0.41379310344827586,0.6982758620689655,0.3620689655172414,0.6379310344827587,0.034482758620689655,0.9913793103448276,0.22413793103448276,0.8706896551724138,0.20689655172413793,0.7327586206896551,0.16379310344827586,0.6896551724137931,-0.15517241379310345,0.9741379310344828,0.008620689655172414,0.8620689655172413,0.008620689655172414,0.7413793103448276,-0.034482758620689655
1,0.0,0.0,0.03389830508474576,0.3135593220338983,0.06779661016949153,0.576271186440678,0.1271186440677966,0.8305084745762712,0.1694915254237288,1.0,0.4915254237288136,0.5,0.7457627118644068,0.576271186440678,0.652542372881356,0.5254237288135594,0.5254237288135594,0.4661016949152542,0.5847457627118644,0.3135593220338983,0.7542372881355932,0.3813559322033898,0.652542372881356,0.3559322033898305,0.5423728813559322,0.3135593220338983,0.635593220338983,0.11864406779661017,0.7288135593220338,0.2033898305084746,0.652542372881356,0.1864406779661017,0.5423728813559322,0.1440677966101695,0.6694915254237288,-0.05084745762711865,0.7457627118644068,0.03389830508474576,0.6610169491525424,0.01694915254237288,0.5677966101694916,-0.01694915254237288
1,0.0,0.0,0.0,0.32051282051282054,0.01282051282051282,0.5769230769230769,0.05128205128205128,0.8205128205128205,0.08974358974358974,1.0,0.5256410256410257,0.3333333333333333,0.4230769230769231,0.32051282051282054,0.2948717948717949,0.3076923076923077,0.23076923076923078,0.2948717948717949,0.5769230769230769,0.1282051282051282,0.4358974358974359,0.11538461538461539,0.3333333333333333,0.10256410256410256,0.2564102564102564,0.10256410256410256,0.5512820512820513,-0.05128205128205128,0.4230769230769231,-0.0641025641025641,0.32051282051282054,-0.05128205128205128,0.2564102564102564,-0.038461538461538464,0.48717948717948717,-0.21794871794871795,0.358974358974359,-0.23076923076923078,0.2564102564102564,-0.20512820512820512,0.16666666666666666,-0.19230769230769232
1,0.0,0.0,0.027777777777777776,0.3333333333333333,0.06944444444444445,0.5833333333333334,0.125,0.8333333333333334,0.16666666666666666,1.0,0.5833333333333334,0.3055555555555556,0.5277777777777778,0.3333333333333333,0.4027777777777778,0.3194444444444444,0.3194444444444444,0.3055555555555556,0.625,0.08333333333333333,0.5416666666666666,0.125,0.4166666666666667,0.125,0.3194444444444444,0.125,0.5833333333333334,-0.1111111111111111,0.5138888888888888,-0.06944444444444445,0.4027777777777778,-0.05555555555555555,0.3055555555555556,-0.05555555555555555,0.5138888888888888,-0.2777777777777778,0.4027777777777778,-0.25,0.2916666666666667,-0.25,0.20833333333333334,-0.2361111111111111
1,0.0,0.0,0.08,0.30666666666666664,0.13333333333333333,0.56,0.18666666666666668,0.8,0.21333333333333335,1.0,0.6266666666666667,0.24,0.5066666666666667,0.32,0.37333333333333335,0.32,0.32,0.28,0.6266666666666667,0.0,0.52,0.09333333333333334,0.41333333333333333,0.12,0.3333333333333333,0.09333333333333334,0.5466666666666666,-0.17333333333333334,0.4666666666666667,-0.08,0.37333333333333335,-0.05333333333333334,0.30666666666666664,-0.06666666666666667,0.44,-0.29333333333333333,0.3466666666666667,-0.22666666666666666,0.25333333333333335,-0.21333333333333335,0.17333333333333334,-0.22666666666666666
1,0.0,0.0,0.02631578947368421,0.3026315789473684,0.07894736842105263,0.5526315789473685,0.14473684210526316,0.8026315789473685,0.18421052631578946,1.0,0.5394736842105263,0.32894736842105265,0.4605263157894737,0.3157894736842105,0.34210526315789475,0.3026315789473684,0.27631578947368424,0.2894736842105263,0.5789473684210527,0.11842105263157894,0.47368421052631576,0.13157894736842105,0.3684210526315789,0.13157894736842105,0.2894736842105263,0.11842105263157894,0.5526315789473685,-0.06578947368421052,0.4473684210526316,-0.039473684210526314,0.35526315789473684,-0.02631578947368421,0.27631578947368424,-0.02631578947368421,0.4868421052631579,-0.23684210526315788,0.39473684210526316,-0.21052631578947367,0.2894736842105263,-0.19736842105263158,0.21052631578947367,-0.19736842105263158
1,0.0,0.0,0.07042253521126761,0.30985915492957744,0.14084507042253522,0.5492957746478874,0.18309859154929578,0.8028169014084507,0.2112676056338028,1.0,0.6056338028169014,0.2676056338028169,0.5774647887323944,0.23943661971830985,0.4788732394366197,0.2112676056338028,0.39436619718309857,0.19718309859154928,0.6338028169014085,0.04225352112676056,0.5774647887323944,0.028169014084507043,0.4788732394366197,0.028169014084507043,0.38028169014084506,0.04225352112676056,0.5915492957746479,-0.15492957746478872,0.5211267605633803,-0.15492957746478872,0.4225352112676056,-0.1267605633802817,0.3380281690140845,-0.11267605633802817,0.5070422535211268,-0.323943661971831,0.4225352112676056,-0.323943661971831,0.323943661971831,-0.30985915492957744,0.23943661971830985,-0.28169014084507044
1,0.0,0.0,0.041666666666666664,0.3055555555555556,0.09722222222222222,0.5555555555555556,0.1527777777777778,0.7916666666666666,0.19444444444444445,1.0,0.5833333333333334,0.2916666666666667,0.5555555555555556,0.2916666666666667,0.4583333333333333,0.2777777777777778,0.375,0.25,0.6111111111111112,0.06944444444444445,0.5694444444444444,0.06944444444444445,0.4722222222222222,0.06944444444444445,0.375,0.06944444444444445,0.5694444444444444,-0.1388888888888889,0.5138888888888888,-0.125,0.4166666666666667,-0.1111111111111111,0.3333333333333333,-0.09722222222222222,0.5,-0.3055555555555556,0.4166666666666667,-0.3055555555555556,0.3194444444444444,-0.2916666666666667,0.2222222222222222,-0.2777777777777778
1,0.0,0.0,0.07042253521126761,0.29577464788732394,0.14084507042253522,0.5492957746478874,0.2112676056338028,0.8028169014084507,0.28169014084507044,1.0,0.6338028169014085,0.2676056338028169,0.5774647887323944,0.2112676056338028,0.4647887323943662,0.19718309859154928,0.39436619718309857,0.19718309859154928,0.6619718309859155,0.056338028169014086,0.5774647887323944,0.014084507042253521,0.4647887323943662,0.028169014084507043,0.38028169014084506,0.056338028169014086,0.6056338028169014,-0.14084507042253522,0.5211267605633803,-0.15492957746478872,0.4225352112676056,-0.14084507042253522,0.352112676056338,-0.09859154929577464,0.5352112676056338,-0.30985915492957744,0.43661971830985913,-0.323943661971831,0.3380281690140845,-0.29577464788732394,0.2535211267605634,-0.2676056338028169
1,0.0,0.0,0.056338028169014086,0.29577464788732394,0.14084507042253522,0.5492957746478874,0.19718309859154928,0.8028169014084507,0.2535211267605634,1.0,0.647887323943662,0.2676056338028169,0.5915492957746479,0.19718309859154928,0.4647887323943662,0.18309859154929578,0.38028169014084506,0.19718309859154928,0.676056338028169,0.04225352112676056,0.5774647887323944,0.0,0.4647887323943662,0.014084507042253521,0.36619718309859156,0.04225352112676056,0.6197183098591549,-0.16901408450704225,0.5211267605633803,-0.16901408450704225,0.4225352112676056,-0.14084507042253522,0.3380281690140845,-0.11267605633802817,0.5352112676056338,-0.3380281690140845,0.43661971830985913,-0.352112676056338,0.323943661971831,-0.30985915492957744,0.23943661971830985,-0.2676056338028169
1,0.0,0.0,0.05714285714285714,0.3142857142857143,0.12857142857142856,0.5714285714285714,0.21428571428571427,0.8142857142857143,0.2857142857142857,1.0,0.6428571428571429,0.3,0.6,0.2,0.4857142857142857,0.17142857142857143,0.4142857142857143,0.2,0.6714285714285714,0.07142857142857142,0.5714285714285714,0.014285714285714285,0.45714285714285713,0.014285714285714285,0.37142857142857144,0.05714285714285714,0.6285714285714286,-0.14285714285714285,0.5142857142857142,-0.15714285714285714,0.4142857142857143,-0.14285714285714285,0.34285714285714286,-0.08571428571428572,0.5428571428571428,-0.32857142857142857,0.44285714285714284,-0.34285714285714286,0.32857142857142857,-0.3142857142857143,0.2571428571428571,-0.2714285714285714
1,0.0,0.0,0.056338028169014086,0.30985915492957744,0.1267605633802817,0.5633802816901409,0.19718309859154928,0.8169014084507042,0.23943661971830985,1.0,0.647887323943662,0.30985915492957744,0.5774647887323944,0.2676056338028169,0.4647887323943662,0.23943661971830985,0.39436619718309857,0.23943661971830985,0.6901408450704225,0.08450704225352113,0.5915492957746479,0.056338028169014086,0.4788732394366197,0.056338028169014086,0.4084507042253521,0.07042253521126761,0.647887323943662,-0.11267605633802817,0.5492957746478874,-0.11267605633802817,0.4507042253521127,-0.09859154929577464,0.38028169014084506,-0.07042253521126761,0.5774647887323944,-0.29577464788732394,0.5070422535211268,-0.29577464788732394,0.4084507042253521,-0.2676056338028169,0.3380281690140845,-0.23943661971830985
1,0.0,0.0,0.05194805194805195,0.2857142857142857,0.15584415584415584,0.5454545454545454,0.2077922077922078,0.8051948051948052,0.24675324675324675,1.0,0.6623376623376623,0.36363636363636365,0.6753246753246753,0.24675324675324675,0.5454545454545454,0.2077922077922078,0.44155844155844154,0.23376623376623376,0.7012987012987013,0.15584415584415584,0.6363636363636364,0.07792207792207792,0.4935064935064935,0.05194805194805195,0.4025974025974026,0.07792207792207792,0.6623376623376623,-0.05194805194805195,0.5844155844155844,-0.09090909090909091,0.4675324675324675,-0.09090909090909091,0.38961038961038963,-0.06493506493506493,0.6103896103896104,-0.23376623376623376,0.5454545454545454,-0.2597402597402597,0.4155844155844156,-0.24675324675324675,0.33766233766233766,-0.22077922077922077
1,0.0,0.0,0.1125,0.3,0.25,0.55,0.325,0.7875,0.375,1.0,0.7375,0.375,0.7125,0.3125,0.6,0.275,0.525,0.275,0.775,0.175,0.7,0.1375,0.5875,0.125,0.5125,0.1375,0.75,-0.025,0.675,-0.025,0.5625,-0.025,0.5,-0.0125,0.6875,-0.1875,0.6375,-0.1875,0.5375,-0.175,0.4625,-0.1625
1,0.0,0.0,0.1,0.3125,0.2125,0.575,0.3125,0.825,0.375,1.0,0.7375,0.3625,0.7,0.3375,0.5625,0.3,0.4875,0.275,0.775,0.1375,0.675,0.1,0.55,0.1,0.4625,0.1,0.7375,-0.0625,0.6375,-0.075,0.525,-0.0625,0.45,-0.05,0.675,-0.2375,0.6125,-0.25,0.5,-0.225,0.425,-0.225
1,0.0,0.0,0.13186813186813187,0.31868131868131866,0.2967032967032967,0.5714285714285714,0.42857142857142855,0.8131868131868132,0.5384615384615384,1.0,0.8241758241758241,0.34065934065934067,0.7802197802197802,0.37362637362637363,0.6593406593406593,0.3516483516483517,0.5934065934065934,0.32967032967032966,0.8571428571428571,0.14285714285714285,0.7582417582417582,0.17582417582417584,0.6483516483516484,0.17582417582417584,0.5714285714285714,0.15384615384615385,0.8131868131868132,-0.054945054945054944,0.7252747252747253,-0.01098901098901099,0.6263736263736264,0.01098901098901099,0.5494505494505495,0.0,0.7472527472527473,-0.2087912087912088,0.7032967032967034,-0.17582417582417584,0.6043956043956044,-0.15384615384615385,0.5274725274725275,-0.15384615384615385
1,0.0,0.0,0.14432989690721648,0.29896907216494845,0.28865979381443296,0.5567010309278351,0.4329896907216495,0.8041237113402062,0.5360824742268041,1.0,0.8350515463917526,0.30927835051546393,0.8762886597938144,0.36082474226804123,0.7525773195876289,0.3402061855670103,0.6494845360824743,0.31958762886597936,0.865979381443299,0.08247422680412371,0.7938144329896907,0.14432989690721648,0.6804123711340206,0.15463917525773196,0.5876288659793815,0.14432989690721648,0.8144329896907216,-0.1134020618556701,0.7319587628865979,-0.041237113402061855,0.6288659793814433,-0.020618556701030927,0.5360824742268041,-0.020618556701030927,0.7422680412371134,-0.27835051546391754,0.7010309278350515,-0.21649484536082475,0.6082474226804123,-0.18556701030927836,0.5257731958762887,-0.18556701030927836
1,0.0,0.0,0.1262135922330097,0.3106796116504854,0.24271844660194175,0.5728155339805825,0.36893203883495146,0.8155339805825242,0.4563106796116505,1.0,0.7378640776699029,0.3883495145631068,0.912621359223301,0.3786407766990291,0.7961165048543689,0.3300970873786408,0.6601941747572816,0.3106796116504854,0.7864077669902912,0.1553398058252427,0.8446601941747572,0.1553398058252427,0.7184466019417476,0.13592233009708737,0.6116504854368932,0.14563106796116504,0.7669902912621359,-0.06796116504854369,0.7475728155339806,-0.05825242718446602,0.6407766990291263,-0.04854368932038835,0.5339805825242718,-0.038834951456310676,0.7281553398058253,-0.2621359223300971,0.6990291262135923,-0.23300970873786409,0.5825242718446602,-0.22330097087378642,0.49514563106796117,-0.21359223300970873
1,0.0,0.0,0.17435897435897435,-0.24102564102564103,0.4256410256410256,-0.30256410256410254,0.6358974358974359,-0.2512820512820513,0.8051282051282052,-0.13333333333333333,0.5128205128205128,-0.358974358974359,0.9384615384615385,-0.3435897435897436,0.9948717948717949,-0.2512820512820513,0.9179487179487179,-0.2,0.517948717948718,-0.2153846153846154,0.9846153846153847,-0.14358974358974358,1.0,-0.05641025641025641,0.9179487179487179,-0.046153846153846156,0.5025641025641026,-0.05128205128205128,0.9846153846153847,0.020512820512820513,0.9846153846153847,0.08717948717948718,0.882051282051282,0.08205128205128205,0.46153846153846156,0.11282051282051282,0.8461538461538461,0.18461538461538463,0.8461538461538461,0.2358974358974359,0.7589743589743589,0.22564102564102564
1,0.0,0.0,-0.1005586592178771,0.24022346368715083,-0.25139664804469275,0.5251396648044693,-0.33519553072625696,0.7821229050279329,-0.39106145251396646,1.0,-0.6536312849162011,0.4134078212290503,-0.7653631284916201,0.43575418994413406,-0.5418994413407822,0.3743016759776536,-0.39664804469273746,0.3463687150837989,-0.7039106145251397,0.2122905027932961,-0.7821229050279329,0.21787709497206703,-0.5195530726256983,0.19553072625698323,-0.4022346368715084,0.2011173184357542,-0.7039106145251397,0.00558659217877095,-0.776536312849162,0.0,-0.5418994413407822,0.01675977653631285,-0.441340782122905,0.0335195530726257,-0.6759776536312849,-0.18994413407821228,-0.770949720670391,-0.19553072625698323,-0.5977653631284916,-0.1564245810055866,-0.5195530726256983,-0.13966480446927373
1,0.0,0.0,-0.014184397163120567,0.24822695035460993,-0.07092198581560284,0.5460992907801419,-0.11347517730496454,0.7943262411347518,-0.1276595744680851,1.0,-0.5035460992907801,0.5602836879432624,-0.6524822695035462,0.6595744680851063,-0.475177304964539,0.5460992907801419,-0.3120567375886525,0.45390070921985815,-0.6170212765957447,0.3900709219858156,-0.75177304964539,0.46808510638297873,-0.524822695035461,0.3617021276595745,-0.3546099290780142,0.3049645390070922,-0.6808510638297872,0.2127659574468085,-0.8085106382978723,0.2624113475177305,-0.5886524822695035,0.20567375886524822,-0.425531914893617,0.16312056737588654,-0.7163120567375887,0.03546099290780142,-0.851063829787234,0.07092198581560284,-0.7092198581560284,0.04964539007092199,-0.6028368794326241,0.03546099290780142
1,0.0,0.0,0.0,0.26356589147286824,-0.05426356589147287,0.5581395348837209,-0.07751937984496124,0.7984496124031008,-0.10077519379844961,1.0,-0.4883720930232558,0.5658914728682171,-0.5891472868217055,0.6666666666666666,-0.4108527131782946,0.5658914728682171,-0.27906976744186046,0.46511627906976744,-0.5891472868217055,0.40310077519379844,-0.6434108527131783,0.4883720930232558,-0.4108527131782946,0.3798449612403101,-0.3023255813953488,0.31007751937984496,-0.6511627906976745,0.2248062015503876,-0.6666666666666666,0.2868217054263566,-0.43410852713178294,0.20930232558139536,-0.34108527131782945,0.15503875968992248,-0.689922480620155,0.031007751937984496,-0.7209302325581395,0.11627906976744186,-0.5503875968992248,0.08527131782945736,-0.4806201550387597,0.05426356589147287
1,0.0,0.0,0.0,0.2578125,-0.0546875,0.5625,-0.09375,0.8046875,-0.125,1.0,-0.484375,0.5625,-0.609375,0.6640625,-0.4296875,0.5546875,-0.3046875,0.46875,-0.5859375,0.3984375,-0.671875,0.4765625,-0.4296875,0.375,-0.328125,0.3203125,-0.6484375,0.21875,-0.6875,0.2734375,-0.453125,0.203125,-0.3671875,0.171875,-0.6875,0.03125,-0.7265625,0.1015625,-0.546875,0.078125,-0.4765625,0.0546875
1,0.0,0.0,0.015625,0.2578125,-0.0546875,0.5703125,-0.1015625,0.8125,-0.1328125,1.0,-0.484375,0.578125,-0.625,0.6796875,-0.4453125,0.5703125,-0.3046875,0.484375,-0.5859375,0.40625,-0.6953125,0.4765625,-0.4453125,0.3671875,-0.3203125,0.3203125,-0.65625,0.21875,-0.7265625,0.2734375,-0.484375,0.203125,-0.375,0.1640625,-0.6953125,0.0234375,-0.7734375,0.09375,-0.6171875,0.0703125,-0.5390625,0.0546875
1,0.0,0.0,-0.015625,0.2578125,-0.109375,0.546875,-0.1640625,0.7890625,-0.1953125,1.0,-0.71875,0.3828125,-0.3515625,0.4453125,-0.15625,0.3984375,-0.1796875,0.3671875,-0.7734375,0.203125,-0.328125,0.2734375,-0.15625,0.234375,-0.171875,0.203125,-0.734375,0.0234375,-0.3125,0.0859375,-0.15625,0.078125,-0.1875,0.0625,-0.65625,-0.1484375,-0.3046875,-0.1171875,-0.1640625,-0.1171875,-0.1796875,-0.125
1,0.0,0.0,-0.12048192771084337,0.29518072289156627,-0.3192771084337349,0.572289156626506,-0.41566265060240964,0.8012048192771084,-0.40963855421686746,1.0,-0.5180722891566265,0.5421686746987951,-0.8313253012048193,0.4939759036144578,-0.7710843373493976,0.39759036144578314,-0.6686746987951807,0.3855421686746988,-0.5481927710843374,0.3614457831325301,-0.8493975903614458,0.29518072289156627,-0.7590361445783133,0.22289156626506024,-0.6325301204819277,0.21686746987951808,-0.5602409638554217,0.15060240963855423,-0.8072289156626506,0.10240963855421686,-0.7168674698795181,0.05421686746987952,-0.5963855421686747,0.05421686746987952,-0.5602409638554217,-0.04819277108433735,-0.7650602409638554,-0.05421686746987952,-0.6686746987951807,-0.0783132530120482,-0.5602409638554217,-0.0783132530120482
1,0.0,0.0,-0.12121212121212122,0.2909090909090909,-0.3212121212121212,0.5757575757575758,-0.42424242424242425,0.8,-0.42424242424242425,1.0,-0.5212121212121212,0.5636363636363636,-0.8606060606060606,0.503030303030303,-0.806060606060606,0.4,-0.696969696969697,0.3878787878787879,-0.5515151515151515,0.37575757575757573,-0.8848484848484849,0.3090909090909091,-0.793939393939394,0.23030303030303031,-0.6606060606060606,0.23030303030303031,-0.5636363636363636,0.16363636363636364,-0.8363636363636363,0.11515151515151516,-0.7333333333333333,0.07272727272727272,-0.6121212121212121,0.07272727272727272,-0.5575757575757576,-0.04242424242424243,-0.7818181818181819,-0.04242424242424243,-0.6848484848484848,-0.06666666666666667,-0.5757575757575758,-0.06666666666666667
1,0.0,0.0,-0.1111111111111111,0.28654970760233917,-0.30409356725146197,0.5730994152046783,-0.40350877192982454,0.8011695906432749,-0.40350877192982454,1.0,-0.4853801169590643,0.5614035087719298,-0.8070175438596491,0.52046783625731,-0.7543859649122807,0.4269005847953216,-0.6432748538011696,0.4093567251461988,-0.5146198830409356,0.38596491228070173,-0.8362573099415205,0.32748538011695905,-0.7543859649122807,0.25146198830409355,-0.6257309941520468,0.25146198830409355,-0.5321637426900585,0.18128654970760233,-0.8011695906432749,0.14035087719298245,-0.7076023391812866,0.0935672514619883,-0.5847953216374269,0.0935672514619883,-0.5321637426900585,-0.017543859649122806,-0.7543859649122807,-0.017543859649122806,-0.6549707602339181,-0.04678362573099415,-0.5497076023391813,-0.04093567251461988
1,0.0,0.0,-0.10588235294117647,0.25882352941176473,-0.2823529411764706,0.5529411764705883,-0.4,0.788235294117647,-0.3941176470588235,1.0,-0.18235294117647058,0.6,-0.6235294117647059,0.6352941176470588,-0.6294117647058823,0.5117647058823529,-0.5294117647058824,0.4647058823529412,-0.17647058823529413,0.4235294117647059,-0.6647058823529411,0.4470588235294118,-0.6058823529411764,0.34705882352941175,-0.4647058823529412,0.3176470588235294,-0.2,0.22941176470588234,-0.6470588235294118,0.2529411764705882,-0.5588235294117647,0.18235294117647058,-0.4235294117647059,0.17058823529411765,-0.24705882352941178,0.03529411764705882,-0.611764705882353,0.08235294117647059,-0.5352941176470588,0.041176470588235294,-0.4,0.029411764705882353
1,0.0,0.0,-0.1686046511627907,0.2441860465116279,-0.31976744186046513,0.5406976744186046,-0.4127906976744186,0.7674418604651163,-0.4418604651162791,1.0,-0.13953488372093023,0.6453488372093024,-0.5581395348837209,0.686046511627907,-0.5523255813953488,0.5348837209302325,-0.43023255813953487,0.4941860465116279,-0.12209302325581395,0.47093023255813954,-0.6046511627906976,0.5,-0.5465116279069767,0.37790697674418605,-0.4127906976744186,0.3430232558139535,-0.13953488372093023,0.27906976744186046,-0.5813953488372093,0.3081395348837209,-0.5116279069767442,0.19767441860465115,-0.38953488372093026,0.18023255813953487,-0.18023255813953487,0.08139534883720931,-0.5523255813953488,0.13372093023255813,-0.48255813953488375,0.06976744186046512,-0.3488372093023256,0.040697674418604654
1,0.0,0.0,0.21153846153846154,0.22435897435897437,0.3717948717948718,0.40384615384615385,0.5,0.5256410256410257,0.6089743589743589,0.6602564102564102,0.10897435897435898,0.8205128205128205,0.391025641025641,1.0,0.6282051282051282,0.8717948717948718,0.7051282051282052,0.7371794871794872,0.01282051282051282,0.7307692307692307,0.38461538461538464,0.8269230769230769,0.6410256410256411,0.6858974358974359,0.6794871794871795,0.5897435897435898,-0.019230769230769232,0.5576923076923077,0.36538461538461536,0.6346153846153846,0.5705128205128205,0.5,0.5705128205128205,0.42948717948717946,-0.01282051282051282,0.358974358974359,0.3269230769230769,0.391025641025641,0.46794871794871795,0.3333333333333333,0.44871794871794873,0.28846153846153844
1,0.0,0.0,0.03954802259887006,0.3446327683615819,0.13559322033898305,0.632768361581921,0.23163841807909605,0.8361581920903954,0.2994350282485876,1.0,0.4180790960451977,0.6045197740112994,0.6101694915254238,0.6440677966101694,0.5084745762711864,0.5480225988700564,0.3785310734463277,0.480225988700565,0.4463276836158192,0.4632768361581921,0.6440677966101694,0.4632768361581921,0.5254237288135594,0.4067796610169492,0.3898305084745763,0.3672316384180791,0.4463276836158192,0.2937853107344633,0.6440677966101694,0.2937853107344633,0.5254237288135594,0.24858757062146894,0.3898305084745763,0.21468926553672316,0.4406779661016949,0.11299435028248588,0.5932203389830508,0.11299435028248588,0.4915254237288136,0.10734463276836158,0.3559322033898305,0.10734463276836158
1,0.0,0.0,0.11029411764705882,0.3161764705882353,0.23529411764705882,0.6029411764705882,0.3088235294117647,0.8382352941176471,0.3382352941176471,1.0,0.6544117647058824,0.4852941176470588,0.8676470588235294,0.6397058823529411,0.625,0.5882352941176471,0.4264705882352941,0.5147058823529411,0.7132352941176471,0.3088235294117647,0.9264705882352942,0.4485294117647059,0.6102941176470589,0.39705882352941174,0.3897058823529412,0.33088235294117646,0.7352941176470589,0.11764705882352941,0.8823529411764706,0.22794117647058823,0.5882352941176471,0.20588235294117646,0.3897058823529412,0.15441176470588236,0.7426470588235294,-0.09558823529411764,0.8602941176470589,0.007352941176470588,0.6544117647058824,0.022058823529411766,0.5,-0.014705882352941176
1,0.0,0.0,0.0661764705882353,0.3014705882352941,0.19117647058823528,0.6029411764705882,0.23529411764705882,0.8455882352941176,0.22794117647058823,1.0,0.5661764705882353,0.47794117647058826,0.7794117647058824,0.5808823529411765,0.5955882352941176,0.5147058823529411,0.41911764705882354,0.4485294117647059,0.6029411764705882,0.3014705882352941,0.8382352941176471,0.3897058823529412,0.5661764705882353,0.3235294117647059,0.3602941176470588,0.2867647058823529,0.625,0.11764705882352941,0.7867647058823529,0.18382352941176472,0.5147058823529411,0.14705882352941177,0.33088235294117646,0.11764705882352941,0.625,-0.07352941176470588,0.7794117647058824,-0.014705882352941176,0.6029411764705882,0.0,0.4632352941176471,-0.007352941176470588
1,0.0,0.0,0.08064516129032258,0.31451612903225806,0.23387096774193547,0.6048387096774194,0.28225806451612906,0.8225806451612904,0.24193548387096775,1.0,0.6370967741935484,0.5080645161290323,0.8548387096774194,0.5967741935483871,0.6612903225806451,0.5403225806451613,0.4596774193548387,0.47580645161290325,0.6774193548387096,0.31451612903225806,0.9112903225806451,0.3951612903225806,0.6290322580645161,0.3225806451612903,0.4112903225806452,0.27419354838709675,0.6854838709677419,0.10483870967741936,0.8709677419354839,0.18548387096774194,0.6129032258064516,0.14516129032258066,0.41935483870967744,0.10483870967741936,0.6774193548387096,-0.11290322580645161,0.8629032258064516,-0.04032258064516129,0.6935483870967742,-0.024193548387096774,0.5483870967741935,-0.04032258064516129
1,0.0,0.0,0.096,0.336,0.248,0.616,0.304,0.832,0.264,1.0,0.648,0.52,0.88,0.6,0.68,0.536,0.48,0.472,0.688,0.32,0.936,0.4,0.656,0.328,0.424,0.28,0.696,0.112,0.888,0.176,0.624,0.136,0.416,0.112,0.696,-0.088,0.872,-0.04,0.704,-0.032,0.552,-0.032
1,0.0,0.0,0.07913669064748201,0.31654676258992803,0.2302158273381295,0.6115107913669064,0.2805755395683453,0.841726618705036,0.26618705035971224,1.0,0.5683453237410072,0.4676258992805755,0.7841726618705036,0.5467625899280576,0.5971223021582733,0.4892086330935252,0.41007194244604317,0.43884892086330934,0.5971223021582733,0.28776978417266186,0.8345323741007195,0.3669064748201439,0.5755395683453237,0.30935251798561153,0.3669064748201439,0.26618705035971224,0.60431654676259,0.1079136690647482,0.7985611510791367,0.17266187050359713,0.5467625899280576,0.14388489208633093,0.3669064748201439,0.11510791366906475,0.6115107913669064,-0.08633093525179857,0.7913669064748201,-0.02877697841726619,0.6330935251798561,-0.014388489208633094,0.4892086330935252,-0.007194244604316547
1,0.0,0.0,0.08333333333333333,0.3125,0.2152777777777778,0.5833333333333334,0.2777777777777778,0.8194444444444444,0.2777777777777778,1.0,0.5625,0.4722222222222222,0.7638888888888888,0.5555555555555556,0.5902777777777778,0.4930555555555556,0.4097222222222222,0.4305555555555556,0.6041666666666666,0.2986111111111111,0.8194444444444444,0.375,0.5694444444444444,0.3125,0.3680555555555556,0.2638888888888889,0.6180555555555556,0.1111111111111111,0.7847222222222222,0.1875,0.5486111111111112,0.1527777777777778,0.375,0.11805555555555555,0.625,-0.0763888888888889,0.7847222222222222,-0.006944444444444444,0.625,0.006944444444444444,0.4930555555555556,-0.006944444444444444
1,0.0,0.0,0.06040268456375839,0.28859060402684567,0.174496644295302,0.5637583892617449,0.21476510067114093,0.8120805369127517,0.22818791946308725,1.0,0.5436241610738255,0.4899328859060403,0.7114093959731543,0.5838926174496645,0.5369127516778524,0.5033557046979866,0.3691275167785235,0.436241610738255,0.5906040268456376,0.3221476510067114,0.7718120805369127,0.40939597315436244,0.5302013422818792,0.33557046979865773,0.33557046979865773,0.28187919463087246,0.6174496644295302,0.14093959731543623,0.7651006711409396,0.2214765100671141,0.5302013422818792,0.18120805369127516,0.35570469798657717,0.14093959731543623,0.6308724832214765,-0.04697986577181208,0.7718120805369127,0.040268456375838924,0.610738255033557,0.040268456375838924,0.4697986577181208,0.013422818791946308
1,0.0,0.0,0.05128205128205128,0.28846153846153844,0.14102564102564102,0.5705128205128205,0.1858974358974359,0.8205128205128205,0.20512820512820512,1.0,0.5256410256410257,0.4935897435897436,0.6410256410256411,0.5897435897435898,0.46153846153846156,0.5,0.2948717948717949,0.4166666666666667,0.5833333333333334,0.3269230769230769,0.6987179487179487,0.41025641025641024,0.47435897435897434,0.3333333333333333,0.28846153846153844,0.27564102564102566,0.6089743589743589,0.15384615384615385,0.6987179487179487,0.23076923076923078,0.47435897435897434,0.1858974358974359,0.30128205128205127,0.14102564102564102,0.6025641025641025,-0.01282051282051282,0.6987179487179487,0.05128205128205128,0.532051282051282,0.038461538461538464,0.391025641025641,0.01282051282051282
1,0.0,0.0,0.025806451612903226,0.2903225806451613,0.12258064516129032,0.5741935483870968,0.15483870967741936,0.8129032258064516,0.14193548387096774,1.0,0.6193548387096774,0.5419354838709678,0.5806451612903226,0.6387096774193548,0.3870967741935484,0.5290322580645161,0.25161290322580643,0.432258064516129,0.7096774193548387,0.38064516129032255,0.632258064516129,0.45806451612903226,0.3935483870967742,0.36774193548387096,0.25161290322580643,0.3032258064516129,0.7354838709677419,0.2064516129032258,0.6258064516129033,0.2709677419354839,0.4,0.2129032258064516,0.27741935483870966,0.16774193548387098,0.7161290322580646,0.025806451612903226,0.6451612903225806,0.10967741935483871,0.4774193548387097,0.09032258064516129,0.3935483870967742,0.05806451612903226
1,0.0,0.0,-0.006329113924050633,0.2911392405063291,0.06329113924050633,0.5759493670886076,0.08227848101265822,0.8037974683544303,0.0379746835443038,1.0,0.5822784810126582,0.5886075949367089,0.5063291139240507,0.6518987341772152,0.3227848101265823,0.5189873417721519,0.20253164556962025,0.4240506329113924,0.6835443037974683,0.4240506329113924,0.5822784810126582,0.46835443037974683,0.34810126582278483,0.36075949367088606,0.2088607594936709,0.2974683544303797,0.7151898734177216,0.2468354430379747,0.5632911392405063,0.2721518987341772,0.34810126582278483,0.2088607594936709,0.2468354430379747,0.17088607594936708,0.7088607594936709,0.06962025316455696,0.5632911392405063,0.0949367088607595,0.4050632911392405,0.06962025316455696,0.34810126582278483,0.06329113924050633
1,0.0,0.0,-0.026490066225165563,0.2781456953642384,0.019867549668874173,0.5562913907284768,0.039735099337748346,0.7947019867549668,0.019867549668874173,1.0,0.543046357615894,0.5695364238410596,0.40397350993377484,0.5364238410596026,0.17880794701986755,0.4370860927152318,0.10596026490066225,0.39072847682119205,0.6490066225165563,0.36423841059602646,0.46357615894039733,0.32450331125827814,0.2185430463576159,0.2582781456953642,0.1390728476821192,0.23178807947019867,0.6688741721854304,0.152317880794702,0.4900662251655629,0.11920529801324503,0.25165562913907286,0.08609271523178808,0.17218543046357615,0.07947019867549669,0.6423841059602649,-0.052980132450331126,0.5165562913907285,-0.06622516556291391,0.31788079470198677,-0.0728476821192053,0.23841059602649006,-0.06622516556291391
1,0.0,0.0,-0.0650887573964497,0.27218934911242604,0.047337278106508875,0.5502958579881657,0.17751479289940827,0.7692307692307693,0.22485207100591717,1.0,0.5029585798816568,0.5207100591715976,0.15976331360946747,0.38461538461538464,-0.023668639053254437,0.3254437869822485,-0.0650887573964497,0.33136094674556216,0.6035502958579881,0.3254437869822485,0.1834319526627219,0.1834319526627219,0.0,0.15384615384615385,-0.04142011834319527,0.17751479289940827,0.6331360946745562,0.1242603550295858,0.24260355029585798,0.0,0.08284023668639054,0.0,0.0650887573964497,0.029585798816568046,0.6272189349112426,-0.07100591715976332,0.33727810650887574,-0.14792899408284024,0.20118343195266272,-0.15384615384615385,0.1834319526627219,-0.13609467455621302
1,0.0,0.0,-0.225,0.2375,-0.50625,0.45625,-0.61875,0.675,-0.65,0.8875,-0.5625,0.34375,-1.0,0.1875,-0.89375,0.1375,-0.75625,0.175,-0.48125,0.14375,-0.93125,-0.03125,-0.825,-0.0375,-0.66875,0.025,-0.4,-0.0625,-0.8125,-0.20625,-0.71875,-0.2,-0.575,-0.1375,-0.33125,-0.25,-0.66875,-0.3375,-0.6125,-0.31875,-0.49375,-0.26875
1,0.0,0.0,-0.18518518518518517,0.30864197530864196,-0.4012345679012346,0.5308641975308642,-0.5123456790123457,0.7716049382716049,-0.5185185185185185,1.0,-0.6790123456790124,0.29012345679012347,-0.8395061728395061,0.3148148148148148,-0.7222222222222222,0.2962962962962963,-0.5987654320987654,0.2777777777777778,-0.6975308641975309,0.06790123456790123,-0.8333333333333334,0.1111111111111111,-0.7345679012345679,0.12962962962962962,-0.6234567901234568,0.11728395061728394,-0.6666666666666666,-0.13580246913580246,-0.7962962962962963,-0.06790123456790123,-0.7160493827160493,-0.043209876543209874,-0.6049382716049383,-0.043209876543209874,-0.6049382716049383,-0.2962962962962963,-0.7222222222222222,-0.2222222222222222,-0.6419753086419753,-0.18518518518518517,-0.5493827160493827,-0.18518518518518517
1,0.0,0.0,-0.28484848484848485,0.32727272727272727,-0.5515151515151515,0.5575757575757576,-0.6848484848484848,0.7878787878787878,-0.7212121212121212,1.0,-0.8666666666666667,0.3212121212121212,-0.9030303030303031,0.34545454545454546,-0.7878787878787878,0.3333333333333333,-0.696969696969697,0.3151515151515151,-0.8848484848484849,0.12121212121212122,-0.9212121212121213,0.14545454545454545,-0.8363636363636363,0.15757575757575756,-0.7393939393939394,0.1393939393939394,-0.8363636363636363,-0.07272727272727272,-0.9090909090909091,-0.030303030303030304,-0.8424242424242424,-0.012121212121212121,-0.7393939393939394,-0.01818181818181818,-0.7636363636363637,-0.22424242424242424,-0.8666666666666667,-0.1696969696969697,-0.793939393939394,-0.1393939393939394,-0.6909090909090909,-0.15151515151515152
1,0.0,0.0,-0.10909090909090909,0.30303030303030304,-0.23636363636363636,0.5515151515151515,-0.28484848484848485,0.7878787878787878,-0.28484848484848485,1.0,-0.6484848484848484,0.38181818181818183,-0.696969696969697,0.34545454545454546,-0.5818181818181818,0.28484848484848485,-0.48484848484848486,0.2606060606060606,-0.703030303030303,0.16363636363636364,-0.7090909090909091,0.1393939393939394,-0.6060606060606061,0.11515151515151516,-0.5151515151515151,0.10303030303030303,-0.6848484848484848,-0.04242424242424243,-0.6606060606060606,-0.030303030303030304,-0.5696969696969697,-0.04242424242424243,-0.4727272727272727,-0.048484848484848485,-0.6363636363636364,-0.21818181818181817,-0.6060606060606061,-0.19393939393939394,-0.5151515151515151,-0.18181818181818182,-0.43636363636363634,-0.1696969696969697
1,0.0,0.0,-0.010362694300518135,0.32642487046632124,-0.08290155440414508,0.5958549222797928,-0.09326424870466321,0.8082901554404145,-0.03626943005181347,1.0,-0.5025906735751295,0.45077720207253885,-0.5803108808290155,0.616580310880829,-0.45595854922279794,0.6062176165803109,-0.3626943005181347,0.5284974093264249,-0.5854922279792746,0.27979274611398963,-0.6217616580310881,0.45595854922279794,-0.5129533678756477,0.45595854922279794,-0.43523316062176165,0.38341968911917096,-0.5958549222797928,0.12953367875647667,-0.616580310880829,0.3005181347150259,-0.5284974093264249,0.29533678756476683,-0.45077720207253885,0.22797927461139897,-0.5803108808290155,0.010362694300518135,-0.6113989637305699,0.16062176165803108,-0.5233160621761658,0.16062176165803108,-0.45077720207253885,0.10880829015544041
1,0.0,0.0,-0.005154639175257732,0.31958762886597936,-0.07731958762886598,0.5876288659793815,-0.08247422680412371,0.8092783505154639,-0.02577319587628866,1.0,-0.4896907216494845,0.4742268041237113,-0.6082474226804123,0.6185567010309279,-0.4793814432989691,0.6030927835051546,-0.37628865979381443,0.5412371134020618,-0.5876288659793815,0.30927835051546393,-0.654639175257732,0.4690721649484536,-0.5463917525773195,0.4587628865979381,-0.4690721649484536,0.3917525773195876,-0.6134020618556701,0.15463917525773196,-0.6649484536082474,0.31958762886597936,-0.5721649484536082,0.31443298969072164,-0.4948453608247423,0.25773195876288657,-0.6082474226804123,0.03608247422680412,-0.654639175257732,0.17525773195876287,-0.5670103092783505,0.18556701030927836,-0.5,0.14432989690721648
1,0.0,0.0,-0.015463917525773196,0.33505154639175255,-0.08762886597938144,0.5927835051546392,-0.08762886597938144,0.8144329896907216,-0.05154639175257732,1.0,-0.5154639175257731,0.4948453608247423,-0.6597938144329897,0.5824742268041238,-0.5463917525773195,0.5721649484536082,-0.44329896907216493,0.5360824742268041,-0.6030927835051546,0.31958762886597936,-0.6804123711340206,0.422680412371134,-0.5824742268041238,0.422680412371134,-0.5,0.38144329896907214,-0.6185567010309279,0.15463917525773196,-0.6701030927835051,0.26288659793814434,-0.5927835051546392,0.25773195876288657,-0.5051546391752577,0.21649484536082475,-0.6134020618556701,0.020618556701030927,-0.6494845360824743,0.11855670103092783,-0.5773195876288659,0.12371134020618557,-0.5103092783505154,0.09278350515463918
1,0.0,0.0,-0.07567567567567568,0.32972972972972975,-0.2,0.5837837837837838,-0.24864864864864866,0.8054054054054054,-0.22162162162162163,1.0,-0.5783783783783784,0.3891891891891892,-0.7891891891891892,0.4756756756756757,-0.654054054054054,0.4810810810810811,-0.5351351351351351,0.4486486486486487,-0.6324324324324324,0.20540540540540542,-0.7891891891891892,0.3081081081081081,-0.6864864864864865,0.31891891891891894,-0.5891891891891892,0.2864864864864865,-0.6324324324324324,0.03783783783783784,-0.7513513513513513,0.14594594594594595,-0.6756756756756757,0.15675675675675677,-0.5837837837837838,0.12972972972972974,-0.6054054054054054,-0.0972972972972973,-0.7027027027027027,0.005405405405405406,-0.6324324324324324,0.021621621621621623,-0.5513513513513514,0.0
1,0.0,0.0,-0.11413043478260869,0.31521739130434784,-0.2554347826086957,0.5706521739130435,-0.28804347826086957,0.8043478260869565,-0.25,1.0,-0.5380434782608695,0.4673913043478261,-0.8478260869565217,0.40217391304347827,-0.7554347826086957,0.358695652173913,-0.6358695652173914,0.375,-0.5706521739130435,0.266304347826087,-0.8260869565217391,0.21739130434782608,-0.7336956521739131,0.20108695652173914,-0.6195652173913043,0.21195652173913043,-0.5706521739130435,0.07065217391304347,-0.7717391304347826,0.05434782608695652,-0.6847826086956522,0.03804347826086957,-0.5760869565217391,0.043478260869565216,-0.5543478260869565,-0.10869565217391304,-0.7119565217391305,-0.09239130434782608,-0.6304347826086957,-0.09239130434782608,-0.5434782608695652,-0.09782608695652174
1,0.0,0.0,-0.08522727272727272,0.26136363636363635,-0.2556818181818182,0.5568181818181818,-0.3068181818181818,0.7897727272727273,-0.2897727272727273,1.0,-0.3181818181818182,0.4943181818181818,-0.7159090909090909,0.4659090909090909,-0.6875,0.4090909090909091,-0.5568181818181818,0.4090909090909091,-0.29545454545454547,0.2897727272727273,-0.7670454545454546,0.23295454545454544,-0.6647727272727273,0.20454545454545456,-0.4715909090909091,0.2159090909090909,-0.29545454545454547,0.07386363636363637,-0.7215909090909091,0.045454545454545456,-0.6136363636363636,0.03977272727272727,-0.4431818181818182,0.03977272727272727,-0.29545454545454547,-0.13068181818181818,-0.6136363636363636,-0.125,-0.5397727272727273,-0.11363636363636363,-0.4090909090909091,-0.11363636363636363
1,0.0,0.0,-0.11855670103092783,0.27319587628865977,-0.30927835051546393,0.5618556701030928,-0.36597938144329895,0.788659793814433,-0.32989690721649484,1.0,-0.35051546391752575,0.5515463917525774,-0.7783505154639175,0.5,-0.6804123711340206,0.422680412371134,-0.5412371134020618,0.4329896907216495,-0.32989690721649484,0.3711340206185567,-0.7731958762886598,0.30412371134020616,-0.654639175257732,0.25257731958762886,-0.5051546391752577,0.27319587628865977,-0.31443298969072164,0.17525773195876287,-0.7216494845360825,0.12371134020618557,-0.6030927835051546,0.0979381443298969,-0.4587628865979381,0.10824742268041238,-0.31443298969072164,-0.020618556701030927,-0.6443298969072165,-0.030927835051546393,-0.5515463917525774,-0.04639175257731959,-0.41237113402061853,-0.03608247422680412
1,0.0,0.0,-0.1875,0.26136363636363635,-0.3977272727272727,0.5511363636363636,-0.4772727272727273,0.7784090909090909,-0.4772727272727273,1.0,-0.32386363636363635,0.4943181818181818,-0.7670454545454546,0.4090909090909091,-0.6818181818181818,0.3465909090909091,-0.5340909090909091,0.36363636363636365,-0.24431818181818182,0.29545454545454547,-0.7556818181818182,0.19318181818181818,-0.6306818181818182,0.17613636363636365,-0.4602272727272727,0.19886363636363635,-0.21022727272727273,0.07954545454545454,-0.6875,0.011363636363636364,-0.5568181818181818,0.017045454545454544,-0.4034090909090909,0.045454545454545456,-0.20454545454545456,-0.10795454545454546,-0.5852272727272727,-0.14204545454545456,-0.4772727272727273,-0.125,-0.3181818181818182,-0.10227272727272728
1,0.0,0.0,-0.20809248554913296,0.2543352601156069,-0.45664739884393063,0.5317919075144508,-0.5317919075144508,0.7687861271676301,-0.5202312138728323,1.0,-0.37572254335260113,0.4624277456647399,-0.8208092485549133,0.3236994219653179,-0.7398843930635838,0.2658959537572254,-0.5780346820809249,0.3063583815028902,-0.2774566473988439,0.2658959537572254,-0.7861271676300579,0.09826589595375723,-0.6589595375722543,0.08670520231213873,-0.4797687861271676,0.1329479768786127,-0.2254335260115607,0.057803468208092484,-0.7052023121387283,-0.08092485549132948,-0.5838150289017341,-0.06358381502890173,-0.4277456647398844,-0.023121387283236993,-0.19653179190751446,-0.1329479768786127,-0.5838150289017341,-0.2254335260115607,-0.4913294797687861,-0.1907514450867052,-0.3352601156069364,-0.15028901734104047
1,0.0,0.0,-0.0851063829787234,0.2553191489361702,-0.21808510638297873,0.5638297872340425,-0.19680851063829788,0.7925531914893617,-0.10106382978723404,1.0,-0.20212765957446807,0.4574468085106383,-0.6861702127659575,0.5106382978723404,-0.5851063829787234,0.4521276595744681,-0.40425531914893614,0.43617021276595747,-0.2074468085106383,0.25,-0.7180851063829787,0.2978723404255319,-0.5797872340425532,0.2712765957446808,-0.3882978723404255,0.25,-0.2393617021276596,0.047872340425531915,-0.6914893617021277,0.12234042553191489,-0.5638297872340425,0.10106382978723404,-0.3882978723404255,0.07446808510638298,-0.2978723404255319,-0.13297872340425532,-0.6436170212765957,-0.05319148936170213,-0.5478723404255319,-0.047872340425531915,-0.39361702127659576,-0.06382978723404255
1,0.0,0.0,-0.06382978723404255,0.2712765957446808,-0.18085106382978725,0.5797872340425532,-0.16489361702127658,0.8031914893617021,-0.07446808510638298,1.0,-0.2393617021276596,0.48404255319148937,-0.675531914893617,0.526595744680851,-0.601063829787234,0.4627659574468085,-0.4521276595744681,0.44148936170212766,-0.2553191489361702,0.2765957446808511,-0.7021276595744681,0.32978723404255317,-0.5957446808510638,0.2872340425531915,-0.43617021276595747,0.2712765957446808,-0.2978723404255319,0.07446808510638298,-0.7021276595744681,0.14361702127659576,-0.5904255319148937,0.12234042553191489,-0.44680851063829785,0.10106382978723404,-0.35106382978723405,-0.10638297872340426,-0.675531914893617,-0.026595744680851064,-0.5797872340425532,-0.026595744680851064,-0.44148936170212766,-0.0425531914893617
1,0.0,0.0,-0.050761421319796954,0.30456852791878175,-0.14720812182741116,0.6142131979695431,-0.1065989847715736,0.8375634517766497,0.005076142131979695,1.0,-0.25380710659898476,0.5177664974619289,-0.6548223350253807,0.6040609137055838,-0.5685279187817259,0.5380710659898477,-0.4213197969543147,0.5126903553299492,-0.3147208121827411,0.3248730964467005,-0.6954314720812182,0.4010152284263959,-0.5939086294416244,0.36548223350253806,-0.45685279187817257,0.3350253807106599,-0.37055837563451777,0.14213197969543148,-0.7055837563451777,0.233502538071066,-0.6091370558375635,0.20812182741116753,-0.4720812182741117,0.17766497461928935,-0.4213197969543147,-0.02030456852791878,-0.6954314720812182,0.07614213197969544,-0.6091370558375635,0.06598984771573604,-0.49238578680203043,0.04060913705583756
1,0.0,0.0,-0.05102040816326531,0.3112244897959184,-0.1377551020408163,0.6224489795918368,-0.08673469387755102,0.8469387755102041,0.04081632653061224,1.0,-0.2602040816326531,0.5357142857142857,-0.6632653061224489,0.6173469387755102,-0.5714285714285714,0.5561224489795918,-0.42346938775510207,0.5255102040816326,-0.32653061224489793,0.336734693877551,-0.7091836734693877,0.42346938775510207,-0.6020408163265306,0.39285714285714285,-0.45918367346938777,0.3673469387755102,-0.3826530612244898,0.15306122448979592,-0.7142857142857143,0.25,-0.6122448979591837,0.22959183673469388,-0.47959183673469385,0.19387755102040816,-0.42857142857142855,-0.01020408163265306,-0.6938775510204082,0.09183673469387756,-0.6122448979591837,0.08673469387755102,-0.5,0.05612244897959184
1,0.0,0.0,0.007751937984496124,0.4263565891472868,-0.21705426356589147,0.7441860465116279,-0.4806201550387597,0.8527131782945736,-0.6434108527131783,0.7829457364341085,-0.3178294573643411,0.6666666666666666,-0.8914728682170543,0.7984496124031008,-0.7751937984496124,0.7209302325581395,-0.5658914728682171,0.6666666666666666,-0.4186046511627907,0.3875968992248062,-0.9922480620155039,0.5193798449612403,-0.8294573643410853,0.46511627906976744,-0.5968992248062015,0.4108527131782946,-0.5116279069767442,0.11627906976744186,-1.0,0.2558139534883721,-0.8604651162790697,0.2248062015503876,-0.6511627906976745,0.17054263565891473,-0.5891472868217055,-0.14728682170542637,-0.9922480620155039,0.007751937984496124,-0.8837209302325582,0.015503875968992248,-0.7054263565891473,-0.015503875968992248
1,0.0,0.0,-0.04975124378109453,0.30845771144278605,-0.14427860696517414,0.6218905472636815,-0.1044776119402985,0.8407960199004975,0.009950248756218905,1.0,-0.2537313432835821,0.527363184079602,-0.6567164179104478,0.6119402985074627,-0.5671641791044776,0.5472636815920398,-0.42786069651741293,0.5174129353233831,-0.31343283582089554,0.34328358208955223,-0.7014925373134329,0.417910447761194,-0.5970149253731343,0.38308457711442784,-0.4577114427860697,0.3582089552238806,-0.36318407960199006,0.15920398009950248,-0.7014925373134329,0.24875621890547264,-0.6019900497512438,0.22388059701492538,-0.46766169154228854,0.19402985074626866,-0.40298507462686567,-0.004975124378109453,-0.681592039800995,0.08955223880597014,-0.6019900497512438,0.0845771144278607,-0.48258706467661694,0.05970149253731343
1,0.0,0.0,-0.05641025641025641,0.28205128205128205,-0.1794871794871795,0.5948717948717949,-0.1794871794871795,0.8153846153846154,-0.10256410256410256,1.0,-0.2512820512820513,0.49743589743589745,-0.6871794871794872,0.5743589743589743,-0.6,0.5025641025641026,-0.4461538461538462,0.47692307692307695,-0.28717948717948716,0.3076923076923077,-0.717948717948718,0.3641025641025641,-0.6102564102564103,0.3282051282051282,-0.4512820512820513,0.3076923076923077,-0.3282051282051282,0.11794871794871795,-0.717948717948718,0.18974358974358974,-0.6102564102564103,0.1641025641025641,-0.46153846153846156,0.14358974358974358,-0.36923076923076925,-0.05128205128205128,-0.6820512820512821,0.03076923076923077,-0.6,0.02564102564102564,-0.4717948717948718,0.005128205128205128
1,0.0,0.0,-0.2916666666666667,0.27380952380952384,-0.5178571428571429,0.5357142857142857,-0.625,0.75,-0.7083333333333334,1.0,-0.2916666666666667,0.5595238095238095,-0.75,0.375,-0.6845238095238095,0.2857142857142857,-0.5476190476190477,0.3273809523809524,-0.17261904761904762,0.35119047619047616,-0.7083333333333334,0.14285714285714285,-0.6011904761904762,0.11904761904761904,-0.4523809523809524,0.16666666666666666,-0.10119047619047619,0.13690476190476192,-0.6011904761904762,-0.03571428571428571,-0.49404761904761907,-0.041666666666666664,-0.36904761904761907,0.005952380952380952,-0.07142857142857142,-0.05357142857142857,-0.47619047619047616,-0.17261904761904762,-0.39880952380952384,-0.14285714285714285,-0.2619047619047619,-0.08928571428571429
1,0.0,0.0,0.14655172413793102,-0.33620689655172414,0.1724137931034483,-0.6637931034482759,0.07758620689655173,-0.8620689655172413,0.008620689655172414,-0.9913793103448276,0.46551724137931033,-0.6982758620689655,-0.017241379310344827,-1.0,-0.07758620689655173,-0.9310344827586207,-0.008620689655172414,-0.8879310344827587,0.3620689655172414,-0.4051724137931034,-0.2672413793103448,-0.8017241379310345,-0.31896551724137934,-0.6896551724137931,-0.20689655172413793,-0.6120689655172413,0.1810344827586207,-0.14655172413793102,-0.43103448275862066,-0.5258620689655172,-0.45689655172413796,-0.41379310344827586,-0.3706896551724138,-0.33620689655172414,-0.034482758620689655,0.0603448275862069,-0.4482758620689655,-0.2672413793103448,-0.5,-0.25,-0.46551724137931033,-0.22413793103448276
1,0.0,0.0,-0.32666666666666666,0.21333333333333335,-0.6066666666666667,0.47333333333333333,-0.8133333333333334,0.6866666666666666,-1.0,0.9133333333333333,-0.25333333333333335,0.6666666666666666,-0.72,0.34,-0.6666666666666666,0.23333333333333334,-0.52,0.3,-0.06666666666666667,0.4666666666666667,-0.6133333333333333,0.11333333333333333,-0.52,0.08666666666666667,-0.38666666666666666,0.17333333333333334,0.05333333333333334,0.22666666666666666,-0.44666666666666666,-0.09333333333333334,-0.35333333333333333,-0.08666666666666667,-0.22666666666666666,0.006666666666666667,0.13333333333333333,0.0,-0.26,-0.23333333333333334,-0.21333333333333335,-0.2,-0.08666666666666667,-0.11333333333333333
1,0.0,0.0,-0.27624309392265195,0.18232044198895028,-0.5469613259668509,0.35911602209944754,-0.8066298342541437,0.4419889502762431,-1.0,0.5359116022099447,-0.2154696132596685,0.5469613259668509,-0.585635359116022,0.30386740331491713,-0.5359116022099447,0.23204419889502761,-0.4198895027624309,0.287292817679558,-0.06629834254143646,0.39226519337016574,-0.5027624309392266,0.13259668508287292,-0.4143646408839779,0.1270718232044199,-0.292817679558011,0.20441988950276244,0.03314917127071823,0.20441988950276244,-0.3756906077348066,-0.04419889502762431,-0.287292817679558,-0.03867403314917127,-0.1712707182320442,0.055248618784530384,0.09944751381215469,0.016574585635359115,-0.23756906077348067,-0.16574585635359115,-0.19337016574585636,-0.13812154696132597,-0.09392265193370165,-0.06077348066298342
1,0.0,0.0,-0.2756756756756757,0.1783783783783784,-0.5459459459459459,0.3675675675675676,-0.7945945945945946,0.4540540540540541,-1.0,0.5459459459459459,-0.21621621621621623,0.5621621621621622,-0.5891891891891892,0.34594594594594597,-0.5621621621621622,0.23243243243243245,-0.4702702702702703,0.25405405405405407,-0.06486486486486487,0.3945945945945946,-0.5297297297297298,0.14054054054054055,-0.4756756756756757,0.07027027027027027,-0.3783783783783784,0.0972972972972973,0.02702702702702703,0.2,-0.41081081081081083,-0.02702702702702703,-0.34594594594594597,-0.06486486486486487,-0.24864864864864866,-0.021621621621621623,0.08108108108108109,0.016216216216216217,-0.2594594594594595,-0.14594594594594595,-0.22702702702702704,-0.14594594594594595,-0.13513513513513514,-0.0972972972972973
1,0.0,0.0,-0.288135593220339,0.20903954802259886,-0.576271186440678,0.4180790960451977,-0.8248587570621468,0.5423728813559322,-1.0,0.6892655367231638,-0.2655367231638418,0.5875706214689266,-0.6610169491525424,0.4350282485875706,-0.6497175141242938,0.3107344632768362,-0.5480225988700564,0.3107344632768362,-0.12994350282485875,0.4011299435028249,-0.632768361581921,0.2033898305084746,-0.5649717514124294,0.12429378531073447,-0.4463276836158192,0.1638418079096045,-0.05084745762711865,0.192090395480226,-0.5141242937853108,0.0,-0.4406779661016949,-0.02824858757062147,-0.3333333333333333,0.02824858757062147,-0.005649717514124294,-0.011299435028248588,-0.3615819209039548,-0.15254237288135594,-0.3163841807909605,-0.14124293785310735,-0.21468926553672316,-0.0847457627118644
1,0.0,0.0,-0.32450331125827814,0.2582781456953642,-0.6158940397350994,0.5099337748344371,-0.8344370860927153,0.7019867549668874,-1.0,0.9337748344370861,-0.2582781456953642,0.6556291390728477,-0.7152317880794702,0.44370860927152317,-0.6887417218543046,0.33112582781456956,-0.5629139072847682,0.3509933774834437,-0.10596026490066225,0.4304635761589404,-0.6754966887417219,0.19205298013245034,-0.6158940397350994,0.13245033112582782,-0.4768211920529801,0.17218543046357615,-0.019867549668874173,0.18543046357615894,-0.5562913907284768,-0.013245033112582781,-0.4966887417218543,-0.06622516556291391,-0.37748344370860926,-0.033112582781456956,0.026490066225165563,-0.046357615894039736,-0.40397350993377484,-0.1986754966887417,-0.39072847682119205,-0.1986754966887417,-0.2781456953642384,-0.15894039735099338
1,0.0,0.0,-0.24074074074074073,0.30864197530864196,-0.4876543209876543,0.5802469135802469,-0.6111111111111112,0.7901234567901234,-0.6296296296296297,1.0,-0.30864197530864196,0.6975308641975309,-0.7839506172839507,0.4876543209876543,-0.7160493827160493,0.3765432098765432,-0.5740740740740741,0.42592592592592593,-0.17901234567901234,0.48148148148148145,-0.7345679012345679,0.25308641975308643,-0.6172839506172839,0.18518518518518517,-0.46296296296296297,0.24074074074074073,-0.09259259259259259,0.24691358024691357,-0.6234567901234568,0.06790123456790123,-0.5185185185185185,0.018518518518518517,-0.3950617283950617,0.06172839506172839,-0.043209876543209874,0.024691358024691357,-0.47530864197530864,-0.09876543209876543,-0.42592592592592593,-0.1111111111111111,-0.30246913580246915,-0.06790123456790123
1,0.0,0.0,-0.23741007194244604,0.2589928057553957,-0.5467625899280576,0.45323741007194246,-0.8129496402877698,0.5179856115107914,-0.9784172661870504,0.539568345323741,-0.4244604316546763,0.6115107913669064,-0.9424460431654677,0.45323741007194246,-1.0,0.34532374100719426,-0.8992805755395683,0.30935251798561153,-0.31654676258992803,0.4028776978417266,-0.8992805755395683,0.1510791366906475,-0.841726618705036,0.1079136690647482,-0.6474820143884892,0.12949640287769784,-0.2446043165467626,0.1510791366906475,-0.7985611510791367,-0.07913669064748201,-0.7338129496402878,-0.07913669064748201,-0.5683453237410072,-0.03597122302158273,-0.18705035971223022,-0.12949640287769784,-0.6546762589928058,-0.2733812949640288,-0.6330935251798561,-0.23741007194244604,-0.4892086330935252,-0.17985611510791366
1,0.0,0.0,-0.24456521739130435,0.31521739130434784,-0.44021739130434784,0.592391304347826,-0.5,0.8097826086956522,-0.4673913043478261,1.0,-0.266304347826087,0.6521739130434783,-0.6956521739130435,0.483695652173913,-0.6358695652173914,0.3641304347826087,-0.5054347826086957,0.391304347826087,-0.15760869565217392,0.45652173913043476,-0.657608695652174,0.266304347826087,-0.5597826086956522,0.19021739130434784,-0.41847826086956524,0.21739130434782608,-0.08695652173913043,0.25,-0.5597826086956522,0.09239130434782608,-0.4673913043478261,0.03804347826086957,-0.358695652173913,0.059782608695652176,-0.04891304347826087,0.05434782608695652,-0.42934782608695654,-0.04891304347826087,-0.375,-0.06521739130434782,-0.266304347826087,-0.03804347826086957
1,0.0,0.0,-0.2074074074074074,0.2814814814814815,-0.5037037037037037,0.5333333333333333,-0.7481481481481481,0.6222222222222222,-0.8962962962962963,0.6222222222222222,-0.3851851851851852,0.7037037037037037,-0.8962962962962963,0.5777777777777777,-1.0,0.4666666666666667,-0.9333333333333333,0.4148148148148148,-0.3111111111111111,0.4962962962962963,-0.8962962962962963,0.26666666666666666,-0.9037037037037037,0.2074074074074074,-0.7407407407407407,0.22962962962962963,-0.25925925925925924,0.22962962962962963,-0.837037037037037,0.022222222222222223,-0.8074074074074075,0.022222222222222223,-0.6518518518518519,0.06666666666666667,-0.2222222222222222,-0.05925925925925926,-0.7111111111111111,-0.18518518518518517,-0.7111111111111111,-0.15555555555555556,-0.5777777777777777,-0.0962962962962963
1,0.0,0.0,-0.22826086956521738,0.32608695652173914,-0.40217391304347827,0.6032608695652174,-0.44565217391304346,0.8315217391304348,-0.391304347826087,1.0,-0.2391304347826087,0.6086956521739131,-0.6684782608695652,0.45108695652173914,-0.6195652173913043,0.3641304347826087,-0.4891304347826087,0.375,-0.14130434782608695,0.40217391304347827,-0.6521739130434783,0.21739130434782608,-0.5597826086956522,0.15760869565217392,-0.42391304347826086,0.17391304347826086,-0.08152173913043478,0.19021739130434784,-0.5543478260869565,0.043478260869565216,-0.483695652173913,0.0,-0.3858695652173913,0.010869565217391304,-0.04891304347826087,-0.005434782608695652,-0.42391304347826086,-0.11413043478260869,-0.3967391304347826,-0.125,-0.32065217391304346,-0.09782608695652174
1,0.0,0.0,-0.20725388601036268,0.32124352331606215,-0.3626943005181347,0.5958549222797928,-0.39378238341968913,0.8134715025906736,-0.3471502590673575,1.0,-0.20725388601036268,0.6217616580310881,-0.616580310880829,0.48186528497409326,-0.5699481865284974,0.39378238341968913,-0.44559585492227977,0.41968911917098445,-0.10880829015544041,0.43005181347150256,-0.6010362694300518,0.25906735751295334,-0.5077720207253886,0.20207253886010362,-0.37823834196891193,0.22279792746113988,-0.05181347150259067,0.23316062176165803,-0.5025906735751295,0.08808290155440414,-0.43005181347150256,0.046632124352331605,-0.3316062176165803,0.06217616580310881,-0.02072538860103627,0.05181347150259067,-0.38341968911917096,-0.05181347150259067,-0.35751295336787564,-0.06217616580310881,-0.27461139896373055,-0.04145077720207254
1,0.0,0.0,-0.2074468085106383,0.3191489361702128,-0.35638297872340424,0.601063829787234,-0.3829787234042553,0.8138297872340425,-0.32978723404255317,1.0,-0.18617021276595744,0.6276595744680851,-0.5957446808510638,0.4734042553191489,-0.5478723404255319,0.3882978723404255,-0.4308510638297872,0.42021276595744683,-0.09042553191489362,0.4308510638297872,-0.574468085106383,0.25,-0.48404255319148937,0.2074468085106383,-0.35638297872340424,0.23404255319148937,-0.031914893617021274,0.22340425531914893,-0.48936170212765956,0.0797872340425532,-0.4095744680851064,0.047872340425531915,-0.31382978723404253,0.06914893617021277,-0.005319148936170213,0.031914893617021274,-0.3723404255319149,-0.06382978723404255,-0.3351063829787234,-0.06914893617021277,-0.25,-0.0425531914893617
1,0.0,0.0,-0.2658959537572254,0.2832369942196532,-0.5549132947976878,0.5375722543352601,-0.8034682080924855,0.6994219653179191,-1.0,0.861271676300578,-0.28901734104046245,0.6936416184971098,-0.7341040462427746,0.5433526011560693,-0.6994219653179191,0.4046242774566474,-0.5722543352601156,0.4046242774566474,-0.17341040462427745,0.49710982658959535,-0.6994219653179191,0.31213872832369943,-0.6127167630057804,0.21965317919075145,-0.47398843930635837,0.24277456647398843,-0.09826589595375723,0.2774566473988439,-0.5895953757225434,0.11560693641618497,-0.5086705202312138,0.057803468208092484,-0.3872832369942196,0.09248554913294797,-0.06358381502890173,0.06358381502890173,-0.4624277456647399,-0.046242774566473986,-0.41040462427745666,-0.07514450867052024,-0.2832369942196532,-0.04046242774566474
1,0.0,0.0,-0.07777777777777778,-0.34444444444444444,-0.18888888888888888,-0.6444444444444445,-0.25555555555555554,-0.8111111111111111,-0.24444444444444444,-0.8333333333333334,0.4888888888888889,-0.7111111111111111,0.15555555555555556,-0.9333333333333333,-0.06666666666666667,-0.9666666666666667,-0.18888888888888888,-1.0,0.5333333333333333,-0.4222222222222222,-0.07777777777777778,-0.6,-0.43333333333333335,-0.6111111111111112,-0.6333333333333333,-0.6222222222222222,0.4222222222222222,-0.1111111111111111,-0.23333333333333334,-0.32222222222222224,-0.5666666666666667,-0.4111111111111111,-0.7222222222222222,-0.4666666666666667,0.2222222222222222,0.15555555555555556,-0.3,-0.07777777777777778,-0.5555555555555556,-0.2222222222222222,-0.7111111111111111,-0.3333333333333333
1,0.0,0.0,-0.2631578947368421,0.21052631578947367,-0.5368421052631579,0.3736842105263158,-0.7947368421052632,0.4421052631578947,-1.0,0.5210526315789473,-0.23157894736842105,0.5473684210526316,-0.5947368421052631,0.42105263157894735,-0.6210526315789474,0.3,-0.5631578947368421,0.2736842105263158,-0.11052631578947368,0.35789473684210527,-0.6,0.19473684210526315,-0.5631578947368421,0.1,-0.45789473684210524,0.1,-0.04736842105263158,0.15263157894736842,-0.5105263157894737,0.005263157894736842,-0.4842105263157895,-0.06315789473684211,-0.4052631578947368,-0.05789473684210526,-0.021052631578947368,-0.04736842105263158,-0.38421052631578945,-0.14736842105263157,-0.39473684210526316,-0.16842105263157894,-0.3263157894736842,-0.16842105263157894
1,0.0,0.0,-0.26595744680851063,0.17553191489361702,-0.5425531914893617,0.3351063829787234,-0.7978723404255319,0.39893617021276595,-1.0,0.48936170212765956,-0.22340425531914893,0.4787234042553192,-0.6063829787234043,0.34574468085106386,-0.6063829787234043,0.26063829787234044,-0.526595744680851,0.26063829787234044,-0.10638297872340426,0.2978723404255319,-0.5851063829787234,0.1276595744680851,-0.526595744680851,0.0851063829787234,-0.4095744680851064,0.12234042553191489,-0.03723404255319149,0.09574468085106383,-0.48404255319148937,-0.05319148936170213,-0.4148936170212766,-0.05851063829787234,-0.30851063829787234,-0.005319148936170213,-0.005319148936170213,-0.09574468085106383,-0.3351063829787234,-0.19148936170212766,-0.2925531914893617,-0.16489361702127658,-0.19148936170212766,-0.11702127659574468
1,0.0,0.0,-0.2568306010928962,0.18579234972677597,-0.546448087431694,0.366120218579235,-0.7978142076502732,0.45901639344262296,-1.0,0.5737704918032787,-0.24043715846994534,0.5573770491803278,-0.6174863387978142,0.4371584699453552,-0.644808743169399,0.32786885245901637,-0.5683060109289617,0.3114754098360656,-0.12568306010928962,0.37158469945355194,-0.6174863387978142,0.20765027322404372,-0.5792349726775956,0.13114754098360656,-0.45901639344262296,0.14754098360655737,-0.060109289617486336,0.16393442622950818,-0.5245901639344263,0.02185792349726776,-0.4808743169398907,-0.0273224043715847,-0.3770491803278688,-0.00546448087431694,-0.0273224043715847,-0.03825136612021858,-0.40437158469945356,-0.14207650273224043,-0.39344262295081966,-0.15300546448087432,-0.3114754098360656,-0.12568306010928962
1,0.0,0.0,-0.25949367088607594,0.25949367088607594,-0.569620253164557,0.4936708860759494,-0.8291139240506329,0.6518987341772152,-1.0,0.8291139240506329,-0.35443037974683544,0.689873417721519,-0.8227848101265823,0.5253164556962026,-0.7848101265822784,0.3860759493670886,-0.6392405063291139,0.3924050632911392,-0.22151898734177214,0.47468354430379744,-0.7721518987341772,0.27848101265822783,-0.6835443037974683,0.1962025316455696,-0.5253164556962026,0.22784810126582278,-0.13924050632911392,0.23417721518987342,-0.6645569620253164,0.06962025316455696,-0.5569620253164557,0.0189873417721519,-0.4177215189873418,0.056962025316455694,-0.0949367088607595,0.0,-0.5189873417721519,-0.10126582278481013,-0.4430379746835443,-0.10759493670886076,-0.2974683544303797,-0.06329113924050633
1,0.0,0.0,-0.2692307692307692,0.23717948717948717,-0.5769230769230769,0.48717948717948717,-0.8205128205128205,0.6730769230769231,-1.0,0.8782051282051282,-0.36538461538461536,0.6730769230769231,-0.8333333333333334,0.532051282051282,-0.7756410256410257,0.391025641025641,-0.6282051282051282,0.391025641025641,-0.25,0.47435897435897434,-0.7948717948717948,0.27564102564102566,-0.6730769230769231,0.19230769230769232,-0.5192307692307693,0.21794871794871795,-0.17307692307692307,0.23076923076923078,-0.6730769230769231,0.0641025641025641,-0.5448717948717948,0.01282051282051282,-0.40384615384615385,0.05128205128205128,-0.1282051282051282,0.0,-0.532051282051282,-0.10256410256410256,-0.4358974358974359,-0.11538461538461539,-0.28205128205128205,-0.07051282051282051
1,0.0,0.0,-0.13286713286713286,0.20279720279720279,-0.06293706293706294,0.46153846153846156,0.08391608391608392,0.7062937062937062,0.20279720279720279,0.9090909090909091,0.2727272727272727,0.7482517482517482,0.1048951048951049,1.0,0.06993006993006994,0.8461538461538461,0.0979020979020979,0.7272727272727273,0.3146853146853147,0.7832167832167832,0.06293706293706294,0.972027972027972,0.06993006993006994,0.8111888111888111,0.1258741258741259,0.7202797202797203,0.32167832167832167,0.7622377622377622,0.06993006993006994,0.9230769230769231,0.1048951048951049,0.7972027972027972,0.1888111888111888,0.7132867132867133,0.3006993006993007,0.7062937062937062,0.14685314685314685,0.8461538461538461,0.13986013986013987,0.7692307692307693,0.17482517482517482,0.7132867132867133
1,0.0,0.0,0.1610738255033557,0.35570469798657717,0.3422818791946309,0.6174496644295302,0.42953020134228187,0.825503355704698,0.44966442953020136,1.0,0.825503355704698,0.5302013422818792,0.8389261744966443,0.6644295302013423,0.6174496644295302,0.6040268456375839,0.48322147651006714,0.5100671140939598,0.8590604026845637,0.3691275167785235,0.825503355704698,0.5033557046979866,0.5838926174496645,0.46308724832214765,0.4429530201342282,0.38926174496644295,0.8322147651006712,0.18791946308724833,0.785234899328859,0.3087248322147651,0.5369127516778524,0.31543624161073824,0.3691275167785235,0.2684563758389262,0.7583892617449665,-0.020134228187919462,0.7516778523489933,0.10067114093959731,0.5771812080536913,0.15436241610738255,0.4429530201342282,0.1610738255033557
1,0.0,0.0,0.16030534351145037,0.2748091603053435,0.3969465648854962,0.5267175572519084,0.5267175572519084,0.7862595419847328,0.5648854961832062,1.0,0.7480916030534351,0.2824427480916031,0.9465648854961832,0.2824427480916031,0.7404580152671756,0.2824427480916031,0.5343511450381679,0.2900763358778626,0.7175572519083969,0.08396946564885496,0.916030534351145,0.08396946564885496,0.6564885496183206,0.12213740458015267,0.45038167938931295,0.16030534351145037,0.6641221374045801,-0.09923664122137404,0.816793893129771,-0.0916030534351145,0.5725190839694656,-0.030534351145038167,0.3893129770992366,0.015267175572519083,0.5877862595419847,-0.2824427480916031,0.7480916030534351,-0.26717557251908397,0.5801526717557252,-0.20610687022900764,0.44274809160305345,-0.16793893129770993
1,0.0,0.0,0.2125984251968504,0.25196850393700787,0.44881889763779526,0.4881889763779528,0.5748031496062992,0.7401574803149606,0.6141732283464567,0.9448818897637795,0.7637795275590551,0.23622047244094488,1.0,0.2283464566929134,0.7874015748031497,0.23622047244094488,0.5826771653543307,0.25984251968503935,0.7244094488188977,0.047244094488188976,0.9606299212598425,0.007874015748031496,0.7086614173228346,0.05511811023622047,0.5039370078740157,0.11811023622047244,0.6614173228346457,-0.13385826771653545,0.84251968503937,-0.15748031496062992,0.6062992125984252,-0.08661417322834646,0.4251968503937008,-0.031496062992125984,0.5669291338582677,-0.30708661417322836,0.7322834645669292,-0.31496062992125984,0.5826771653543307,-0.25196850393700787,0.44881889763779526,-0.2125984251968504
1,0.0,0.0,0.21428571428571427,0.23809523809523808,0.46825396825396826,0.42857142857142855,0.626984126984127,0.6349206349206349,0.6984126984126984,0.8253968253968254,0.746031746031746,0.11904761904761904,1.0,0.09523809523809523,0.8174603174603174,0.15873015873015872,0.6190476190476191,0.20634920634920634,0.6904761904761905,-0.05555555555555555,0.9444444444444444,-0.07936507936507936,0.6904761904761905,0.007936507936507936,0.49206349206349204,0.07936507936507936,0.6031746031746031,-0.2222222222222222,0.7936507936507936,-0.21428571428571427,0.5555555555555556,-0.10317460317460317,0.38095238095238093,-0.047619047619047616,0.5,-0.3888888888888889,0.6904761904761905,-0.373015873015873,0.5555555555555556,-0.2777777777777778,0.42063492063492064,-0.23015873015873015
1,0.0,0.0,0.2204724409448819,0.23622047244094488,0.5039370078740157,0.3858267716535433,0.6771653543307087,0.5275590551181102,0.7559055118110236,0.7007874015748031,0.7480314960629921,0.07874015748031496,1.0,0.07086614173228346,0.8188976377952756,0.13385826771653545,0.6220472440944882,0.1732283464566929,0.6850393700787402,-0.08661417322834646,0.937007874015748,-0.11023622047244094,0.6929133858267716,-0.007874015748031496,0.49606299212598426,0.06299212598425197,0.5984251968503937,-0.2440944881889764,0.8031496062992126,-0.23622047244094488,0.5748031496062992,-0.11811023622047244,0.3937007874015748,-0.05511811023622047,0.49606299212598426,-0.4094488188976378,0.6929133858267716,-0.3858267716535433,0.5669291338582677,-0.28346456692913385,0.4330708661417323,-0.23622047244094488
1,0.0,0.0,0.2248062015503876,0.20930232558139536,0.5116279069767442,0.3023255813953488,0.6976744186046512,0.37209302325581395,0.7441860465116279,0.5193798449612403,0.7286821705426356,0.046511627906976744,1.0,0.03875968992248062,0.813953488372093,0.10077519379844961,0.627906976744186,0.13178294573643412,0.6744186046511628,-0.10077519379844961,0.9457364341085271,-0.12403100775193798,0.7054263565891473,-0.023255813953488372,0.5193798449612403,0.046511627906976744,0.5891472868217055,-0.2558139534883721,0.8062015503875969,-0.24806201550387597,0.5813953488372093,-0.13178294573643412,0.40310077519379844,-0.06201550387596899,0.4883720930232558,-0.4186046511627907,0.7054263565891473,-0.3875968992248062,0.5736434108527132,-0.29457364341085274,0.4263565891472868,-0.23255813953488372
1,0.0,0.0,0.2230769230769231,0.2,0.5230769230769231,0.27692307692307694,0.7076923076923077,0.3230769230769231,0.7615384615384615,0.43846153846153846,0.7538461538461538,0.038461538461538464,1.0,0.046153846153846156,0.8,0.1076923076923077,0.6153846153846154,0.13846153846153847,0.6923076923076923,-0.11538461538461539,0.9538461538461539,-0.13076923076923078,0.7153846153846154,-0.03076923076923077,0.5230769230769231,0.03076923076923077,0.6076923076923076,-0.2692307692307692,0.8076923076923077,-0.24615384615384617,0.5769230769230769,-0.13076923076923078,0.4076923076923077,-0.06923076923076923,0.5,-0.4307692307692308,0.6846153846153846,-0.3923076923076923,0.5538461538461539,-0.2923076923076923,0.4230769230769231,-0.24615384615384617
1,0.0,0.0,0.23308270676691728,0.18796992481203006,0.5338345864661654,0.24812030075187969,0.7218045112781954,0.2932330827067669,0.7819548872180451,0.42857142857142855,0.7518796992481203,0.015037593984962405,1.0,0.015037593984962405,0.8045112781954887,0.08270676691729323,0.6165413533834586,0.11278195488721804,0.6917293233082706,-0.13533834586466165,0.9398496240601504,-0.15789473684210525,0.6992481203007519,-0.05263157894736842,0.5112781954887218,0.022556390977443608,0.6015037593984962,-0.2857142857142857,0.8045112781954887,-0.2706766917293233,0.5714285714285714,-0.13533834586466165,0.39097744360902253,-0.07518796992481203,0.48872180451127817,-0.44360902255639095,0.6842105263157895,-0.41353383458646614,0.5488721804511278,-0.3082706766917293,0.41353383458646614,-0.2556390977443609
1,0.0,0.0,0.23703703703703705,0.1925925925925926,0.5481481481481482,0.26666666666666666,0.7407407407407407,0.34814814814814815,0.8,0.5037037037037037,0.762962962962963,0.037037037037037035,1.0,0.037037037037037035,0.8,0.08888888888888889,0.6148148148148148,0.1111111111111111,0.7037037037037037,-0.11851851851851852,0.9481481481481482,-0.14074074074074075,0.7111111111111111,-0.044444444444444446,0.5259259259259259,0.022222222222222223,0.6148148148148148,-0.2740740740740741,0.8074074074074075,-0.25925925925925924,0.5851851851851851,-0.13333333333333333,0.4222222222222222,-0.06666666666666667,0.5037037037037037,-0.4222222222222222,0.6814814814814815,-0.4,0.5555555555555556,-0.2962962962962963,0.43703703703703706,-0.24444444444444444
1,0.0,0.0,0.22900763358778625,0.22137404580152673,0.5267175572519084,0.3511450381679389,0.7022900763358778,0.4961832061068702,0.7633587786259542,0.6641221374045801,0.7633587786259542,0.061068702290076333,1.0,0.061068702290076333,0.8091603053435115,0.12213740458015267,0.6183206106870229,0.16030534351145037,0.7022900763358778,-0.0916030534351145,0.9465648854961832,-0.10687022900763359,0.7175572519083969,-0.007633587786259542,0.5190839694656488,0.05343511450381679,0.6106870229007634,-0.25190839694656486,0.8015267175572519,-0.22900763358778625,0.5801526717557252,-0.10687022900763359,0.40458015267175573,-0.03816793893129771,0.4961832061068702,-0.4122137404580153,0.6793893129770993,-0.37404580152671757,0.549618320610687,-0.2748091603053435,0.4198473282442748,-0.22137404580152673
1,0.0,0.0,0.21212121212121213,0.2196969696969697,0.5151515151515151,0.3787878787878788,0.6666666666666666,0.553030303030303,0.7121212121212122,0.75,0.75,0.08333333333333333,1.0,0.07575757575757576,0.8106060606060606,0.13636363636363635,0.6212121212121212,0.17424242424242425,0.6893939393939394,-0.07575757575757576,0.946969696969697,-0.09848484848484848,0.7045454545454546,0.0,0.5075757575757576,0.06818181818181818,0.5984848484848485,-0.23484848484848486,0.8106060606060606,-0.21212121212121213,0.5757575757575758,-0.09848484848484848,0.4015151515151515,-0.045454545454545456,0.5,-0.3939393939393939,0.7045454545454546,-0.36363636363636365,0.5757575757575758,-0.25757575757575757,0.4318181818181818,-0.20454545454545456
1,0.0,0.0,0.22727272727272727,0.22727272727272727,0.5151515151515151,0.4166666666666667,0.6590909090909091,0.6136363636363636,0.7045454545454546,0.803030303030303,0.7575757575757576,0.08333333333333333,1.0,0.07575757575757576,0.8181818181818182,0.15151515151515152,0.6363636363636364,0.19696969696969696,0.696969696969697,-0.08333333333333333,0.9545454545454546,-0.09090909090909091,0.7121212121212122,0.007575757575757576,0.5151515151515151,0.07575757575757576,0.6136363636363636,-0.24242424242424243,0.8181818181818182,-0.21212121212121213,0.5909090909090909,-0.09090909090909091,0.4090909090909091,-0.03787878787878788,0.5151515151515151,-0.4015151515151515,0.7045454545454546,-0.3560606060606061,0.5681818181818182,-0.25,0.4318181818181818,-0.19696969696969696
1,0.0,0.0,0.20300751879699247,0.22556390977443608,0.47368421052631576,0.43609022556390975,0.5864661654135338,0.6616541353383458,0.6090225563909775,0.8721804511278195,0.7593984962406015,0.12030075187969924,1.0,0.11278195488721804,0.8195488721804511,0.17293233082706766,0.631578947368421,0.21052631578947367,0.6992481203007519,-0.045112781954887216,0.9624060150375939,-0.05263157894736842,0.706766917293233,0.03007518796992481,0.5037593984962406,0.10526315789473684,0.6240601503759399,-0.21052631578947367,0.8195488721804511,-0.17293233082706766,0.5864661654135338,-0.07518796992481203,0.40601503759398494,-0.022556390977443608,0.5263157894736842,-0.3684210526315789,0.7218045112781954,-0.3233082706766917,0.5789473684210527,-0.22556390977443608,0.43609022556390975,-0.18796992481203006
1,0.0,0.0,0.21323529411764705,0.22794117647058823,0.47058823529411764,0.4264705882352941,0.5808823529411765,0.6544117647058824,0.6029411764705882,0.875,0.7573529411764706,0.125,1.0,0.13970588235294118,0.8088235294117647,0.18382352941176472,0.625,0.21323529411764705,0.7058823529411765,-0.03676470588235294,0.9558823529411765,-0.04411764705882353,0.7058823529411765,0.04411764705882353,0.5073529411764706,0.10294117647058823,0.6323529411764706,-0.19852941176470587,0.8235294117647058,-0.16176470588235295,0.5882352941176471,-0.058823529411764705,0.41911764705882354,-0.007352941176470588,0.5367647058823529,-0.35294117647058826,0.7279411764705882,-0.3088235294117647,0.5808823529411765,-0.20588235294117646,0.4411764705882353,-0.16911764705882354
1,0.0,0.0,0.15503875968992248,0.2713178294573643,0.40310077519379844,0.5116279069767442,0.5581395348837209,0.6976744186046512,0.6356589147286822,0.8527131782945736,0.7829457364341085,0.3178294573643411,0.9922480620155039,0.3953488372093023,0.7674418604651163,0.3643410852713178,0.5736434108527132,0.3178294573643411,0.7751937984496124,0.12403100775193798,1.0,0.18604651162790697,0.7131782945736435,0.1937984496124031,0.5116279069767442,0.18604651162790697,0.7286821705426356,-0.06976744186046512,0.875968992248062,0.0,0.5968992248062015,0.046511627906976744,0.4186046511627907,0.05426356589147287,0.6589147286821705,-0.2713178294573643,0.7984496124031008,-0.18604651162790697,0.6046511627906976,-0.12403100775193798,0.46511627906976744,-0.11627906976744186
1,0.0,0.0,0.13385826771653545,0.28346456692913385,0.3858267716535433,0.5275590551181102,0.5669291338582677,0.6850393700787402,0.7007874015748031,0.7480314960629921,0.7480314960629921,0.33070866141732286,0.984251968503937,0.4251968503937008,0.7480314960629921,0.3937007874015748,0.5354330708661418,0.33858267716535434,0.7401574803149606,0.13385826771653545,1.0,0.2125984251968504,0.7086614173228346,0.2125984251968504,0.48031496062992124,0.2047244094488189,0.7086614173228346,-0.06299212598425197,0.8818897637795275,0.007874015748031496,0.5905511811023622,0.047244094488188976,0.3937007874015748,0.05511811023622047,0.6456692913385826,-0.2677165354330709,0.8031496062992126,-0.1889763779527559,0.6299212598425197,-0.13385826771653545,0.4881889763779528,-0.11811023622047244
1,0.0,0.0,0.13953488372093023,0.27906976744186046,0.3643410852713178,0.5116279069767442,0.5813953488372093,0.6356589147286822,0.7829457364341085,0.6046511627906976,0.7596899224806202,0.3333333333333333,0.9844961240310077,0.43410852713178294,0.751937984496124,0.3798449612403101,0.5348837209302325,0.32558139534883723,0.7596899224806202,0.14728682170542637,1.0,0.2248062015503876,0.7131782945736435,0.20930232558139536,0.4728682170542636,0.18604651162790697,0.7286821705426356,-0.06201550387596899,0.8837209302325582,0.015503875968992248,0.6046511627906976,0.046511627906976744,0.3953488372093023,0.05426356589147287,0.6744186046511628,-0.2713178294573643,0.8217054263565892,-0.17829457364341086,0.6434108527131783,-0.12403100775193798,0.4883720930232558,-0.11627906976744186
1,0.0,0.0,0.13076923076923078,0.26153846153846155,0.3769230769230769,0.49230769230769234,0.5923076923076923,0.6307692307692307,0.7692307692307693,0.6692307692307692,0.7615384615384615,0.3,1.0,0.4076923076923077,0.7615384615384615,0.3769230769230769,0.5538461538461539,0.3230769230769231,0.7538461538461538,0.11538461538461539,1.0,0.19230769230769232,0.7076923076923077,0.2,0.4846153846153846,0.19230769230769232,0.7153846153846154,-0.07692307692307693,0.8769230769230769,0.0,0.5846153846153846,0.046153846153846156,0.38461538461538464,0.05384615384615385,0.6538461538461539,-0.2846153846153846,0.8,-0.19230769230769232,0.6230769230769231,-0.12307692307692308,0.46923076923076923,-0.1076923076923077
1,0.0,0.0,0.1450381679389313,0.2824427480916031,0.42748091603053434,0.5114503816793893,0.5954198473282443,0.7099236641221374,0.6412213740458015,0.9007633587786259,0.7862595419847328,0.3053435114503817,1.0,0.3969465648854962,0.7557251908396947,0.366412213740458,0.549618320610687,0.32061068702290074,0.7709923664122137,0.11450381679389313,1.0,0.19083969465648856,0.7099236641221374,0.1984732824427481,0.48854961832061067,0.20610687022900764,0.7175572519083969,-0.08396946564885496,0.8702290076335878,0.0,0.5877862595419847,0.061068702290076333,0.3969465648854962,0.07633587786259542,0.648854961832061,-0.2748091603053435,0.7862595419847328,-0.183206106870229,0.6030534351145038,-0.11450381679389313,0.46564885496183206,-0.0916030534351145
1,0.0,0.0,0.15267175572519084,0.26717557251908397,0.4198473282442748,0.5114503816793893,0.5419847328244275,0.7557251908396947,0.5190839694656488,0.9770992366412213,0.7786259541984732,0.29770992366412213,1.0,0.3969465648854962,0.7709923664122137,0.37404580152671757,0.5725190839694656,0.3435114503816794,0.7633587786259542,0.11450381679389313,1.0,0.1984732824427481,0.7022900763358778,0.21374045801526717,0.48854961832061067,0.21374045801526717,0.7175572519083969,-0.07633587786259542,0.8778625954198473,0.015267175572519083,0.5954198473282443,0.06870229007633588,0.3969465648854962,0.07633587786259542,0.648854961832061,-0.2748091603053435,0.8015267175572519,-0.17557251908396945,0.6259541984732825,-0.10687022900763359,0.48854961832061067,-0.0916030534351145
1,0.0,0.0,0.16296296296296298,0.2518518518518518,0.4148148148148148,0.5037037037037037,0.4888888888888889,0.762962962962963,0.4666666666666667,1.0,0.7777777777777778,0.2740740740740741,0.9777777777777777,0.362962962962963,0.762962962962963,0.35555555555555557,0.5703703703703704,0.3333333333333333,0.762962962962963,0.08888888888888889,0.9703703703703703,0.17037037037037037,0.6888888888888889,0.1925925925925926,0.4740740740740741,0.2,0.7111111111111111,-0.0962962962962963,0.8592592592592593,0.0,0.5925925925925926,0.05185185185185185,0.3925925925925926,0.07407407407407407,0.6370370370370371,-0.2814814814814815,0.7777777777777778,-0.18518518518518517,0.6074074074074074,-0.1111111111111111,0.45925925925925926,-0.08888888888888889
1,0.0,0.0,0.16030534351145037,0.26717557251908397,0.4122137404580153,0.5419847328244275,0.5038167938931297,0.7862595419847328,0.4961832061068702,1.0,0.7862595419847328,0.29770992366412213,1.0,0.3969465648854962,0.7786259541984732,0.3969465648854962,0.5725190839694656,0.3816793893129771,0.7786259541984732,0.10687022900763359,0.9923664122137404,0.1984732824427481,0.7022900763358778,0.22137404580152673,0.4732824427480916,0.2366412213740458,0.732824427480916,-0.08396946564885496,0.8778625954198473,0.022900763358778626,0.5954198473282443,0.07633587786259542,0.3893129770992366,0.0916030534351145,0.6564885496183206,-0.2748091603053435,0.7862595419847328,-0.16793893129770993,0.6106870229007634,-0.09923664122137404,0.4580152671755725,-0.08396946564885496
1,0.0,0.0,0.14615384615384616,0.27692307692307694,0.4153846153846154,0.5461538461538461,0.5384615384615384,0.7692307692307693,0.5461538461538461,0.9769230769230769,0.7923076923076923,0.2923076923076923,1.0,0.38461538461538464,0.7692307692307693,0.3923076923076923,0.5615384615384615,0.3769230769230769,0.7769230769230769,0.1,1.0,0.19230769230769232,0.7,0.2230769230769231,0.46923076923076923,0.23076923076923078,0.7230769230769231,-0.09230769230769231,0.8769230769230769,0.015384615384615385,0.5923076923076923,0.06923076923076923,0.38461538461538464,0.08461538461538462,0.6538461538461539,-0.2923076923076923,0.8,-0.18461538461538463,0.6307692307692307,-0.1076923076923077,0.4846153846153846,-0.09230769230769231
1,0.0,0.0,0.2283464566929134,0.2283464566929134,0.4330708661417323,0.3937007874015748,0.5118110236220472,0.5590551181102362,0.5196850393700787,0.6692913385826772,0.7637795275590551,0.05511811023622047,1.0,0.11023622047244094,0.8188976377952756,0.2047244094488189,0.6220472440944882,0.2440944881889764,0.7322834645669292,-0.07086614173228346,0.968503937007874,0.023622047244094488,0.7086614173228346,0.11811023622047244,0.5039370078740157,0.14173228346456693,0.6850393700787402,-0.2125984251968504,0.8976377952755905,-0.09448818897637795,0.6456692913385826,-0.007874015748031496,0.4409448818897638,0.0,0.6062992125984252,-0.3700787401574803,0.7874015748031497,-0.2440944881889764,0.6299212598425197,-0.16535433070866143,0.48031496062992124,-0.16535433070866143
1,0.0,0.0,0.22131147540983606,0.21311475409836064,0.4098360655737705,0.3442622950819672,0.4672131147540984,0.5,0.45081967213114754,0.6311475409836066,0.7377049180327869,0.01639344262295082,1.0,0.05737704918032787,0.8278688524590164,0.16393442622950818,0.639344262295082,0.21311475409836064,0.7131147540983607,-0.09836065573770492,0.9836065573770492,-0.01639344262295082,0.7377049180327869,0.08196721311475409,0.5163934426229508,0.12295081967213115,0.6721311475409836,-0.23770491803278687,0.9016393442622951,-0.11475409836065574,0.6557377049180327,-0.01639344262295082,0.4426229508196721,-0.00819672131147541,0.6065573770491803,-0.39344262295081966,0.8114754098360656,-0.27049180327868855,0.6639344262295082,-0.18032786885245902,0.4918032786885246,-0.1721311475409836
1,0.0,0.0,0.3103448275862069,0.15517241379310345,0.5603448275862069,0.13793103448275862,0.75,0.07758620689655173,0.9051724137931034,0.017241379310344827,0.7931034482758621,-0.2672413793103448,0.9913793103448276,-0.05172413793103448,0.8103448275862069,0.11206896551724138,0.6120689655172413,0.14655172413793102,0.7844827586206896,-0.3275862068965517,1.0,-0.034482758620689655,0.7758620689655172,0.12931034482758622,0.5517241379310345,0.13793103448275862,0.7672413793103449,-0.3793103448275862,0.9482758620689655,-0.034482758620689655,0.7068965517241379,0.08620689655172414,0.4827586206896552,0.07758620689655173,0.7155172413793104,-0.4051724137931034,0.853448275862069,-0.10344827586206896,0.6896551724137931,-0.008620689655172414,0.5258620689655172,-0.04310344827586207
1,0.0,0.0,0.3465346534653465,0.1782178217821782,0.6138613861386139,0.12871287128712872,0.801980198019802,0.10891089108910891,0.9603960396039604,0.04950495049504951,0.7425742574257426,-0.31683168316831684,0.9405940594059405,0.0297029702970297,0.7524752475247525,0.15841584158415842,0.5643564356435643,0.12871287128712872,0.7722772277227723,-0.3564356435643564,0.9801980198019802,0.04950495049504951,0.7425742574257426,0.1782178217821782,0.5148514851485149,0.13861386138613863,0.801980198019802,-0.37623762376237624,1.0,0.0594059405940594,0.7524752475247525,0.15841584158415842,0.5346534653465347,0.09900990099009901,0.8415841584158416,-0.36633663366336633,0.9801980198019802,0.009900990099009901,0.8118811881188119,0.06930693069306931,0.6534653465346535,-0.009900990099009901
1,0.0,0.0,0.28125,0.19791666666666666,0.5104166666666666,0.22916666666666666,0.6354166666666666,0.22916666666666666,0.7291666666666666,0.17708333333333334,0.84375,-0.14583333333333334,0.9895833333333334,0.10416666666666667,0.75,0.20833333333333334,0.53125,0.17708333333333334,0.8541666666666666,-0.23958333333333334,1.0,0.07291666666666667,0.6979166666666666,0.1875,0.46875,0.14583333333333334,0.8645833333333334,-0.34375,1.0,0.020833333333333332,0.71875,0.11458333333333333,0.4895833333333333,0.07291666666666667,0.84375,-0.46875,0.96875,-0.13541666666666666,0.7708333333333334,-0.052083333333333336,0.5833333333333334,-0.09375
1,0.0,0.0,0.29896907216494845,0.23711340206185566,0.5360824742268041,0.4020618556701031,0.5876288659793815,0.6494845360824743,0.5257731958762887,0.8144329896907216,0.8144329896907216,-0.041237113402061855,1.0,0.05154639175257732,0.8144329896907216,0.15463917525773196,0.6288659793814433,0.15463917525773196,0.7938144329896907,-0.15463917525773196,0.9690721649484536,0.010309278350515464,0.7422680412371134,0.12371134020618557,0.5463917525773195,0.08247422680412371,0.7731958762886598,-0.27835051546391754,0.9587628865979382,-0.10309278350515463,0.7319587628865979,0.010309278350515464,0.5360824742268041,-0.020618556701030927,0.7216494845360825,-0.4020618556701031,0.9072164948453608,-0.25773195876288657,0.7422680412371134,-0.15463917525773196,0.5773195876288659,-0.17525773195876287
1,0.0,0.0,0.25,0.2,0.52,0.38,0.62,0.6,0.61,0.82,0.8,0.0,1.0,0.05,0.82,0.14,0.62,0.18,0.74,-0.14,0.96,-0.07,0.73,0.04,0.52,0.09,0.67,-0.3,0.88,-0.19,0.64,-0.08,0.44,-0.05,0.56,-0.47,0.75,-0.35,0.59,-0.25,0.44,-0.24
1,0.0,0.0,0.3146067415730337,0.24719101123595505,0.5730337078651685,0.4606741573033708,0.651685393258427,0.7303370786516854,0.6629213483146067,0.9662921348314607,0.797752808988764,0.06741573033707865,1.0,0.06741573033707865,0.8202247191011236,0.14606741573033707,0.6067415730337079,0.19101123595505617,0.7528089887640449,-0.11235955056179775,0.9550561797752809,-0.056179775280898875,0.7303370786516854,0.033707865168539325,0.5056179775280899,0.06741573033707865,0.6853932584269663,-0.29213483146067415,0.8876404494382022,-0.21348314606741572,0.6629213483146067,-0.11235955056179775,0.449438202247191,-0.07865168539325842,0.5842696629213483,-0.47191011235955055,0.7865168539325843,-0.42696629213483145,0.651685393258427,-0.30337078651685395,0.48314606741573035,-0.24719101123595505
1,0.0,0.0,0.3068181818181818,0.23863636363636365,0.5795454545454546,0.42045454545454547,0.7045454545454546,0.6818181818181818,0.7272727272727273,0.9318181818181818,0.8181818181818182,0.056818181818181816,1.0,0.07954545454545454,0.8068181818181818,0.13636363636363635,0.6136363636363636,0.17045454545454544,0.7727272727272727,-0.10227272727272728,0.9772727272727273,-0.045454545454545456,0.7386363636363636,0.03409090909090909,0.5340909090909091,0.06818181818181818,0.7045454545454546,-0.2840909090909091,0.9204545454545454,-0.2159090909090909,0.6818181818181818,-0.10227272727272728,0.4772727272727273,-0.056818181818181816,0.5909090909090909,-0.45454545454545453,0.7840909090909091,-0.36363636363636365,0.6136363636363636,-0.25,0.45454545454545453,-0.19318181818181818
1,0.0,0.0,0.2823529411764706,0.16470588235294117,0.6,0.3176470588235294,0.7647058823529411,0.5411764705882353,0.8117647058823529,0.7647058823529411,0.788235294117647,-0.07058823529411765,1.0,-0.10588235294117647,0.8,-0.011764705882352941,0.6,0.058823529411764705,0.6941176470588235,-0.23529411764705882,0.9529411764705882,-0.27058823529411763,0.7176470588235294,-0.15294117647058825,0.5176470588235295,-0.047058823529411764,0.5764705882352941,-0.38823529411764707,0.7647058823529411,-0.38823529411764707,0.5529411764705883,-0.24705882352941178,0.3764705882352941,-0.15294117647058825,0.43529411764705883,-0.5294117647058824,0.6352941176470588,-0.5411764705882353,0.5058823529411764,-0.43529411764705883,0.3764705882352941,-0.35294117647058826
1,0.0,0.0,0.34177215189873417,0.0759493670886076,0.6708860759493671,0.12658227848101267,0.8860759493670886,0.27848101265822783,1.0,0.45569620253164556,0.7468354430379747,-0.24050632911392406,0.9620253164556962,-0.379746835443038,0.7848101265822784,-0.27848101265822783,0.6329113924050633,-0.1518987341772152,0.5949367088607594,-0.3670886075949367,0.7974683544303798,-0.5316455696202531,0.6075949367088608,-0.3670886075949367,0.46835443037974683,-0.20253164556962025,0.43037974683544306,-0.4810126582278481,0.5822784810126582,-0.6075949367088608,0.4430379746835443,-0.43037974683544306,0.31645569620253167,-0.27848101265822783,0.25316455696202533,-0.5822784810126582,0.4177215189873418,-0.6962025316455697,0.34177215189873417,-0.5822784810126582,0.25316455696202533,-0.4810126582278481
1,0.0,0.0,0.31645569620253167,0.06329113924050633,0.6582278481012658,0.10126582278481013,0.8734177215189873,0.25316455696202533,1.0,0.4430379746835443,0.759493670886076,-0.2911392405063291,0.9873417721518988,-0.4177215189873418,0.7974683544303798,-0.2911392405063291,0.620253164556962,-0.16455696202531644,0.620253164556962,-0.43037974683544306,0.8354430379746836,-0.5822784810126582,0.620253164556962,-0.3924050632911392,0.4810126582278481,-0.22784810126582278,0.4430379746835443,-0.5443037974683544,0.6075949367088608,-0.6329113924050633,0.4430379746835443,-0.43037974683544306,0.3291139240506329,-0.2911392405063291,0.24050632911392406,-0.6455696202531646,0.4177215189873418,-0.7215189873417721,0.34177215189873417,-0.569620253164557,0.25316455696202533,-0.46835443037974683
1,0.0,0.0,0.3116883116883117,0.07792207792207792,0.6493506493506493,0.14285714285714285,0.8701298701298701,0.3116883116883117,1.0,0.5064935064935064,0.7532467532467533,-0.2727272727272727,0.961038961038961,-0.38961038961038963,0.7792207792207793,-0.2597402597402597,0.6103896103896104,-0.12987012987012986,0.5974025974025974,-0.4155844155844156,0.8051948051948052,-0.5584415584415584,0.5974025974025974,-0.35064935064935066,0.45454545454545453,-0.18181818181818182,0.42857142857142855,-0.5194805194805194,0.5844155844155844,-0.6233766233766234,0.4155844155844156,-0.4025974025974026,0.2987012987012987,-0.23376623376623376,0.23376623376623376,-0.6233766233766234,0.38961038961038963,-0.7012987012987013,0.3116883116883117,-0.5324675324675324,0.22077922077922077,-0.4155844155844156
1,0.0,0.0,0.3076923076923077,0.08974358974358974,0.6538461538461539,0.15384615384615385,0.8846153846153846,0.3333333333333333,1.0,0.5256410256410257,0.782051282051282,-0.3076923076923077,1.0,-0.38461538461538464,0.8076923076923077,-0.2692307692307692,0.6410256410256411,-0.15384615384615385,0.6282051282051282,-0.44871794871794873,0.8461538461538461,-0.5384615384615384,0.6410256410256411,-0.34615384615384615,0.48717948717948717,-0.1794871794871795,0.46153846153846156,-0.5512820512820513,0.6025641025641025,-0.6025641025641025,0.44871794871794873,-0.38461538461538464,0.3333333333333333,-0.23076923076923078,0.28205128205128205,-0.6538461538461539,0.4230769230769231,-0.6923076923076923,0.34615384615384615,-0.5256410256410257,0.28205128205128205,-0.4230769230769231
1,0.0,0.0,0.3116883116883117,0.07792207792207792,0.6623376623376623,0.15584415584415584,0.8961038961038961,0.33766233766233766,1.0,0.5324675324675324,0.8051948051948052,-0.3246753246753247,0.987012987012987,-0.38961038961038963,0.7922077922077922,-0.2857142857142857,0.6363636363636364,-0.15584415584415584,0.6493506493506493,-0.4675324675324675,0.8311688311688312,-0.5324675324675324,0.5974025974025974,-0.3246753246753247,0.45454545454545453,-0.18181818181818182,0.4805194805194805,-0.5714285714285714,0.6103896103896104,-0.6103896103896104,0.44155844155844154,-0.4155844155844156,0.3246753246753247,-0.2857142857142857,0.2857142857142857,-0.6623376623376623,0.4155844155844156,-0.7142857142857143,0.3246753246753247,-0.5454545454545454,0.2597402597402597,-0.45454545454545453
1,0.0,0.0,0.35064935064935066,0.06493506493506493,0.6883116883116883,0.12987012987012986,0.8961038961038961,0.3246753246753247,1.0,0.5584415584415584,0.8181818181818182,-0.5064935064935064,0.8831168831168831,-0.4155844155844156,0.7012987012987013,-0.24675324675324675,0.5844155844155844,-0.15584415584415584,0.6233766233766234,-0.6623376623376623,0.7012987012987013,-0.5324675324675324,0.5324675324675324,-0.3246753246753247,0.42857142857142855,-0.22077922077922077,0.4155844155844156,-0.7272727272727273,0.4805194805194805,-0.5974025974025974,0.36363636363636365,-0.38961038961038963,0.2857142857142857,-0.2857142857142857,0.2077922077922078,-0.7532467532467533,0.2857142857142857,-0.7012987012987013,0.22077922077922077,-0.5064935064935064,0.18181818181818182,-0.4155844155844156
1,0.0,0.0,0.34177215189873417,0.11392405063291139,0.6582278481012658,0.21518987341772153,0.8607594936708861,0.43037974683544306,1.0,0.6455696202531646,0.8860759493670886,-0.45569620253164556,0.8481012658227848,-0.2911392405063291,0.6582278481012658,-0.13924050632911392,0.569620253164557,-0.11392405063291139,0.6835443037974683,-0.6455696202531646,0.620253164556962,-0.3924050632911392,0.45569620253164556,-0.189873417721519,0.4177215189873418,-0.16455696202531644,0.4430379746835443,-0.7468354430379747,0.379746835443038,-0.45569620253164556,0.26582278481012656,-0.25316455696202533,0.24050632911392406,-0.25316455696202533,0.189873417721519,-0.7721518987341772,0.1518987341772152,-0.5443037974683544,0.08860759493670886,-0.379746835443038,0.0759493670886076,-0.379746835443038
1,0.0,0.0,0.3157894736842105,0.18421052631578946,0.631578947368421,0.35526315789473684,0.8289473684210527,0.618421052631579,0.9605263157894737,0.868421052631579,1.0,-0.42105263157894735,0.8552631578947368,-0.15789473684210525,0.6710526315789473,-0.013157894736842105,0.6578947368421053,-0.039473684210526314,0.7894736842105263,-0.6447368421052632,0.618421052631579,-0.2894736842105263,0.4605263157894737,-0.10526315789473684,0.47368421052631576,-0.14473684210526316,0.5131578947368421,-0.7631578947368421,0.3684210526315789,-0.42105263157894735,0.25,-0.2236842105263158,0.2631578947368421,-0.2631578947368421,0.23684210526315788,-0.8157894736842105,0.15789473684210525,-0.5789473684210527,0.06578947368421052,-0.3815789473684211,0.06578947368421052,-0.3684210526315789
1,0.0,0.0,0.3125,0.2375,0.6,0.45,0.7625,0.7375,0.8875,0.975,1.0,-0.325,0.85,0.0,0.6375,0.1375,0.5625,0.125,0.775,-0.5625,0.6,-0.1375,0.4125,0.0375,0.3875,0.0125,0.4875,-0.6875,0.35,-0.275,0.2125,-0.1,0.2,-0.1375,0.1875,-0.75,0.1,-0.4375,0.025,-0.25,0.025,-0.2375
1,0.0,0.0,0.3333333333333333,0.24691358024691357,0.6172839506172839,0.4691358024691358,0.8024691358024691,0.7530864197530864,0.9135802469135802,0.9753086419753086,1.0,-0.30864197530864196,0.8518518518518519,0.024691358024691357,0.654320987654321,0.1728395061728395,0.6049382716049383,0.1111111111111111,0.7654320987654321,-0.5555555555555556,0.6172839506172839,-0.09876543209876543,0.41975308641975306,0.08641975308641975,0.4074074074074074,0.012345679012345678,0.48148148148148145,-0.6790123456790124,0.345679012345679,-0.2345679012345679,0.20987654320987653,-0.04938271604938271,0.20987654320987653,-0.12345679012345678,0.18518518518518517,-0.7283950617283951,0.09876543209876543,-0.3950617283950617,0.024691358024691357,-0.20987654320987653,0.024691358024691357,-0.2222222222222222
1,0.0,0.0,0.3010752688172043,0.24731182795698925,0.5806451612903226,0.43010752688172044,0.7526881720430108,0.6881720430107527,0.8817204301075269,0.9032258064516129,1.0,-0.20430107526881722,0.8709677419354839,0.11827956989247312,0.6881720430107527,0.1935483870967742,0.6881720430107527,0.11827956989247312,0.8172043010752689,-0.40860215053763443,0.6559139784946236,0.03225806451612903,0.4731182795698925,0.12903225806451613,0.4946236559139785,0.021505376344086023,0.5698924731182796,-0.5268817204301075,0.41935483870967744,-0.0967741935483871,0.2903225806451613,0.010752688172043012,0.3118279569892473,-0.0967741935483871,0.3010752688172043,-0.5913978494623656,0.1935483870967742,-0.23655913978494625,0.10752688172043011,-0.13978494623655913,0.11827956989247312,-0.22580645161290322
1,0.0,0.0,0.29347826086956524,0.25,0.5652173913043478,0.45652173913043476,0.7391304347826086,0.7391304347826086,0.8478260869565217,0.9891304347826086,1.0,-0.18478260869565216,0.8478260869565217,0.16304347826086957,0.6521739130434783,0.2717391304347826,0.6086956521739131,0.20652173913043478,0.8043478260869565,-0.391304347826087,0.6304347826086957,0.06521739130434782,0.44565217391304346,0.18478260869565216,0.43478260869565216,0.10869565217391304,0.5543478260869565,-0.5217391304347826,0.40217391304347827,-0.07608695652173914,0.2717391304347826,0.043478260869565216,0.2717391304347826,-0.043478260869565216,0.2717391304347826,-0.5760869565217391,0.17391304347826086,-0.22826086956521738,0.09782608695652174,-0.11956521739130435,0.10869565217391304,-0.18478260869565216
1,0.0,0.0,0.3263157894736842,0.25263157894736843,0.6,0.4631578947368421,0.7473684210526316,0.7368421052631579,0.8526315789473684,0.968421052631579,1.0,-0.14736842105263157,0.8631578947368421,0.18947368421052632,0.6736842105263158,0.2736842105263158,0.6526315789473685,0.18947368421052632,0.8210526315789474,-0.35789473684210527,0.631578947368421,0.09473684210526316,0.4421052631578947,0.2,0.4631578947368421,0.08421052631578947,0.5684210526315789,-0.4842105263157895,0.4,-0.05263157894736842,0.2631578947368421,0.05263157894736842,0.28421052631578947,-0.05263157894736842,0.28421052631578947,-0.5473684210526316,0.17894736842105263,-0.21052631578947367,0.09473684210526316,-0.09473684210526316,0.10526315789473684,-0.16842105263157894
1,0.0,0.0,0.2828282828282828,0.2727272727272727,0.5252525252525253,0.5050505050505051,0.6666666666666666,0.7777777777777778,0.7575757575757576,1.0,0.9292929292929293,-0.08080808080808081,0.8080808080808081,0.26262626262626265,0.6363636363636364,0.32323232323232326,0.6363636363636364,0.24242424242424243,0.7575757575757576,-0.2828282828282828,0.5656565656565656,0.1717171717171717,0.40404040404040403,0.24242424242424243,0.43434343434343436,0.12121212121212122,0.5151515151515151,-0.41414141414141414,0.35353535353535354,0.020202020202020204,0.24242424242424243,0.10101010101010101,0.2727272727272727,-0.020202020202020204,0.26262626262626265,-0.48484848484848486,0.1414141414141414,-0.1414141414141414,0.08080808080808081,-0.050505050505050504,0.09090909090909091,-0.13131313131313133
1,0.0,0.0,0.2905982905982906,0.02564102564102564,0.5726495726495726,0.1794871794871795,0.7094017094017094,0.4358974358974359,0.7692307692307693,0.7094017094017094,0.6410256410256411,-0.15384615384615385,0.8888888888888888,0.02564102564102564,0.9658119658119658,0.1794871794871795,1.0,0.2905982905982906,0.5128205128205128,-0.1623931623931624,0.7948717948717948,0.05128205128205128,0.8888888888888888,0.20512820512820512,0.9401709401709402,0.3162393162393162,0.36752136752136755,-0.10256410256410256,0.6324786324786325,0.11965811965811966,0.7777777777777778,0.28205128205128205,0.8803418803418803,0.4017094017094017,0.2222222222222222,0.017094017094017096,0.4188034188034188,0.27350427350427353,0.5384615384615384,0.46153846153846156,0.6410256410256411,0.6068376068376068
1,0.0,0.0,0.08163265306122448,0.2857142857142857,0.1836734693877551,0.5510204081632653,0.19387755102040816,0.7959183673469388,0.1326530612244898,1.0,0.3877551020408163,0.3469387755102041,0.47959183673469385,0.3979591836734694,0.3877551020408163,0.40816326530612246,0.30612244897959184,0.41836734693877553,0.3979591836734694,0.17346938775510204,0.42857142857142855,0.22448979591836735,0.35714285714285715,0.22448979591836735,0.2857142857142857,0.22448979591836735,0.3877551020408163,0.0,0.4387755102040816,0.061224489795918366,0.37755102040816324,0.05102040816326531,0.30612244897959184,0.05102040816326531,0.3673469387755102,-0.16326530612244897,0.46938775510204084,-0.17346938775510204,0.4897959183673469,-0.17346938775510204,0.4897959183673469,-0.15306122448979592
1,0.0,0.0,-0.22641509433962265,0.29245283018867924,-0.44339622641509435,0.5283018867924528,-0.5188679245283019,0.7735849056603774,-0.5283018867924528,1.0,-0.8773584905660378,0.1509433962264151,-1.0,0.2641509433962264,-0.9339622641509434,0.3490566037735849,-0.8584905660377359,0.39622641509433965,-0.8490566037735849,-0.08490566037735849,-0.8584905660377359,0.09433962264150944,-0.7452830188679245,0.16981132075471697,-0.6509433962264151,0.16037735849056603,-0.7264150943396226,-0.25471698113207547,-0.7358490566037735,-0.07547169811320754,-0.6509433962264151,-0.009433962264150943,-0.5471698113207547,0.0,-0.5943396226415094,-0.3584905660377358,-0.6226415094339622,-0.22641509433962265,-0.5471698113207547,-0.16981132075471697,-0.46226415094339623,-0.1509433962264151
1,0.0,0.0,-0.22123893805309736,0.2920353982300885,-0.4336283185840708,0.5132743362831859,-0.5132743362831859,0.7699115044247787,-0.504424778761062,1.0,-0.8141592920353983,0.1504424778761062,-0.8938053097345132,0.336283185840708,-0.7610619469026548,0.3805309734513274,-0.6371681415929203,0.36283185840707965,-0.8053097345132744,-0.05309734513274336,-0.8672566371681416,0.1415929203539823,-0.7610619469026548,0.20353982300884957,-0.6548672566371682,0.18584070796460178,-0.7079646017699115,-0.20353982300884957,-0.7787610619469026,-0.02654867256637168,-0.6991150442477876,0.02654867256637168,-0.5929203539823009,0.017699115044247787,-0.6017699115044248,-0.3008849557522124,-0.672566371681416,-0.1592920353982301,-0.6017699115044248,-0.10619469026548672,-0.5132743362831859,-0.10619469026548672
1,0.0,0.0,-0.21052631578947367,0.2982456140350877,-0.41228070175438597,0.5263157894736842,-0.49122807017543857,0.7807017543859649,-0.5,1.0,-0.8596491228070176,0.18421052631578946,-0.9210526315789473,0.38596491228070173,-0.7719298245614035,0.42105263157894735,-0.6578947368421053,0.38596491228070173,-0.8421052631578947,-0.03508771929824561,-0.8596491228070176,0.18421052631578946,-0.7368421052631579,0.23684210526315788,-0.631578947368421,0.19298245614035087,-0.7368421052631579,-0.19298245614035087,-0.7543859649122807,0.0,-0.6578947368421053,0.05263157894736842,-0.5614035087719298,0.03508771929824561,-0.6228070175438597,-0.2894736842105263,-0.6403508771929824,-0.14912280701754385,-0.5614035087719298,-0.10526315789473684,-0.4824561403508772,-0.11403508771929824
1,0.0,0.0,-0.2,0.30434782608695654,-0.391304347826087,0.5304347826086957,-0.45217391304347826,0.7739130434782608,-0.4434782608695652,1.0,-0.8434782608695652,0.19130434782608696,-0.9043478260869565,0.3739130434782609,-0.7739130434782608,0.4434782608695652,-0.6608695652173913,0.45217391304347826,-0.8260869565217391,-0.017391304347826087,-0.8695652173913043,0.19130434782608696,-0.7565217391304347,0.26956521739130435,-0.6521739130434783,0.26956521739130435,-0.7130434782608696,-0.16521739130434782,-0.7652173913043478,0.017391304347826087,-0.6956521739130435,0.0782608695652174,-0.6,0.09565217391304348,-0.591304347826087,-0.2608695652173913,-0.6347826086956522,-0.12173913043478261,-0.5826086956521739,-0.06956521739130435,-0.5130434782608696,-0.06086956521739131
1,0.0,0.0,-0.1794871794871795,0.3162393162393162,-0.3504273504273504,0.5641025641025641,-0.38461538461538464,0.7948717948717948,-0.3504273504273504,1.0,-0.811965811965812,0.2564102564102564,-0.8461538461538461,0.4444444444444444,-0.6923076923076923,0.452991452991453,-0.5811965811965812,0.41025641025641024,-0.811965811965812,0.05128205128205128,-0.7948717948717948,0.23931623931623933,-0.6666666666666666,0.27350427350427353,-0.5726495726495726,0.23076923076923078,-0.717948717948718,-0.1111111111111111,-0.7094017094017094,0.06837606837606838,-0.6153846153846154,0.09401709401709402,-0.5299145299145299,0.06837606837606838,-0.6153846153846154,-0.2222222222222222,-0.6068376068376068,-0.08547008547008547,-0.5213675213675214,-0.05128205128205128,-0.452991452991453,-0.06837606837606838
1,0.0,0.0,-0.11650485436893204,0.3106796116504854,-0.3300970873786408,0.5922330097087378,-0.4563106796116505,0.8155339805825242,-0.46601941747572817,1.0,-0.7961165048543689,0.34951456310679613,-0.912621359223301,0.7766990291262136,-0.7378640776699029,0.8252427184466019,-0.6116504854368932,0.7281553398058253,-0.883495145631068,0.20388349514563106,-0.941747572815534,0.6019417475728155,-0.7766990291262136,0.6407766990291263,-0.6504854368932039,0.5631067961165048,-0.8640776699029126,0.10679611650485436,-0.9029126213592233,0.46601941747572817,-0.7669902912621359,0.5145631067961165,-0.6796116504854369,0.4368932038834951,-0.8155339805825242,0.05825242718446602,-0.8640776699029126,0.34951456310679613,-0.7281553398058253,0.4077669902912621,-0.6213592233009708,0.3592233009708738
1,0.0,0.0,-0.056179775280898875,0.48314606741573035,-0.23595505617977527,0.7640449438202247,-0.2696629213483146,0.8876404494382022,-0.2247191011235955,1.0,-0.8876404494382022,0.48314606741573035,-0.9662921348314607,0.8314606741573034,-0.7528089887640449,0.8314606741573034,-0.5842696629213483,0.7191011235955056,-0.9662921348314607,0.19101123595505617,-0.9887640449438202,0.5280898876404494,-0.7865168539325843,0.5617977528089888,-0.6404494382022472,0.48314606741573035,-0.9101123595505618,-0.0449438202247191,-0.898876404494382,0.23595505617977527,-0.7415730337078652,0.29213483146067415,-0.6067415730337079,0.2247191011235955,-0.8089887640449438,-0.2247191011235955,-0.8202247191011236,0.0,-0.6741573033707865,0.07865168539325842,-0.550561797752809,0.033707865168539325
1,0.0,0.0,-0.09868421052631579,0.3157894736842105,-0.21052631578947367,0.5657894736842105,-0.21710526315789475,0.8026315789473685,-0.15789473684210525,1.0,-0.618421052631579,0.3223684210526316,-0.75,0.5921052631578947,-0.5921052631578947,0.5592105263157895,-0.4934210526315789,0.48026315789473684,-0.6907894736842105,0.15789473684210525,-0.7697368421052632,0.4407894736842105,-0.6447368421052632,0.4342105263157895,-0.5592105263157895,0.375,-0.6973684210526315,0.03289473684210526,-0.75,0.29605263157894735,-0.6447368421052632,0.3026315789473684,-0.5657894736842105,0.25,-0.6710526315789473,-0.039473684210526314,-0.7236842105263158,0.17105263157894737,-0.631578947368421,0.19078947368421054,-0.5592105263157895,0.14473684210526316
1,0.0,0.0,-0.12418300653594772,0.3137254901960784,-0.24183006535947713,0.5686274509803921,-0.24183006535947713,0.803921568627451,-0.1568627450980392,1.0,-0.6274509803921569,0.3333333333333333,-0.7647058823529411,0.6013071895424836,-0.6078431372549019,0.5490196078431373,-0.5098039215686274,0.46405228758169936,-0.7058823529411765,0.16339869281045752,-0.7843137254901961,0.4444444444444444,-0.6535947712418301,0.43137254901960786,-0.5751633986928104,0.3660130718954248,-0.7058823529411765,0.032679738562091505,-0.7516339869281046,0.29411764705882354,-0.6470588235294118,0.2875816993464052,-0.5751633986928104,0.22875816993464052,-0.6797385620915033,-0.0392156862745098,-0.7254901960784313,0.16993464052287582,-0.6405228758169934,0.1830065359477124,-0.5686274509803921,0.13071895424836602
1,0.0,0.0,-0.12258064516129032,0.3161290322580645,-0.24516129032258063,0.567741935483871,-0.24516129032258063,0.8064516129032258,-0.17419354838709677,1.0,-0.6387096774193548,0.32903225806451614,-0.7419354838709677,0.6,-0.6064516129032258,0.5483870967741935,-0.5161290322580645,0.45161290322580644,-0.7096774193548387,0.16774193548387098,-0.7354838709677419,0.44516129032258067,-0.6193548387096774,0.4258064516129032,-0.5419354838709678,0.3548387096774194,-0.6967741935483871,0.03870967741935484,-0.7032258064516129,0.3032258064516129,-0.6064516129032258,0.2903225806451613,-0.535483870967742,0.23225806451612904,-0.6645161290322581,-0.03225806451612903,-0.6774193548387096,0.17419354838709677,-0.5870967741935483,0.18064516129032257,-0.5225806451612903,0.12903225806451613
1,0.0,0.0,-0.07857142857142857,0.32142857142857145,-0.17857142857142858,0.5714285714285714,-0.18571428571428572,0.7928571428571428,-0.15714285714285714,1.0,-0.6571428571428571,0.37142857142857144,-0.7285714285714285,0.5785714285714286,-0.5928571428571429,0.5571428571428572,-0.4928571428571429,0.4928571428571429,-0.7,0.17857142857142858,-0.75,0.37857142857142856,-0.6357142857142857,0.38571428571428573,-0.5428571428571428,0.32857142857142857,-0.6571428571428571,0.014285714285714285,-0.7071428571428572,0.19285714285714287,-0.6214285714285714,0.21428571428571427,-0.5285714285714286,0.17142857142857143,-0.5857142857142857,-0.1,-0.6357142857142857,0.05714285714285714,-0.5642857142857143,0.07857142857142857,-0.4857142857142857,0.04285714285714286
1,0.0,0.0,-0.15714285714285714,0.3,-0.3142857142857143,0.5714285714285714,-0.3357142857142857,0.8142857142857143,-0.3,1.0,-0.6142857142857143,0.32857142857142857,-0.7214285714285714,0.4714285714285714,-0.6428571428571429,0.4714285714285714,-0.5714285714285714,0.44285714285714284,-0.6714285714285714,0.17857142857142858,-0.6642857142857143,0.3142857142857143,-0.5714285714285714,0.32857142857142857,-0.5,0.29285714285714287,-0.6642857142857143,0.03571428571428571,-0.6428571428571429,0.17857142857142858,-0.5642857142857143,0.18571428571428572,-0.4857142857142857,0.15714285714285714,-0.6428571428571429,-0.06428571428571428,-0.6214285714285714,0.05,-0.5428571428571428,0.05,-0.4642857142857143,0.02142857142857143
1,0.0,0.0,-0.08571428571428572,0.2714285714285714,-0.2,0.5428571428571428,-0.2357142857142857,0.7571428571428571,-0.22142857142857142,0.9214285714285714,-0.5142857142857142,0.37142857142857144,-0.7285714285714285,0.45,-0.8571428571428571,0.5,-0.9571428571428572,0.5357142857142857,-0.5714285714285714,0.2,-0.7857142857142857,0.2857142857142857,-0.9,0.32857142857142857,-0.9785714285714285,0.35714285714285715,-0.5928571428571429,0.04285714285714286,-0.7928571428571428,0.10714285714285714,-0.9214285714285714,0.15714285714285714,-1.0,0.19285714285714287,-0.5785714285714286,-0.09285714285714286,-0.75,-0.05,-0.8428571428571429,-0.007142857142857143,-0.9214285714285714,0.02857142857142857
1,0.0,0.0,-0.0948905109489051,0.27007299270072993,-0.21897810218978103,0.5474452554744526,-0.24087591240875914,0.7737226277372263,-0.21897810218978103,0.948905109489051,-0.5109489051094891,0.35766423357664234,-0.7445255474452555,0.4233576642335766,-0.8832116788321168,0.45985401459854014,-0.9927007299270073,0.49635036496350365,-0.5401459854014599,0.17518248175182483,-0.7737226277372263,0.24817518248175183,-0.8905109489051095,0.2846715328467153,-0.9708029197080292,0.30656934306569344,-0.5547445255474452,0.0072992700729927005,-0.7737226277372263,0.06569343065693431,-0.9051094890510949,0.10948905109489052,-1.0,0.1386861313868613,-0.5401459854014599,-0.1386861313868613,-0.7226277372262774,-0.08029197080291971,-0.8321167883211679,-0.043795620437956206,-0.9124087591240876,-0.014598540145985401
1,0.0,0.0,-0.0958904109589041,0.3219178082191781,-0.19863013698630136,0.5684931506849316,-0.2054794520547945,0.7945205479452054,-0.1506849315068493,1.0,-0.6438356164383562,0.3698630136986301,-0.7465753424657534,0.5821917808219178,-0.589041095890411,0.5684931506849316,-0.4931506849315068,0.4931506849315068,-0.6917808219178082,0.18493150684931506,-0.7671232876712328,0.4041095890410959,-0.6438356164383562,0.4178082191780822,-0.547945205479452,0.363013698630137,-0.6712328767123288,0.0273972602739726,-0.7328767123287672,0.23972602739726026,-0.6301369863013698,0.2602739726027397,-0.5342465753424658,0.2191780821917808,-0.6232876712328768,-0.08904109589041095,-0.6643835616438356,0.08904109589041095,-0.5753424657534246,0.1232876712328767,-0.5068493150684932,0.08904109589041095
1,0.0,0.0,-0.02127659574468085,0.3333333333333333,-0.07801418439716312,0.574468085106383,-0.04964539007092199,0.8014184397163121,0.028368794326241134,1.0,-0.5319148936170213,0.3617021276595745,-0.6312056737588653,0.5815602836879432,-0.45390070921985815,0.5390070921985816,-0.3475177304964539,0.44680851063829785,-0.5886524822695035,0.15602836879432624,-0.6312056737588653,0.3971631205673759,-0.475177304964539,0.3900709219858156,-0.36879432624113473,0.3049645390070922,-0.5673758865248227,-0.0070921985815602835,-0.574468085106383,0.23404255319148937,-0.45390070921985815,0.22695035460992907,-0.3617021276595745,0.14893617021276595,-0.524822695035461,-0.11347517730496454,-0.5319148936170213,0.0851063829787234,-0.4326241134751773,0.09219858156028368,-0.3475177304964539,0.03546099290780142
1,0.0,0.0,-0.16546762589928057,0.31654676258992803,-0.3237410071942446,0.5611510791366906,-0.3597122302158273,0.7913669064748201,-0.33093525179856115,1.0,-0.7338129496402878,0.2805755395683453,-0.8273381294964028,0.49640287769784175,-0.697841726618705,0.4748201438848921,-0.5971223021582733,0.41007194244604317,-0.7697841726618705,0.10071942446043165,-0.8129496402877698,0.30935251798561153,-0.6906474820143885,0.30935251798561153,-0.60431654676259,0.2589928057553957,-0.7266187050359713,-0.050359712230215826,-0.7769784172661871,0.1366906474820144,-0.6834532374100719,0.1510791366906475,-0.5899280575539568,0.10071942446043165,-0.6690647482014388,-0.15827338129496402,-0.7266187050359713,-0.007194244604316547,-0.6330935251798561,0.014388489208633094,-0.5539568345323741,-0.02158273381294964
1,0.0,0.0,-0.2109375,0.3125,-0.390625,0.5546875,-0.4453125,0.7890625,-0.421875,1.0,-0.8203125,0.2265625,-0.9375,0.453125,-0.765625,0.453125,-0.671875,0.390625,-0.828125,0.015625,-0.9140625,0.265625,-0.78125,0.2890625,-0.671875,0.25,-0.7578125,-0.140625,-0.8203125,0.1015625,-0.7109375,0.1328125,-0.609375,0.1015625,-0.671875,-0.234375,-0.7421875,-0.0390625,-0.6484375,0.0,-0.5625,-0.03125
1,0.0,0.0,-0.2396694214876033,0.30578512396694213,-0.49586776859504134,0.48760330578512395,-0.6859504132231405,0.6611570247933884,-0.7603305785123967,0.8347107438016529,-0.859504132231405,0.2066115702479339,-1.0,0.371900826446281,-0.8512396694214877,0.371900826446281,-0.743801652892562,0.3305785123966942,-0.8677685950413223,-0.01652892561983471,-0.9586776859504132,0.18181818181818182,-0.8264462809917356,0.21487603305785125,-0.71900826446281,0.19834710743801653,-0.7851239669421488,-0.19008264462809918,-0.8677685950413223,0.0,-0.7603305785123967,0.049586776859504134,-0.6363636363636364,0.04132231404958678,-0.7024793388429752,-0.3140495867768595,-0.7933884297520661,-0.14049586776859505,-0.7024793388429752,-0.08264462809917356,-0.6033057851239669,-0.09090909090909091
1,0.0,0.0,-0.20689655172413793,0.3448275862068966,-0.47413793103448276,0.5603448275862069,-0.6551724137931034,0.7672413793103449,-0.6982758620689655,0.9482758620689655,-0.8706896551724138,0.25862068965517243,-1.0,0.43103448275862066,-0.8275862068965517,0.4396551724137931,-0.7241379310344828,0.39655172413793105,-0.8793103448275862,0.02586206896551724,-0.9655172413793104,0.22413793103448276,-0.8189655172413793,0.25862068965517243,-0.7068965517241379,0.2413793103448276,-0.8017241379310345,-0.15517241379310345,-0.8706896551724138,0.04310344827586207,-0.7586206896551724,0.08620689655172414,-0.6379310344827587,0.07758620689655173,-0.7155172413793104,-0.29310344827586204,-0.8017241379310345,-0.11206896551724138,-0.7155172413793104,-0.06896551724137931,-0.6120689655172413,-0.08620689655172414
1,0.0,0.0,-0.22033898305084745,0.3474576271186441,-0.4830508474576271,0.559322033898305,-0.652542372881356,0.7711864406779662,-0.6779661016949152,0.9661016949152542,-0.8559322033898306,0.2711864406779661,-1.0,0.4661016949152542,-0.8305084745762712,0.4406779661016949,-0.7288135593220338,0.3813559322033898,-0.8813559322033898,0.0423728813559322,-0.9745762711864406,0.2627118644067797,-0.8305084745762712,0.2796610169491525,-0.7288135593220338,0.2457627118644068,-0.8135593220338984,-0.13559322033898305,-0.8728813559322034,0.06779661016949153,-0.7627118644067796,0.1016949152542373,-0.652542372881356,0.07627118644067797,-0.7372881355932204,-0.2627118644067797,-0.8135593220338984,-0.09322033898305085,-0.7203389830508474,-0.05084745762711865,-0.6186440677966102,-0.06779661016949153
1,0.0,0.0,-0.2222222222222222,0.3504273504273504,-0.47863247863247865,0.5641025641025641,-0.6410256410256411,0.7863247863247863,-0.6752136752136753,1.0,-0.8803418803418803,0.27350427350427353,-1.0,0.46153846153846156,-0.8290598290598291,0.4444444444444444,-0.7264957264957265,0.38461538461538464,-0.8974358974358975,0.03418803418803419,-0.9743589743589743,0.24786324786324787,-0.8290598290598291,0.27350427350427353,-0.717948717948718,0.23076923076923078,-0.8205128205128205,-0.15384615384615385,-0.8888888888888888,0.05982905982905983,-0.7692307692307693,0.09401709401709402,-0.6495726495726496,0.06837606837606838,-0.7350427350427351,-0.2905982905982906,-0.811965811965812,-0.10256410256410256,-0.717948717948718,-0.05982905982905983,-0.6153846153846154,-0.08547008547008547
1,0.0,0.0,-0.23275862068965517,0.3620689655172414,-0.47413793103448276,0.5775862068965517,-0.6120689655172413,0.8017241379310345,-0.6637931034482759,1.0,-0.8706896551724138,0.2672413793103448,-0.9913793103448276,0.4827586206896552,-0.8103448275862069,0.4482758620689655,-0.7068965517241379,0.3706896551724138,-0.8879310344827587,0.034482758620689655,-0.9655172413793104,0.2672413793103448,-0.8103448275862069,0.2672413793103448,-0.6982758620689655,0.22413793103448276,-0.8103448275862069,-0.14655172413793102,-0.8620689655172413,0.07758620689655173,-0.7413793103448276,0.10344827586206896,-0.6206896551724138,0.06896551724137931,-0.7327586206896551,-0.2672413793103448,-0.8017241379310345,-0.08620689655172414,-0.6982758620689655,-0.05172413793103448,-0.5948275862068966,-0.07758620689655173
1,0.0,0.0,-0.23275862068965517,0.35344827586206895,-0.4827586206896552,0.5862068965517241,-0.6379310344827587,0.8103448275862069,-0.7155172413793104,0.9913793103448276,-0.9137931034482759,0.28448275862068967,-1.0,0.4827586206896552,-0.8275862068965517,0.46551724137931033,-0.7241379310344828,0.41379310344827586,-0.9224137931034483,0.05172413793103448,-0.9568965517241379,0.2672413793103448,-0.8017241379310345,0.29310344827586204,-0.6810344827586207,0.2672413793103448,-0.8362068965517241,-0.12931034482758622,-0.8620689655172413,0.07758620689655173,-0.7327586206896551,0.11206896551724138,-0.603448275862069,0.09482758620689655,-0.75,-0.2672413793103448,-0.7931034482758621,-0.07758620689655173,-0.6896551724137931,-0.04310344827586207,-0.5775862068965517,-0.06896551724137931
1,0.0,0.0,-0.19696969696969696,0.3333333333333333,-0.38636363636363635,0.5681818181818182,-0.4696969696969697,0.803030303030303,-0.4772727272727273,1.0,-0.75,0.29545454545454547,-0.8863636363636364,0.5151515151515151,-0.7272727272727273,0.48484848484848486,-0.6363636363636364,0.4090909090909091,-0.7878787878787878,0.09090909090909091,-0.8712121212121212,0.3333333333333333,-0.7424242424242424,0.3333333333333333,-0.6515151515151515,0.2803030303030303,-0.7424242424242424,-0.06818181818181818,-0.7954545454545454,0.16666666666666666,-0.6893939393939394,0.18181818181818182,-0.5909090909090909,0.13636363636363635,-0.6893939393939394,-0.17424242424242425,-0.7348484848484849,0.030303030303030304,-0.6439393939393939,0.05303030303030303,-0.5606060606060606,0.015151515151515152
1,0.0,0.0,-0.17647058823529413,0.33088235294117646,-0.36764705882352944,0.5661764705882353,-0.4264705882352941,0.8088235294117647,-0.375,1.0,-0.7352941176470589,0.3088235294117647,-0.8455882352941176,0.5,-0.6911764705882353,0.47794117647058826,-0.5882352941176471,0.41911764705882354,-0.7647058823529411,0.11029411764705882,-0.8308823529411765,0.3235294117647059,-0.7058823529411765,0.33088235294117646,-0.6102941176470589,0.2867647058823529,-0.7132352941176471,-0.058823529411764705,-0.7573529411764706,0.16176470588235295,-0.6617647058823529,0.17647058823529413,-0.5588235294117647,0.13970588235294118,-0.6544117647058824,-0.16176470588235295,-0.6985294117647058,0.022058823529411766,-0.6102941176470589,0.04411764705882353,-0.5294117647058824,0.014705882352941176
1,0.0,0.0,-0.21481481481481482,0.3111111111111111,-0.4148148148148148,0.5555555555555556,-0.4666666666666667,0.7925925925925926,-0.37777777777777777,1.0,-0.7333333333333333,0.2518518518518518,-0.8962962962962963,0.4666666666666667,-0.7407407407407407,0.4740740740740741,-0.6296296296296297,0.4074074074074074,-0.7555555555555555,0.05185185185185185,-0.8888888888888888,0.3037037037037037,-0.7555555555555555,0.3333333333333333,-0.6518518518518519,0.2814814814814815,-0.725925925925926,-0.0962962962962963,-0.8222222222222222,0.15555555555555556,-0.725925925925926,0.18518518518518517,-0.6222222222222222,0.13333333333333333,-0.674074074074074,-0.18518518518518517,-0.762962962962963,0.02962962962962963,-0.674074074074074,0.06666666666666667,-0.5851851851851851,0.02962962962962963
1,0.0,0.0,-0.18796992481203006,0.3383458646616541,-0.38345864661654133,0.5639097744360902,-0.46616541353383456,0.7969924812030075,-0.42105263157894735,1.0,-0.7593984962406015,0.3157894736842105,-0.8872180451127819,0.5112781954887218,-0.7293233082706767,0.48872180451127817,-0.6165413533834586,0.42105263157894735,-0.7894736842105263,0.11278195488721804,-0.8947368421052632,0.3308270676691729,-0.7669172932330827,0.3458646616541353,-0.6691729323308271,0.3007518796992481,-0.7443609022556391,-0.05263157894736842,-0.8195488721804511,0.16541353383458646,-0.7218045112781954,0.18796992481203006,-0.6165413533834586,0.15037593984962405,-0.6842105263157895,-0.16541353383458646,-0.7443609022556391,0.03007518796992481,-0.6616541353383458,0.06015037593984962,-0.5789473684210527,0.03007518796992481
1,0.0,0.0,-0.16666666666666666,0.39473684210526316,-0.4473684210526316,0.5877192982456141,-0.6491228070175439,0.7807017543859649,-0.6929824561403509,1.0,-0.8596491228070176,0.37719298245614036,-0.9912280701754386,0.5877192982456141,-0.8245614035087719,0.5789473684210527,-0.7192982456140351,0.5087719298245614,-0.9035087719298246,0.13157894736842105,-1.0,0.3684210526315789,-0.8508771929824561,0.39473684210526316,-0.7368421052631579,0.34210526315789475,-0.8508771929824561,-0.06140350877192982,-0.9298245614035088,0.17543859649122806,-0.8157894736842105,0.20175438596491227,-0.6929824561403509,0.16666666666666666,-0.7894736842105263,-0.19298245614035087,-0.8596491228070176,0.017543859649122806,-0.7543859649122807,0.05263157894736842,-0.6578947368421053,0.017543859649122806
1,0.0,0.0,-0.15517241379310345,0.39655172413793105,-0.4482758620689655,0.5775862068965517,-0.6637931034482759,0.7327586206896551,-0.7241379310344828,0.9396551724137931,-0.853448275862069,0.3275862068965517,-0.9827586206896551,0.603448275862069,-0.8103448275862069,0.603448275862069,-0.7068965517241379,0.5172413793103449,-0.896551724137931,0.10344827586206896,-1.0,0.39655172413793105,-0.853448275862069,0.4224137931034483,-0.75,0.3620689655172414,-0.8362068965517241,-0.06896551724137931,-0.9310344827586207,0.20689655172413793,-0.8189655172413793,0.2413793103448276,-0.7155172413793104,0.1896551724137931,-0.7672413793103449,-0.1810344827586207,-0.8620689655172413,0.05172413793103448,-0.7672413793103449,0.09482758620689655,-0.6724137931034483,0.0603448275862069
1,0.0,0.0,-0.15966386554621848,0.3949579831932773,-0.44537815126050423,0.5714285714285714,-0.6386554621848739,0.7478991596638656,-0.6890756302521008,0.957983193277311,-0.8403361344537815,0.3445378151260504,-0.957983193277311,0.5966386554621849,-0.7899159663865546,0.5798319327731093,-0.6890756302521008,0.5042016806722689,-0.8907563025210085,0.11764705882352941,-1.0,0.3865546218487395,-0.8403361344537815,0.4117647058823529,-0.7394957983193278,0.3697478991596639,-0.8403361344537815,-0.058823529411764705,-0.9327731092436975,0.18487394957983194,-0.8151260504201681,0.226890756302521,-0.7058823529411765,0.18487394957983194,-0.773109243697479,-0.16806722689075632,-0.865546218487395,0.03361344537815126,-0.7647058823529411,0.06722689075630252,-0.6722689075630253,0.04201680672268908
1,0.0,0.0,-0.15827338129496402,0.3381294964028777,-0.3597122302158273,0.5611510791366906,-0.4316546762589928,0.7913669064748201,-0.4244604316546763,1.0,-0.7338129496402878,0.30935251798561153,-0.8129496402877698,0.5467625899280576,-0.6546762589928058,0.49640287769784175,-0.5683453237410072,0.4028776978417266,-0.7697841726618705,0.11510791366906475,-0.8273381294964028,0.3597122302158273,-0.6906474820143885,0.3597122302158273,-0.60431654676259,0.2949640287769784,-0.7266187050359713,-0.04316546762589928,-0.7697841726618705,0.19424460431654678,-0.6618705035971223,0.20863309352517986,-0.5683453237410072,0.1510791366906475,-0.6690647482014388,-0.1366906474820144,-0.7194244604316546,0.06474820143884892,-0.6258992805755396,0.08633093525179857,-0.539568345323741,0.03597122302158273
1,0.0,0.0,-0.14285714285714285,0.3308270676691729,-0.3007518796992481,0.5789473684210527,-0.3308270676691729,0.8120300751879699,-0.22556390977443608,1.0,-0.7368421052631579,0.3308270676691729,-0.8345864661654135,0.556390977443609,-0.6917293233082706,0.5488721804511278,-0.6015037593984962,0.48120300751879697,-0.7894736842105263,0.13533834586466165,-0.8721804511278195,0.3684210526315789,-0.7443609022556391,0.39097744360902253,-0.6541353383458647,0.3383458646616541,-0.7593984962406015,-0.03007518796992481,-0.8270676691729323,0.19548872180451127,-0.7293233082706767,0.23308270676691728,-0.631578947368421,0.18796992481203006,-0.706766917293233,-0.14285714285714285,-0.7744360902255639,0.045112781954887216,-0.6842105263157895,0.08270676691729323,-0.5939849624060151,0.05263157894736842
1,0.0,0.0,-0.08695652173913043,0.3391304347826087,-0.33043478260869563,0.5130434782608696,-0.5739130434782609,0.6173913043478261,-0.6173913043478261,0.7565217391304347,-0.7478260869565218,0.2956521739130435,-0.9565217391304348,0.5478260869565217,-0.8521739130434782,0.6,-0.7565217391304347,0.591304347826087,-0.8434782608695652,0.0782608695652174,-1.0,0.3826086956521739,-0.8869565217391304,0.45217391304347826,-0.7913043478260869,0.4260869565217391,-0.8521739130434782,-0.0782608695652174,-0.9826086956521739,0.20869565217391303,-0.8869565217391304,0.26956521739130435,-0.7739130434782608,0.25217391304347825,-0.8260869565217391,-0.16521739130434782,-0.9391304347826087,0.043478260869565216,-0.8608695652173913,0.11304347826086956,-0.7739130434782608,0.10434782608695652
1,0.0,0.0,-0.061946902654867256,0.34513274336283184,-0.26548672566371684,0.5398230088495575,-0.49557522123893805,0.672566371681416,-0.5398230088495575,0.7345132743362832,-0.672566371681416,0.3008849557522124,-0.9292035398230089,0.5663716814159292,-0.8849557522123894,0.6371681415929203,-0.7876106194690266,0.6460176991150443,-0.7876106194690266,0.07964601769911504,-1.0,0.40707964601769914,-0.911504424778761,0.48672566371681414,-0.8053097345132744,0.48672566371681414,-0.8230088495575221,-0.07964601769911504,-1.0,0.23893805309734514,-0.911504424778761,0.3185840707964602,-0.8053097345132744,0.2920353982300885,-0.8230088495575221,-0.17699115044247787,-0.9557522123893806,0.07079646017699115,-0.8849557522123894,0.1504424778761062,-0.7964601769911505,0.1415929203539823
1,0.0,0.0,-0.10204081632653061,0.32653061224489793,-0.22448979591836735,0.5850340136054422,-0.21768707482993196,0.8299319727891157,-0.10204081632653061,1.0,-0.6666666666666666,0.3741496598639456,-0.7551020408163265,0.6394557823129252,-0.5986394557823129,0.5918367346938775,-0.5238095238095238,0.5034013605442177,-0.7482993197278912,0.19047619047619047,-0.8027210884353742,0.46258503401360546,-0.673469387755102,0.46258503401360546,-0.5986394557823129,0.3877551020408163,-0.7414965986394558,0.04081632653061224,-0.7959183673469388,0.30612244897959184,-0.6870748299319728,0.3129251700680272,-0.6122448979591837,0.25170068027210885,-0.7006802721088435,-0.061224489795918366,-0.7551020408163265,0.14965986394557823,-0.6666666666666666,0.17006802721088435,-0.5918367346938775,0.12244897959183673
1,0.0,0.0,-0.10810810810810811,0.32432432432432434,-0.22972972972972974,0.581081081081081,-0.21621621621621623,0.8243243243243243,-0.0945945945945946,1.0,-0.668918918918919,0.3783783783783784,-0.7567567567567568,0.6351351351351351,-0.6081081081081081,0.5878378378378378,-0.5337837837837838,0.5,-0.7432432432432432,0.19594594594594594,-0.8040540540540541,0.46621621621621623,-0.6756756756756757,0.4594594594594595,-0.6013513513513513,0.38513513513513514,-0.7364864864864865,0.04054054054054054,-0.7905405405405406,0.3108108108108108,-0.6891891891891891,0.31756756756756754,-0.6148648648648649,0.25,-0.7027027027027027,-0.060810810810810814,-0.7567567567567568,0.1554054054054054,-0.6621621621621622,0.17567567567567569,-0.5945945945945946,0.12162162162162163
1,0.0,0.0,-0.1310344827586207,0.33793103448275863,-0.2827586206896552,0.5862068965517241,-0.2896551724137931,0.8206896551724138,-0.1793103448275862,1.0,-0.7034482758620689,0.3724137931034483,-0.8137931034482758,0.6344827586206897,-0.6551724137931034,0.5862068965517241,-0.5724137931034483,0.4896551724137931,-0.7724137931034483,0.18620689655172415,-0.8413793103448276,0.45517241379310347,-0.7034482758620689,0.4413793103448276,-0.6344827586206897,0.3724137931034483,-0.7586206896551724,0.027586206896551724,-0.8275862068965517,0.2827586206896552,-0.7172413793103448,0.2896551724137931,-0.6413793103448275,0.2206896551724138,-0.7241379310344828,-0.07586206896551724,-0.7931034482758621,0.1310344827586207,-0.696551724137931,0.15172413793103448,-0.6275862068965518,0.09655172413793103
1,0.0,0.0,-0.11267605633802817,0.33098591549295775,-0.2605633802816901,0.5845070422535211,-0.28169014084507044,0.823943661971831,-0.176056338028169,1.0,-0.6971830985915493,0.36619718309859156,-0.8169014084507042,0.6267605633802817,-0.6690140845070423,0.5845070422535211,-0.5774647887323944,0.49295774647887325,-0.7746478873239436,0.176056338028169,-0.852112676056338,0.4507042253521127,-0.7183098591549296,0.44366197183098594,-0.6338028169014085,0.3732394366197183,-0.7605633802816901,0.02112676056338028,-0.8309859154929577,0.28169014084507044,-0.7323943661971831,0.2887323943661972,-0.6408450704225352,0.2323943661971831,-0.7323943661971831,-0.08450704225352113,-0.795774647887324,0.11971830985915492,-0.7112676056338029,0.14084507042253522,-0.6338028169014085,0.09859154929577464
1,0.0,0.0,-0.11888111888111888,0.34265734265734266,-0.25874125874125875,0.5944055944055944,-0.25874125874125875,0.8251748251748252,-0.13286713286713286,1.0,-0.6783216783216783,0.3986013986013986,-0.8111888111888111,0.6223776223776224,-0.6573426573426573,0.5734265734265734,-0.5664335664335665,0.48951048951048953,-0.7482517482517482,0.2097902097902098,-0.8321678321678322,0.42657342657342656,-0.6993006993006993,0.4195804195804196,-0.6223776223776224,0.35664335664335667,-0.7412587412587412,0.04195804195804196,-0.8041958041958042,0.25874125874125875,-0.7062937062937062,0.26573426573426573,-0.6223776223776224,0.2097902097902098,-0.7062937062937062,-0.08391608391608392,-0.7692307692307693,0.1048951048951049,-0.6783216783216783,0.13286713286713286,-0.6013986013986014,0.09090909090909091
1,0.0,0.0,-0.12121212121212122,0.3712121212121212,-0.3106060606060606,0.6287878787878788,-0.36363636363636365,0.8333333333333334,-0.3106060606060606,1.0,-0.7651515151515151,0.44696969696969696,-0.9090909090909091,0.6742424242424242,-0.7575757575757576,0.6439393939393939,-0.6439393939393939,0.5681818181818182,-0.8409090909090909,0.24242424242424243,-0.9393939393939394,0.4696969696969697,-0.8106060606060606,0.4772727272727273,-0.7045454545454546,0.42424242424242425,-0.8333333333333334,0.06060606060606061,-0.9166666666666666,0.2803030303030303,-0.8106060606060606,0.3106060606060606,-0.7121212121212122,0.26515151515151514,-0.7878787878787878,-0.07575757575757576,-0.8787878787878788,0.12121212121212122,-0.7803030303030303,0.1590909090909091,-0.696969696969697,0.12878787878787878
1,0.0,0.0,-0.12142857142857143,0.3357142857142857,-0.2785714285714286,0.5928571428571429,-0.2785714285714286,0.8214285714285714,-0.15714285714285714,1.0,-0.7071428571428572,0.38571428571428573,-0.8357142857142857,0.6357142857142857,-0.6928571428571428,0.6071428571428571,-0.5928571428571429,0.5285714285714286,-0.7785714285714286,0.2,-0.8714285714285714,0.44285714285714284,-0.75,0.45,-0.6571428571428571,0.39285714285714285,-0.7714285714285715,0.04285714285714286,-0.85,0.2642857142857143,-0.75,0.3,-0.6642857142857143,0.25,-0.7357142857142858,-0.07857142857142857,-0.8214285714285714,0.12142857142857143,-0.7285714285714285,0.16428571428571428,-0.6428571428571429,0.1357142857142857
1,0.0,0.0,-0.09859154929577464,0.3380281690140845,-0.24647887323943662,0.5845070422535211,-0.24647887323943662,0.8169014084507042,-0.14788732394366197,1.0,-0.6549295774647887,0.4507042253521127,-0.8169014084507042,0.6338028169014085,-0.6830985915492958,0.5985915492957746,-0.5845070422535211,0.5352112676056338,-0.7394366197183099,0.2676056338028169,-0.8450704225352113,0.4507042253521127,-0.7183098591549296,0.4507042253521127,-0.6197183098591549,0.4014084507042254,-0.7535211267605634,0.08450704225352113,-0.8169014084507042,0.2676056338028169,-0.704225352112676,0.28169014084507044,-0.6056338028169014,0.2323943661971831,-0.7323943661971831,-0.056338028169014086,-0.795774647887324,0.1056338028169014,-0.6971830985915493,0.13380281690140844,-0.6126760563380281,0.09154929577464789
1,0.0,0.0,-0.10218978102189781,0.3284671532846715,-0.24817518248175183,0.583941605839416,-0.25547445255474455,0.8248175182481752,-0.145985401459854,1.0,-0.656934306569343,0.41605839416058393,-0.8175182481751825,0.6423357664233577,-0.6861313868613139,0.6058394160583942,-0.583941605839416,0.5328467153284672,-0.7372262773722628,0.22627737226277372,-0.8540145985401459,0.44525547445255476,-0.7299270072992701,0.45255474452554745,-0.6423357664233577,0.39416058394160586,-0.7518248175182481,0.058394160583941604,-0.8321167883211679,0.27007299270072993,-0.7299270072992701,0.2846715328467153,-0.6423357664233577,0.22627737226277372,-0.7372262773722628,-0.08029197080291971,-0.8102189781021898,0.10218978102189781,-0.7153284671532847,0.13138686131386862,-0.635036496350365,0.08759124087591241
1,0.0,0.0,-0.13114754098360656,0.39344262295081966,-0.3524590163934426,0.6557377049180327,-0.5081967213114754,0.8278688524590164,-0.5737704918032787,0.9426229508196722,-0.8114754098360656,0.4344262295081967,-0.9590163934426229,0.7131147540983607,-0.7950819672131147,0.6967213114754098,-0.680327868852459,0.6147540983606558,-0.8934426229508197,0.22950819672131148,-1.0,0.5245901639344263,-0.8360655737704918,0.5573770491803278,-0.7213114754098361,0.48360655737704916,-0.8934426229508197,0.04918032786885246,-0.9836065573770492,0.3360655737704918,-0.8442622950819673,0.38524590163934425,-0.7131147540983607,0.32786885245901637,-0.8524590163934426,-0.08196721311475409,-0.9426229508196722,0.14754098360655737,-0.8278688524590164,0.20491803278688525,-0.7131147540983607,0.1557377049180328
1,0.0,0.0,-0.10071942446043165,0.3237410071942446,-0.2517985611510791,0.5971223021582733,-0.2733812949640288,0.8273381294964028,-0.22302158273381295,1.0,-0.7266187050359713,0.4172661870503597,-0.7841726618705036,0.60431654676259,-0.6618705035971223,0.5755395683453237,-0.5899280575539568,0.49640287769784175,-0.7913669064748201,0.2446043165467626,-0.7985611510791367,0.41007194244604317,-0.6906474820143885,0.4172661870503597,-0.6115107913669064,0.3597122302158273,-0.7841726618705036,0.08633093525179857,-0.7985611510791367,0.2446043165467626,-0.697841726618705,0.26618705035971224,-0.6115107913669064,0.2158273381294964,-0.7482014388489209,-0.04316546762589928,-0.7769784172661871,0.09352517985611511,-0.6762589928057554,0.11510791366906475,-0.5971223021582733,0.08633093525179857
1,0.0,0.0,-0.20833333333333334,0.3020833333333333,-0.3645833333333333,0.53125,-0.40625,0.7708333333333334,-0.3854166666666667,1.0,-0.8229166666666666,0.11458333333333333,-0.84375,0.23958333333333334,-0.6770833333333334,0.23958333333333334,-0.5833333333333334,0.19791666666666666,-0.75,-0.125,-0.78125,0.020833333333333332,-0.6666666666666666,0.0625,-0.5625,0.020833333333333332,-0.59375,-0.3020833333333333,-0.6458333333333334,-0.15625,-0.5520833333333334,-0.10416666666666667,-0.4479166666666667,-0.125,-0.4375,-0.40625,-0.46875,-0.3020833333333333,-0.3958333333333333,-0.23958333333333334,-0.3229166666666667,-0.25
1,0.0,0.0,-0.22972972972972974,0.28378378378378377,-0.35135135135135137,0.4864864864864865,-0.3783783783783784,0.7567567567567568,-0.33783783783783783,1.0,-0.9054054054054054,0.013513513513513514,-0.7432432432432432,-0.04054054054054054,-0.6081081081081081,-0.013513513513513514,-0.5405405405405406,0.05405405405405406,-0.8378378378378378,-0.24324324324324326,-0.6891891891891891,-0.24324324324324326,-0.5675675675675675,-0.1891891891891892,-0.5,-0.14864864864864866,-0.6621621621621622,-0.44594594594594594,-0.5405405405405406,-0.40540540540540543,-0.44594594594594594,-0.33783783783783783,-0.3783783783783784,-0.28378378378378377,-0.5,-0.5675675675675675,-0.40540540540540543,-0.5540540540540541,-0.32432432432432434,-0.5,-0.2702702702702703,-0.43243243243243246
1,0.0,0.0,-0.14285714285714285,0.2987012987012987,-0.24675324675324675,0.5194805194805194,-0.24675324675324675,0.7662337662337663,-0.2077922077922078,1.0,-0.7792207792207793,0.09090909090909091,-0.6493506493506493,0.05194805194805195,-0.5324675324675324,0.07792207792207792,-0.4675324675324675,0.11688311688311688,-0.7272727272727273,-0.16883116883116883,-0.6103896103896104,-0.14285714285714285,-0.5064935064935064,-0.09090909090909091,-0.42857142857142855,-0.06493506493506493,-0.5844155844155844,-0.35064935064935066,-0.4805194805194805,-0.2857142857142857,-0.4025974025974026,-0.23376623376623376,-0.3246753246753247,-0.2077922077922078,-0.42857142857142855,-0.4935064935064935,-0.36363636363636365,-0.44155844155844154,-0.2857142857142857,-0.4025974025974026,-0.22077922077922077,-0.36363636363636365
1,0.0,0.0,-0.19230769230769232,0.2948717948717949,-0.3333333333333333,0.5128205128205128,-0.3717948717948718,0.7692307692307693,-0.34615384615384615,1.0,-0.7948717948717948,0.0641025641025641,-0.7051282051282052,0.1282051282051282,-0.5897435897435898,0.15384615384615385,-0.5128205128205128,0.16666666666666666,-0.717948717948718,-0.1794871794871795,-0.6538461538461539,-0.0641025641025641,-0.5512820512820513,-0.02564102564102564,-0.46153846153846156,-0.02564102564102564,-0.5512820512820513,-0.34615384615384615,-0.5128205128205128,-0.21794871794871795,-0.4358974358974359,-0.1794871794871795,-0.358974358974359,-0.16666666666666666,-0.3974358974358974,-0.44871794871794873,-0.38461538461538464,-0.3717948717948718,-0.32051282051282054,-0.32051282051282054,-0.23076923076923078,-0.2948717948717949
1,0.0,0.0,-0.23076923076923078,0.3230769230769231,-0.46153846153846156,0.5692307692307692,-0.6153846153846154,0.8,-0.7538461538461538,1.0,-0.8,0.0,-0.7846153846153846,0.27692307692307694,-0.6461538461538462,0.36923076923076925,-0.5230769230769231,0.36923076923076925,-0.7076923076923077,-0.18461538461538463,-0.6923076923076923,0.1076923076923077,-0.6,0.2153846153846154,-0.47692307692307695,0.23076923076923078,-0.5538461538461539,-0.27692307692307694,-0.5538461538461539,-0.03076923076923077,-0.47692307692307695,0.06153846153846154,-0.36923076923076925,0.09230769230769231,-0.4153846153846154,-0.3230769230769231,-0.4461538461538462,-0.15384615384615385,-0.36923076923076925,-0.07692307692307693,-0.27692307692307694,-0.046153846153846156
1,0.0,0.0,-0.24242424242424243,0.3333333333333333,-0.5,0.5606060606060606,-0.6666666666666666,0.7878787878787878,-0.7878787878787878,1.0,-0.8484848484848485,0.0,-0.7878787878787878,0.30303030303030304,-0.6515151515151515,0.3939393939393939,-0.5606060606060606,0.3939393939393939,-0.7424242424242424,-0.19696969696969696,-0.696969696969697,0.12121212121212122,-0.6060606060606061,0.22727272727272727,-0.5,0.25757575757575757,-0.5757575757575758,-0.2878787878787879,-0.5454545454545454,-0.015151515151515152,-0.4696969696969697,0.07575757575757576,-0.3787878787878788,0.12121212121212122,-0.4090909090909091,-0.30303030303030304,-0.4090909090909091,-0.13636363636363635,-0.3333333333333333,-0.06060606060606061,-0.25757575757575757,-0.015151515151515152
1,0.0,0.0,-0.22727272727272727,0.30303030303030304,-0.45454545454545453,0.5454545454545454,-0.6060606060606061,0.7878787878787878,-0.7121212121212122,1.0,-0.7878787878787878,0.015151515151515152,-0.7121212121212122,0.2727272727272727,-0.5909090909090909,0.3333333333333333,-0.48484848484848486,0.3333333333333333,-0.696969696969697,-0.19696969696969696,-0.6515151515151515,0.09090909090909091,-0.5606060606060606,0.16666666666666666,-0.45454545454545453,0.16666666666666666,-0.5303030303030303,-0.30303030303030304,-0.48484848484848486,-0.07575757575757576,-0.42424242424242425,0.0,-0.3333333333333333,0.0,-0.3787878787878788,-0.3333333333333333,-0.3484848484848485,-0.19696969696969696,-0.2727272727272727,-0.13636363636363635,-0.19696969696969696,-0.12121212121212122
1,0.0,0.0,-0.17105263157894737,0.3026315789473684,-0.34210526315789475,0.5394736842105263,-0.40789473684210525,0.7763157894736842,-0.4473684210526316,1.0,-0.75,0.14473684210526316,-0.618421052631579,0.2894736842105263,-0.5,0.3157894736842105,-0.4342105263157895,0.3157894736842105,-0.6578947368421053,-0.09210526315789473,-0.5789473684210527,0.06578947368421052,-0.4868421052631579,0.11842105263157894,-0.40789473684210525,0.11842105263157894,-0.4868421052631579,-0.23684210526315788,-0.4342105263157895,-0.11842105263157894,-0.3815789473684211,-0.05263157894736842,-0.3026315789473684,-0.039473684210526314,-0.3026315789473684,-0.32894736842105265,-0.3026315789473684,-0.23684210526315788,-0.2631578947368421,-0.17105263157894737,-0.19736842105263158,-0.15789473684210525
1,0.0,0.0,-0.16883116883116883,0.2987012987012987,-0.3246753246753247,0.5324675324675324,-0.38961038961038963,0.7922077922077922,-0.4155844155844156,1.0,-0.7662337662337663,0.1038961038961039,-0.6623376623376623,0.22077922077922077,-0.5324675324675324,0.2597402597402597,-0.45454545454545453,0.24675324675324675,-0.6753246753246753,-0.12987012987012986,-0.5974025974025974,0.0,-0.5194805194805194,0.05194805194805195,-0.44155844155844154,0.05194805194805195,-0.5064935064935064,-0.2727272727272727,-0.4675324675324675,-0.15584415584415584,-0.4025974025974026,-0.09090909090909091,-0.3246753246753247,-0.09090909090909091,-0.33766233766233766,-0.37662337662337664,-0.3246753246753247,-0.2727272727272727,-0.2727272727272727,-0.22077922077922077,-0.2077922077922078,-0.19480519480519481
1,0.0,0.0,-0.14814814814814814,0.30864197530864196,-0.25925925925925924,0.5432098765432098,-0.24691358024691357,0.7901234567901234,-0.18518518518518517,1.0,-0.7407407407407407,0.16049382716049382,-0.6666666666666666,0.19753086419753085,-0.5679012345679012,0.19753086419753085,-0.49382716049382713,0.20987654320987653,-0.7160493827160493,-0.06172839506172839,-0.6296296296296297,0.012345679012345678,-0.5308641975308642,0.04938271604938271,-0.4567901234567901,0.037037037037037035,-0.5925925925925926,-0.24691358024691357,-0.5061728395061729,-0.13580246913580246,-0.41975308641975306,-0.09876543209876543,-0.35802469135802467,-0.09876543209876543,-0.4691358024691358,-0.37037037037037035,-0.41975308641975306,-0.30864197530864196,-0.345679012345679,-0.2716049382716049,-0.2716049382716049,-0.25925925925925924
1,0.0,0.0,-0.1518987341772152,0.3037974683544304,-0.25316455696202533,0.5316455696202531,-0.25316455696202533,0.7848101265822784,-0.17721518987341772,1.0,-0.7468354430379747,0.17721518987341772,-0.7088607594936709,0.17721518987341772,-0.5822784810126582,0.17721518987341772,-0.5063291139240507,0.189873417721519,-0.7468354430379747,-0.06329113924050633,-0.6708860759493671,-0.012658227848101266,-0.5822784810126582,0.012658227848101266,-0.5063291139240507,0.0,-0.6329113924050633,-0.25316455696202533,-0.569620253164557,-0.17721518987341772,-0.4810126582278481,-0.13924050632911392,-0.4177215189873418,-0.12658227848101267,-0.5063291139240507,-0.3924050632911392,-0.4810126582278481,-0.35443037974683544,-0.3924050632911392,-0.31645569620253167,-0.31645569620253167,-0.2911392405063291
1,0.0,0.0,-0.12987012987012986,0.2987012987012987,-0.23376623376623376,0.5324675324675324,-0.2077922077922078,0.7792207792207793,-0.11688311688311688,1.0,-0.7532467532467533,0.19480519480519481,-0.6623376623376623,0.14285714285714285,-0.5584415584415584,0.15584415584415584,-0.4935064935064935,0.18181818181818182,-0.7402597402597403,-0.05194805194805195,-0.6233766233766234,-0.05194805194805195,-0.5324675324675324,-0.025974025974025976,-0.4675324675324675,-0.012987012987012988,-0.6233766233766234,-0.24675324675324675,-0.5194805194805194,-0.19480519480519481,-0.42857142857142855,-0.16883116883116883,-0.36363636363636365,-0.14285714285714285,-0.4935064935064935,-0.4025974025974026,-0.42857142857142855,-0.37662337662337664,-0.36363636363636365,-0.33766233766233766,-0.2857142857142857,-0.3246753246753247
1,0.0,0.0,-0.11688311688311688,0.2987012987012987,-0.19480519480519481,0.5324675324675324,-0.15584415584415584,0.7792207792207793,-0.09090909090909091,1.0,-0.7402597402597403,0.18181818181818182,-0.6233766233766234,0.19480519480519481,-0.4935064935064935,0.2077922077922078,-0.4155844155844156,0.2077922077922078,-0.7272727272727273,-0.06493506493506493,-0.6103896103896104,-0.012987012987012988,-0.5064935064935064,0.012987012987012988,-0.44155844155844154,0.0,-0.6103896103896104,-0.2597402597402597,-0.5194805194805194,-0.18181818181818182,-0.42857142857142855,-0.14285714285714285,-0.36363636363636365,-0.14285714285714285,-0.4935064935064935,-0.4025974025974026,-0.44155844155844154,-0.33766233766233766,-0.35064935064935066,-0.2987012987012987,-0.2857142857142857,-0.2987012987012987
1,0.0,0.0,-0.14285714285714285,0.3246753246753247,-0.24675324675324675,0.5454545454545454,-0.23376623376623376,0.7792207792207793,-0.16883116883116883,1.0,-0.7662337662337663,0.18181818181818182,-0.7402597402597403,0.2077922077922078,-0.6233766233766234,0.2077922077922078,-0.5454545454545454,0.2077922077922078,-0.7662337662337663,-0.05194805194805195,-0.7142857142857143,-0.012987012987012988,-0.6103896103896104,0.012987012987012988,-0.5324675324675324,0.012987012987012988,-0.6623376623376623,-0.24675324675324675,-0.5974025974025974,-0.18181818181818182,-0.5194805194805194,-0.14285714285714285,-0.44155844155844154,-0.14285714285714285,-0.5454545454545454,-0.38961038961038963,-0.5064935064935064,-0.35064935064935066,-0.42857142857142855,-0.3246753246753247,-0.35064935064935066,-0.3116883116883117
1,0.0,0.0,-0.13333333333333333,0.29333333333333333,-0.26666666666666666,0.5466666666666666,-0.28,0.7866666666666666,-0.26666666666666666,1.0,-0.7866666666666666,0.06666666666666667,-0.68,0.13333333333333333,-0.5333333333333333,0.16,-0.44,0.16,-0.72,-0.17333333333333334,-0.6533333333333333,-0.08,-0.5333333333333333,-0.02666666666666667,-0.41333333333333333,-0.02666666666666667,-0.5733333333333334,-0.3333333333333333,-0.52,-0.25333333333333335,-0.44,-0.2,-0.36,-0.2,-0.4266666666666667,-0.44,-0.4,-0.4,-0.3333333333333333,-0.3466666666666667,-0.24,-0.3466666666666667
1,0.0,0.0,-0.20270270270270271,0.28378378378378377,-0.35135135135135137,0.5,-0.3783783783783784,0.7567567567567568,-0.32432432432432434,1.0,-0.8243243243243243,0.013513513513513514,-0.7027027027027027,0.02702702702702703,-0.581081081081081,0.05405405405405406,-0.5135135135135135,0.08108108108108109,-0.7567567567567568,-0.22972972972972974,-0.6621621621621622,-0.16216216216216217,-0.5540540540540541,-0.10810810810810811,-0.47297297297297297,-0.10810810810810811,-0.5945945945945946,-0.40540540540540543,-0.527027027027027,-0.3108108108108108,-0.44594594594594594,-0.25675675675675674,-0.36486486486486486,-0.24324324324324326,-0.43243243243243246,-0.527027027027027,-0.40540540540540543,-0.47297297297297297,-0.32432432432432434,-0.4189189189189189,-0.24324324324324326,-0.3918918918918919
1,0.0,0.0,-0.1891891891891892,0.2972972972972973,-0.32432432432432434,0.5135135135135135,-0.36486486486486486,0.7567567567567568,-0.33783783783783783,1.0,-0.7972972972972973,0.02702702702702703,-0.7027027027027027,0.013513513513513514,-0.5675675675675675,0.04054054054054054,-0.5135135135135135,0.06756756756756757,-0.7432432432432432,-0.22972972972972974,-0.6351351351351351,-0.1891891891891892,-0.5135135135135135,-0.13513513513513514,-0.44594594594594594,-0.12162162162162163,-0.5945945945945946,-0.40540540540540543,-0.4864864864864865,-0.32432432432432434,-0.3918918918918919,-0.2702702702702703,-0.33783783783783783,-0.22972972972972974,-0.44594594594594594,-0.5405405405405406,-0.3783783783783784,-0.5,-0.2972972972972973,-0.4594594594594595,-0.22972972972972974,-0.4189189189189189
1,0.0,0.0,-0.2191780821917808,0.3150684931506849,-0.3561643835616438,0.5342465753424658,-0.410958904109589,0.7808219178082192,-0.3972602739726027,1.0,-0.7945205479452054,-0.0136986301369863,-0.7397260273972602,0.0821917808219178,-0.6027397260273972,0.1095890410958904,-0.5205479452054794,0.1232876712328767,-0.726027397260274,-0.2465753424657534,-0.6712328767123288,-0.1232876712328767,-0.5753424657534246,-0.0684931506849315,-0.4931506849315068,-0.0684931506849315,-0.547945205479452,-0.410958904109589,-0.5068493150684932,-0.273972602739726,-0.4383561643835616,-0.2191780821917808,-0.3561643835616438,-0.2054794520547945,-0.3835616438356164,-0.5205479452054794,-0.3835616438356164,-0.4383561643835616,-0.3150684931506849,-0.3835616438356164,-0.2328767123287671,-0.3698630136986301
1,0.0,0.0,-0.21333333333333335,0.32,-0.3333333333333333,0.5333333333333333,-0.38666666666666666,0.7866666666666666,-0.38666666666666666,1.0,-0.76,-0.02666666666666667,-0.7333333333333333,0.09333333333333334,-0.5866666666666667,0.14666666666666667,-0.5066666666666667,0.13333333333333333,-0.68,-0.26666666666666666,-0.6666666666666666,-0.09333333333333334,-0.5733333333333334,-0.02666666666666667,-0.48,-0.05333333333333334,-0.5066666666666667,-0.4,-0.5066666666666667,-0.24,-0.44,-0.17333333333333334,-0.36,-0.17333333333333334,-0.3466666666666667,-0.49333333333333335,-0.38666666666666666,-0.4,-0.32,-0.3466666666666667,-0.21333333333333335,-0.3333333333333333
1,0.0,0.0,-0.20270270270270271,0.32432432432432434,-0.33783783783783783,0.5405405405405406,-0.3918918918918919,0.7837837837837838,-0.3783783783783784,1.0,-0.7702702702702703,0.0,-0.7162162162162162,0.05405405405405406,-0.581081081081081,0.0945945945945946,-0.5135135135135135,0.10810810810810811,-0.7027027027027027,-0.24324324324324326,-0.6486486486486487,-0.14864864864864866,-0.5540540540540541,-0.0945945945945946,-0.47297297297297297,-0.10810810810810811,-0.5405405405405406,-0.40540540540540543,-0.4864864864864865,-0.2702702702702703,-0.43243243243243246,-0.22972972972972974,-0.35135135135135137,-0.21621621621621623,-0.3783783783783784,-0.5135135135135135,-0.36486486486486486,-0.43243243243243246,-0.2972972972972973,-0.3783783783783784,-0.21621621621621623,-0.35135135135135137
2,0.0,0.0,-0.21367521367521367,0.04700854700854701,-0.452991452991453,0.042735042735042736,-0.6282051282051282,0.05555555555555555,-0.782051282051282,0.07692307692307693,-0.5427350427350427,-0.3034188034188034,-0.7521367521367521,-0.4358974358974359,-0.8846153846153846,-0.5128205128205128,-1.0,-0.5854700854700855,-0.4444444444444444,-0.405982905982906,-0.6410256410256411,-0.6025641025641025,-0.7606837606837606,-0.7435897435897436,-0.8675213675213675,-0.8589743589743589,-0.31196581196581197,-0.452991452991453,-0.452991452991453,-0.6623931623931624,-0.5384615384615384,-0.8034188034188035,-0.6239316239316239,-0.9273504273504274,-0.1581196581196581,-0.45726495726495725,-0.19658119658119658,-0.6239316239316239,-0.23504273504273504,-0.7350427350427351,-0.28205128205128205,-0.8333333333333334
2,0.0,0.0,-0.2052401746724891,0.043668122270742356,-0.4410480349344978,0.043668122270742356,-0.6157205240174672,0.0611353711790393,-0.7641921397379913,0.07423580786026202,-0.537117903930131,-0.2925764192139738,-0.7510917030567685,-0.40611353711790393,-0.8820960698689956,-0.4759825327510917,-1.0,-0.5414847161572053,-0.4497816593886463,-0.39737991266375544,-0.6419213973799127,-0.5807860262008734,-0.7685589519650655,-0.7074235807860262,-0.8777292576419214,-0.8122270742358079,-0.3231441048034934,-0.44541484716157204,-0.4585152838427948,-0.6375545851528385,-0.5545851528384279,-0.7641921397379913,-0.6506550218340611,-0.868995633187773,-0.17903930131004367,-0.45414847161572053,-0.22270742358078602,-0.6157205240174672,-0.27074235807860264,-0.7205240174672489,-0.3318777292576419,-0.8122270742358079
2,0.0,0.0,-0.17110266159695817,0.09125475285171103,-0.3612167300380228,0.13688212927756654,-0.5019011406844106,0.18631178707224336,-0.6197718631178707,0.24334600760456274,-0.5475285171102662,-0.09885931558935361,-0.752851711026616,-0.12927756653992395,-0.8821292775665399,-0.13688212927756654,-1.0,-0.1444866920152091,-0.5133079847908745,-0.20152091254752852,-0.7300380228136882,-0.2965779467680608,-0.870722433460076,-0.35361216730038025,-1.0,-0.40304182509505704,-0.43346007604562736,-0.26996197718631176,-0.6083650190114068,-0.3916349809885932,-0.7376425855513308,-0.45627376425855515,-0.8593155893536122,-0.5019011406844106,-0.3231939163498099,-0.3193916349809886,-0.4372623574144487,-0.4372623574144487,-0.5285171102661597,-0.4828897338403042,-0.6273764258555133,-0.49809885931558934
2,0.0,0.0,-0.1371841155234657,0.11913357400722022,-0.2924187725631769,0.22021660649819494,-0.4007220216606498,0.3140794223826715,-0.48736462093862815,0.3935018050541516,-0.5342960288808665,0.02527075812274368,-0.7292418772563177,0.05054151624548736,-0.8483754512635379,0.07220216606498195,-0.9566787003610109,0.08303249097472924,-0.5270758122743683,-0.08303249097472924,-0.7436823104693141,-0.11191335740072202,-0.8844765342960289,-0.1407942238267148,-1.0,-0.1588447653429603,-0.47653429602888087,-0.17689530685920576,-0.6678700361010831,-0.22743682310469315,-0.7870036101083032,-0.2563176895306859,-0.8989169675090253,-0.27075812274368233,-0.3862815884476534,-0.2527075812274368,-0.516245487364621,-0.3176895306859206,-0.6028880866425993,-0.34657039711191334,-0.6895306859205776,-0.35379061371841153
2,0.0,0.0,-0.07251908396946564,0.1717557251908397,-0.16412213740458015,0.3320610687022901,-0.2099236641221374,0.4618320610687023,-0.24045801526717558,0.5725190839694656,-0.5076335877862596,0.2480916030534351,-0.6793893129770993,0.3435114503816794,-0.7786259541984732,0.40076335877862596,-0.8702290076335878,0.44274809160305345,-0.5534351145038168,0.14122137404580154,-0.767175572519084,0.1946564885496183,-0.8931297709923665,0.22519083969465647,-1.0,0.2480916030534351,-0.549618320610687,0.030534351145038167,-0.7404580152671756,0.0648854961832061,-0.8625954198473282,0.08778625954198473,-0.9656488549618321,0.1183206106870229,-0.5114503816793893,-0.08778625954198473,-0.6641221374045801,-0.09923664122137404,-0.7595419847328244,-0.09541984732824428,-0.8473282442748091,-0.07251908396946564
2,0.0,0.0,-0.06923076923076923,0.18461538461538463,-0.16923076923076924,0.33076923076923076,-0.2076923076923077,0.4461538461538462,-0.23461538461538461,0.55,-0.5,0.23076923076923078,-0.6692307692307692,0.3076923076923077,-0.7653846153846153,0.35384615384615387,-0.8538461538461538,0.38846153846153847,-0.5423076923076923,0.12692307692307692,-0.7576923076923077,0.16538461538461538,-0.8923076923076924,0.18461538461538463,-1.0,0.2,-0.5423076923076923,0.019230769230769232,-0.7384615384615385,0.03461538461538462,-0.8538461538461538,0.046153846153846156,-0.9576923076923077,0.06923076923076923,-0.5038461538461538,-0.08846153846153847,-0.6538461538461539,-0.12307692307692308,-0.75,-0.13076923076923078,-0.8384615384615385,-0.12692307692307692
2,0.0,0.0,-0.07006369426751592,-0.17197452229299362,-0.19745222929936307,-0.2611464968152866,-0.3375796178343949,-0.2802547770700637,-0.43312101910828027,-0.24203821656050956,-0.37579617834394907,-0.20382165605095542,-0.5923566878980892,-0.25477707006369427,-0.7452229299363057,-0.2802547770700637,-0.8789808917197452,-0.3057324840764331,-0.40764331210191085,-0.07006369426751592,-0.6560509554140127,-0.08280254777070063,-0.8407643312101911,-0.10191082802547771,-1.0,-0.12101910828025478,-0.4012738853503185,0.044585987261146494,-0.6242038216560509,0.050955414012738856,-0.7770700636942676,0.03821656050955414,-0.9044585987261147,0.01910828025477707,-0.36942675159235666,0.1337579617834395,-0.5477707006369427,0.1337579617834395,-0.6687898089171974,0.12738853503184713,-0.7707006369426752,0.12101910828025478
2,0.0,0.0,-0.12457912457912458,0.06397306397306397,-0.26936026936026936,0.08417508417508418,-0.35353535353535354,0.10101010101010101,-0.42424242424242425,0.13131313131313133,-0.47474747474747475,0.050505050505050504,-0.6835016835016835,0.03367003367003367,-0.8047138047138047,0.02356902356902357,-0.9057239057239057,0.020202020202020204,-0.4781144781144781,0.02356902356902357,-0.7272727272727273,-0.016835016835016835,-0.8787878787878788,-0.04040404040404041,-1.0,-0.06060606060606061,-0.4478114478114478,-0.003367003367003367,-0.6767676767676768,-0.08080808080808081,-0.8114478114478114,-0.12121212121212122,-0.9225589225589226,-0.15151515151515152,-0.39057239057239057,-0.030303030303030304,-0.5218855218855218,-0.08754208754208755,-0.6094276094276094,-0.11447811447811448,-0.6902356902356902,-0.13131313131313133
2,0.0,0.0,-0.11564625850340136,-0.08163265306122448,-0.24149659863945577,-0.11564625850340136,-0.3299319727891156,-0.14965986394557823,-0.391156462585034,-0.20408163265306123,-0.47278911564625853,-0.08503401360544217,-0.6700680272108843,-0.12244897959183673,-0.7925170068027211,-0.13945578231292516,-0.891156462585034,-0.14625850340136054,-0.48299319727891155,-0.04421768707482993,-0.7244897959183674,-0.06802721088435375,-0.8741496598639455,-0.07482993197278912,-1.0,-0.08163265306122448,-0.46598639455782315,0.023809523809523808,-0.6904761904761905,-0.027210884353741496,-0.826530612244898,-0.05782312925170068,-0.935374149659864,-0.08163265306122448,-0.42517006802721086,0.11564625850340136,-0.564625850340136,0.09863945578231292,-0.6530612244897959,0.1054421768707483,-0.7380952380952381,0.11904761904761904
2,0.0,0.0,-0.1048951048951049,-0.14335664335664336,-0.24825174825174826,-0.23776223776223776,-0.33916083916083917,-0.3356643356643357,-0.3741258741258741,-0.4405594405594406,-0.48951048951048953,-0.09090909090909091,-0.6993006993006993,-0.10839160839160839,-0.8321678321678322,-0.11188811188811189,-0.9335664335664335,-0.11538461538461539,-0.5034965034965035,0.017482517482517484,-0.7412587412587412,0.055944055944055944,-0.8881118881118881,0.08741258741258741,-1.0,0.11538461538461539,-0.46853146853146854,0.12937062937062938,-0.6853146853146853,0.16083916083916083,-0.8216783216783217,0.19230769230769232,-0.9300699300699301,0.21328671328671328,-0.3951048951048951,0.23776223776223776,-0.48951048951048953,0.32867132867132864,-0.5559440559440559,0.3986013986013986,-0.6083916083916084,0.458041958041958
2,0.0,0.0,-0.09556313993174062,-0.19795221843003413,-0.2150170648464164,-0.3447098976109215,-0.2901023890784983,-0.47440273037542663,-0.32081911262798635,-0.5836177474402731,-0.4812286689419795,-0.20136518771331058,-0.6962457337883959,-0.24914675767918087,-0.8293515358361775,-0.26621160409556316,-0.9351535836177475,-0.27303754266211605,-0.5017064846416383,-0.06484641638225255,-0.7440273037542662,-0.030716723549488054,-0.8907849829351536,0.0,-1.0,0.030716723549488054,-0.4709897610921502,0.06484641638225255,-0.6928327645051194,0.13651877133105803,-0.825938566552901,0.18771331058020477,-0.9351535836177475,0.23208191126279865,-0.40955631399317405,0.16723549488054607,-0.5255972696245734,0.2832764505119454,-0.6006825938566553,0.3651877133105802,-0.6655290102389079,0.4334470989761092
2,0.0,0.0,0.08614232209737828,-0.20973782771535582,0.1348314606741573,-0.41198501872659177,0.19101123595505617,-0.5955056179775281,0.27340823970037453,-0.7116104868913857,-0.21722846441947566,-0.5056179775280899,-0.3408239700374532,-0.7565543071161048,-0.4232209737827715,-0.8951310861423221,-0.49812734082397003,-1.0,-0.35580524344569286,-0.42696629213483145,-0.5543071161048689,-0.651685393258427,-0.6741573033707865,-0.7827715355805244,-0.7677902621722846,-0.8651685393258427,-0.4307116104868914,-0.3258426966292135,-0.6441947565543071,-0.4756554307116105,-0.7790262172284644,-0.5655430711610487,-0.8838951310861424,-0.6292134831460674,-0.45318352059925093,-0.23220973782771537,-0.6217228464419475,-0.2846441947565543,-0.7265917602996255,-0.30711610486891383,-0.8127340823970037,-0.3295880149812734
2,0.0,0.0,0.13758389261744966,-0.14429530201342283,0.2483221476510067,-0.28859060402684567,0.3624161073825503,-0.40939597315436244,0.48322147651006714,-0.47315436241610737,-0.010067114093959731,-0.4664429530201342,0.0,-0.714765100671141,-0.006711409395973154,-0.87248322147651,-0.02348993288590604,-1.0,-0.15100671140939598,-0.4563758389261745,-0.20469798657718122,-0.714765100671141,-0.2483221476510067,-0.8691275167785235,-0.28859060402684567,-0.9832214765100671,-0.25838926174496646,-0.40604026845637586,-0.34563758389261745,-0.62751677852349,-0.3959731543624161,-0.761744966442953,-0.43288590604026844,-0.8624161073825504,-0.3288590604026846,-0.33221476510067116,-0.45302013422818793,-0.4429530201342282,-0.5234899328859061,-0.5134228187919463,-0.5671140939597316,-0.5805369127516778
2,0.0,0.0,0.12828947368421054,-0.13486842105263158,0.23355263157894737,-0.27631578947368424,0.33223684210526316,-0.3980263157894737,0.4309210526315789,-0.47368421052631576,0.11513157894736842,-0.40460526315789475,0.18421052631578946,-0.6480263157894737,0.22039473684210525,-0.805921052631579,0.25,-0.9276315789473685,0.01644736842105263,-0.3980263157894737,0.023026315789473683,-0.680921052631579,0.01644736842105263,-0.8618421052631579,0.006578947368421052,-1.0,-0.08552631578947369,-0.3651315789473684,-0.10197368421052631,-0.6217105263157895,-0.11842105263157894,-0.7796052631578947,-0.125,-0.9013157894736842,-0.19407894736842105,-0.3092105263157895,-0.2532894736842105,-0.46381578947368424,-0.29276315789473684,-0.5592105263157895,-0.32894736842105265,-0.6480263157894737
2,0.0,0.0,-0.0330188679245283,-0.1509433962264151,0.009433962264150943,-0.3018867924528302,0.09905660377358491,-0.4056603773584906,0.16981132075471697,-0.49056603773584906,-0.014150943396226415,-0.44339622641509435,0.02830188679245283,-0.6650943396226415,0.05660377358490566,-0.7924528301886793,0.07547169811320754,-0.9056603773584906,0.05188679245283019,-0.419811320754717,0.11320754716981132,-0.6792452830188679,0.1650943396226415,-0.8490566037735849,0.21226415094339623,-1.0,0.1179245283018868,-0.3443396226415094,0.22169811320754718,-0.5330188679245284,0.3018867924528302,-0.6745283018867925,0.3584905660377358,-0.8018867924528302,0.18396226415094338,-0.2358490566037736,0.24528301886792453,-0.3160377358490566,0.2688679245283019,-0.37264150943396224,0.29245283018867924,-0.4339622641509434
2,0.0,0.0,-0.12052117263843648,-0.1270358306188925,-0.1237785016286645,-0.2768729641693811,-0.12052117263843648,-0.36482084690553745,-0.1465798045602606,-0.4364820846905538,-0.029315960912052116,-0.5179153094462541,0.009771986970684038,-0.7003257328990228,0.026058631921824105,-0.8241042345276873,0.04234527687296417,-0.9250814332247557,0.016286644951140065,-0.50814332247557,0.0749185667752443,-0.7231270358306189,0.11074918566775244,-0.8762214983713354,0.1498371335504886,-1.0,0.04234527687296417,-0.4495114006514658,0.15309446254071662,-0.6286644951140065,0.2182410423452769,-0.752442996742671,0.2703583061889251,-0.8664495114006515,0.048859934853420196,-0.3550488599348534,0.14332247557003258,-0.4364820846905538,0.18241042345276873,-0.5211726384364821,0.21172638436482086,-0.6058631921824105
2,0.0,0.0,-0.07894736842105263,-0.12280701754385964,-0.09649122807017543,-0.2324561403508772,-0.10087719298245613,-0.30701754385964913,-0.09210526315789473,-0.36403508771929827,-0.021929824561403508,-0.40789473684210525,0.017543859649122806,-0.6491228070175439,0.039473684210526314,-0.7982456140350878,0.05263157894736842,-0.9254385964912281,0.06140350877192982,-0.37280701754385964,0.13596491228070176,-0.6535087719298246,0.17982456140350878,-0.8421052631578947,0.2149122807017544,-1.0,0.14473684210526316,-0.2894736842105263,0.27631578947368424,-0.5263157894736842,0.35526315789473684,-0.6885964912280702,0.40789473684210525,-0.8289473684210527,0.21929824561403508,-0.17105263157894737,0.3333333333333333,-0.2894736842105263,0.39035087719298245,-0.38596491228070173,0.4342105263157895,-0.4868421052631579
2,0.0,0.0,-0.11875,-0.121875,-0.15625,-0.275,-0.184375,-0.365625,-0.23125,-0.43125,-0.053125,-0.525,-0.028125,-0.70625,-0.01875,-0.825,-0.009375,-0.925,0.003125,-0.51875,0.05,-0.73125,0.078125,-0.875,0.103125,-1.0,0.046875,-0.465625,0.15,-0.646875,0.20625,-0.76875,0.25,-0.878125,0.075,-0.36875,0.175,-0.465625,0.228125,-0.546875,0.278125,-0.628125
2,0.0,0.0,-0.17891373801916932,-0.07348242811501597,-0.34824281150159747,-0.1757188498402556,-0.49201277955271566,-0.24281150159744408,-0.6134185303514377,-0.28753993610223644,-0.22044728434504793,-0.476038338658147,-0.3003194888178914,-0.6645367412140575,-0.34824281150159747,-0.7827476038338658,-0.38338658146964855,-0.8849840255591054,-0.09904153354632587,-0.5079872204472844,-0.11501597444089456,-0.731629392971246,-0.1182108626198083,-0.8785942492012779,-0.12140575079872204,-1.0,0.019169329073482427,-0.48242811501597443,0.054313099041533544,-0.6741214057507987,0.07667731629392971,-0.7987220447284346,0.08945686900958466,-0.9073482428115016,0.12460063897763578,-0.41533546325878595,0.20447284345047922,-0.536741214057508,0.25559105431309903,-0.6230031948881789,0.2939297124600639,-0.7060702875399361
2,0.0,0.0,-0.18466898954703834,-0.05226480836236934,-0.3588850174216028,-0.1289198606271777,-0.4912891986062718,-0.1916376306620209,-0.5923344947735192,-0.2613240418118467,-0.30313588850174217,-0.445993031358885,-0.42857142857142855,-0.6132404181184669,-0.5087108013937283,-0.7177700348432056,-0.5818815331010453,-0.8153310104529616,-0.18118466898954705,-0.5017421602787456,-0.24738675958188153,-0.7282229965156795,-0.2857142857142857,-0.8780487804878049,-0.3240418118466899,-1.0,-0.05226480836236934,-0.49825783972125437,-0.05226480836236934,-0.7038327526132404,-0.059233449477351915,-0.8397212543554007,-0.08362369337979095,-0.9512195121951219,0.07665505226480836,-0.4425087108013937,0.13588850174216027,-0.5958188153310104,0.1602787456445993,-0.6933797909407665,0.1602787456445993,-0.7770034843205574
2,0.0,0.0,-0.3680555555555556,-0.09722222222222222,-0.6458333333333334,-0.3958333333333333,-0.7152777777777778,-0.6527777777777778,-0.6875,-0.8333333333333334,-0.4861111111111111,-0.9166666666666666,-0.7222222222222222,-1.0,-0.7222222222222222,-0.7361111111111112,-0.6458333333333334,-0.5833333333333334,-0.2777777777777778,-0.9513888888888888,-0.5347222222222222,-0.9791666666666666,-0.5208333333333334,-0.6388888888888888,-0.4305555555555556,-0.5347222222222222,-0.0763888888888889,-0.9236111111111112,-0.3333333333333333,-0.8611111111111112,-0.3125,-0.5277777777777778,-0.2222222222222222,-0.4652777777777778,0.1111111111111111,-0.8333333333333334,-0.13194444444444445,-0.7777777777777778,-0.1388888888888889,-0.5625,-0.05555555555555555,-0.5347222222222222
2,0.0,0.0,-0.36054421768707484,-0.14965986394557823,-0.5238095238095238,-0.46938775510204084,-0.5170068027210885,-0.7006802721088435,-0.4897959183673469,-0.8775510204081632,-0.35374149659863946,-0.9387755102040817,-0.6054421768707483,-1.0,-0.673469387755102,-0.7482993197278912,-0.6122448979591837,-0.6190476190476191,-0.1836734693877551,-0.9591836734693877,-0.48299319727891155,-0.9591836734693877,-0.5374149659863946,-0.6462585034013606,-0.4489795918367347,-0.5714285714285714,-0.027210884353741496,-0.9047619047619048,-0.3401360544217687,-0.8435374149659864,-0.3673469387755102,-0.5578231292517006,-0.2653061224489796,-0.5170068027210885,0.10204081632653061,-0.8027210884353742,-0.19047619047619047,-0.7278911564625851,-0.21768707482993196,-0.54421768707483,-0.11564625850340136,-0.5170068027210885
2,0.0,0.0,0.15527950310559005,-0.2608695652173913,0.16149068322981366,-0.5590062111801242,-0.018633540372670808,-0.782608695652174,-0.2111801242236025,-0.8385093167701864,0.13664596273291926,-0.782608695652174,-0.21739130434782608,-1.0,-0.2919254658385093,-0.8695652173913043,-0.2422360248447205,-0.782608695652174,0.024844720496894408,-0.7453416149068323,-0.37888198757763975,-0.9192546583850931,-0.40372670807453415,-0.7701863354037267,-0.32298136645962733,-0.6832298136645962,-0.11180124223602485,-0.6521739130434783,-0.4906832298136646,-0.7577639751552795,-0.4782608695652174,-0.6149068322981367,-0.37888198757763975,-0.546583850931677,-0.2732919254658385,-0.5341614906832298,-0.5590062111801242,-0.5838509316770186,-0.5279503105590062,-0.4658385093167702,-0.42857142857142855,-0.40993788819875776
2,0.0,0.0,0.2647058823529412,-0.2235294117647059,0.3941176470588235,-0.4647058823529412,0.3941176470588235,-0.7058823529411765,0.32941176470588235,-0.8470588235294118,0.3,-0.7294117647058823,0.15294117647058825,-1.0,0.07647058823529412,-0.9352941176470588,0.07058823529411765,-0.8470588235294118,0.07647058823529412,-0.7176470588235294,-0.058823529411764705,-0.9647058823529412,-0.09411764705882353,-0.8588235294117647,-0.06470588235294118,-0.7411764705882353,-0.14705882352941177,-0.6647058823529411,-0.23529411764705882,-0.8176470588235294,-0.22941176470588234,-0.7058823529411765,-0.2,-0.6,-0.34705882352941175,-0.5823529411764706,-0.37058823529411766,-0.6882352941176471,-0.35294117647058826,-0.5764705882352941,-0.3235294117647059,-0.49411764705882355
2,0.0,0.0,0.3103448275862069,-0.21264367816091953,0.4540229885057471,-0.47126436781609193,0.40229885057471265,-0.7241379310344828,0.28735632183908044,-0.8333333333333334,0.25862068965517243,-0.6954022988505747,0.25862068965517243,-1.0,0.27586206896551724,-0.9022988505747126,0.28160919540229884,-0.7816091954022989,0.028735632183908046,-0.7126436781609196,0.08045977011494253,-0.9712643678160919,0.1206896551724138,-0.8793103448275862,0.12643678160919541,-0.7758620689655172,-0.16091954022988506,-0.6839080459770115,-0.07471264367816093,-0.8448275862068966,-0.028735632183908046,-0.764367816091954,-0.040229885057471264,-0.6609195402298851,-0.3160919540229885,-0.6264367816091954,-0.21264367816091953,-0.7413793103448276,-0.1724137931034483,-0.6666666666666666,-0.1724137931034483,-0.5804597701149425
2,0.0,0.0,0.11627906976744186,-0.31976744186046513,0.06976744186046512,-0.6337209302325582,-0.09883720930232558,-0.8372093023255814,-0.27325581395348836,-0.9011627906976745,0.08139534883720931,-0.8430232558139535,-0.31976744186046513,-1.0,-0.36046511627906974,-0.8546511627906976,-0.28488372093023256,-0.7906976744186046,-0.03488372093023256,-0.7616279069767442,-0.45930232558139533,-0.8662790697674418,-0.45930232558139533,-0.7267441860465116,-0.3546511627906977,-0.6744186046511628,-0.18023255813953487,-0.6453488372093024,-0.5523255813953488,-0.6918604651162791,-0.5174418604651163,-0.5581395348837209,-0.4069767441860465,-0.5174418604651163,-0.3313953488372093,-0.5116279069767442,-0.5813953488372093,-0.5174418604651163,-0.5406976744186046,-0.4069767441860465,-0.45348837209302323,-0.36627906976744184
2,0.0,0.0,0.006172839506172839,-0.3271604938271605,-0.11728395061728394,-0.6172839506172839,-0.32098765432098764,-0.7839506172839507,-0.5061728395061729,-0.8024691358024691,-0.06172839506172839,-0.8950617283950617,-0.5246913580246914,-1.0,-0.5432098765432098,-0.8333333333333334,-0.4444444444444444,-0.7839506172839507,-0.11728395061728394,-0.8209876543209876,-0.6172839506172839,-0.8518518518518519,-0.5864197530864198,-0.6975308641975309,-0.4691358024691358,-0.6666666666666666,-0.2037037037037037,-0.7037037037037037,-0.6666666666666666,-0.6790123456790124,-0.6111111111111112,-0.5370370370370371,-0.4876543209876543,-0.5308641975308642,-0.30864197530864196,-0.5617283950617284,-0.6481481481481481,-0.49382716049382713,-0.5925925925925926,-0.3888888888888889,-0.49382716049382713,-0.38271604938271603
2,0.0,0.0,-0.33986928104575165,0.032679738562091505,-0.6928104575163399,-0.09803921568627451,-0.7973856209150327,-0.3137254901960784,-0.7320261437908496,-0.5163398692810458,-0.7908496732026143,-0.5751633986928104,-1.0,-0.6209150326797386,-0.8758169934640523,-0.39215686274509803,-0.7450980392156863,-0.27450980392156865,-0.6078431372549019,-0.6928104575163399,-0.8104575163398693,-0.7254901960784313,-0.6797385620915033,-0.43137254901960786,-0.5751633986928104,-0.32679738562091504,-0.39215686274509803,-0.7581699346405228,-0.5490196078431373,-0.6928104575163399,-0.43137254901960786,-0.39869281045751637,-0.33986928104575165,-0.3202614379084967,-0.16339869281045752,-0.7843137254901961,-0.32679738562091504,-0.7254901960784313,-0.27450980392156865,-0.49673202614379086,-0.20915032679738563,-0.4444444444444444
2,0.0,0.0,-0.2054794520547945,0.2054794520547945,-0.4863013698630137,0.3356164383561644,-0.636986301369863,0.2328767123287671,-0.6986301369863014,0.03424657534246575,-1.0,-0.00684931506849315,-0.9452054794520548,0.06164383561643835,-0.6712328767123288,0.136986301369863,-0.5684931506849316,0.14383561643835616,-0.9315068493150684,-0.2671232876712329,-0.815068493150685,-0.17123287671232876,-0.5273972602739726,-0.0273972602739726,-0.4863013698630137,-0.00684931506849315,-0.7876712328767124,-0.4657534246575342,-0.589041095890411,-0.3356164383561644,-0.3698630136986301,-0.1643835616438356,-0.3904109589041096,-0.13013698630136986,-0.6095890410958904,-0.6164383561643836,-0.4383561643835616,-0.5,-0.2876712328767123,-0.3698630136986301,-0.3219178082191781,-0.3424657534246575
2,0.0,0.0,-0.312,0.288,-0.56,0.576,-0.616,0.816,-0.544,0.92,-0.912,0.432,-0.632,1.0,-0.496,0.976,-0.528,0.824,-0.72,0.264,-0.352,0.904,-0.264,0.8,-0.344,0.648,-0.456,0.128,-0.112,0.736,-0.08,0.616,-0.168,0.456,-0.16,0.032,0.064,0.496,0.048,0.424,-0.056,0.288
2,0.0,0.0,-0.4315068493150685,-0.1095890410958904,-0.7465753424657534,0.0136986301369863,-0.9041095890410958,0.273972602739726,-0.910958904109589,0.4657534246575342,-0.8424657534246576,0.3972602739726027,-1.0,0.6232876712328768,-0.9315068493150684,0.5068493150684932,-0.8424657534246576,0.4041095890410959,-0.6575342465753424,0.5753424657534246,-0.8493150684931506,0.7191780821917808,-0.7876712328767124,0.5958904109589042,-0.684931506849315,0.4931506849315068,-0.4589041095890411,0.684931506849315,-0.6301369863013698,0.7602739726027398,-0.589041095890411,0.6506849315068494,-0.4931506849315068,0.5616438356164384,-0.2671232876712329,0.7397260273972602,-0.4315068493150685,0.7534246575342466,-0.3972602739726027,0.6575342465753424,-0.3287671232876712,0.589041095890411
2,0.0,0.0,-0.061224489795918366,-0.4897959183673469,-0.2585034013605442,-0.8027210884353742,-0.5510204081632653,-0.8503401360544217,-0.7414965986394558,-0.7755102040816326,-0.54421768707483,-0.8299319727891157,-0.8503401360544217,-1.0,-0.7551020408163265,-0.9183673469387755,-0.6326530612244898,-0.8231292517006803,-0.7006802721088435,-0.6054421768707483,-0.9319727891156463,-0.782312925170068,-0.8299319727891157,-0.7346938775510204,-0.7142857142857143,-0.6666666666666666,-0.8027210884353742,-0.38095238095238093,-0.9183673469387755,-0.54421768707483,-0.8163265306122449,-0.5102040816326531,-0.7142857142857143,-0.43537414965986393,-0.8639455782312925,-0.19047619047619047,-0.9183673469387755,-0.35374149659863946,-0.8163265306122449,-0.32653061224489793,-0.7278911564625851,-0.2585034013605442
2,0.0,0.0,0.20430107526881722,-0.26881720430107525,0.24731182795698925,-0.5860215053763441,0.12365591397849462,-0.8118279569892473,-0.053763440860215055,-0.8602150537634409,0.26344086021505375,-0.6075268817204301,0.10215053763440861,-1.0,0.06451612903225806,-0.9032258064516129,0.0913978494623656,-0.7903225806451613,0.053763440860215055,-0.5698924731182796,-0.0913978494623656,-0.956989247311828,-0.10752688172043011,-0.8440860215053764,-0.06451612903225806,-0.7150537634408602,-0.16129032258064516,-0.5268817204301075,-0.26344086021505375,-0.8709677419354839,-0.24731182795698925,-0.7741935483870968,-0.20430107526881722,-0.6559139784946236,-0.3548387096774194,-0.4838709677419355,-0.3924731182795699,-0.7580645161290323,-0.3655913978494624,-0.6881720430107527,-0.3333333333333333,-0.5806451612903226
2,0.0,0.0,-0.27710843373493976,-0.22289156626506024,-0.3253012048192771,-0.42771084337349397,-0.3433734939759036,-0.572289156626506,-0.3433734939759036,-0.6987951807228916,0.060240963855421686,-0.7771084337349398,-0.18674698795180722,-0.9759036144578314,-0.3253012048192771,-0.8313253012048193,-0.3373493975903614,-0.6686746987951807,0.12048192771084337,-0.7891566265060241,-0.1927710843373494,-1.0,-0.3253012048192771,-0.7951807228915663,-0.29518072289156627,-0.6265060240963856,0.1686746987951807,-0.7831325301204819,-0.1686746987951807,-0.963855421686747,-0.2710843373493976,-0.7469879518072289,-0.21084337349397592,-0.5963855421686747,0.1746987951807229,-0.7469879518072289,-0.10240963855421686,-0.8674698795180723,-0.1746987951807229,-0.7168674698795181,-0.10843373493975904,-0.6024096385542169
2,0.0,0.0,-0.416,0.048,-0.808,-0.048,-0.944,-0.232,-0.888,-0.416,-1.0,-0.728,-0.968,-0.64,-0.784,-0.376,-0.688,-0.312,-0.76,-0.888,-0.688,-0.784,-0.52,-0.488,-0.472,-0.432,-0.496,-0.952,-0.376,-0.784,-0.256,-0.512,-0.256,-0.48,-0.224,-0.952,-0.096,-0.792,-0.048,-0.56,-0.08,-0.512
2,0.0,0.0,-0.3973509933774834,0.17218543046357615,-0.7284768211920529,0.33112582781456956,-0.9006622516556292,0.4966887417218543,-0.9006622516556292,0.5099337748344371,-1.0,0.006622516556291391,-0.8940397350993378,0.5496688741721855,-0.7549668874172185,0.5231788079470199,-0.7814569536423841,0.3509933774834437,-0.7549668874172185,-0.09271523178807947,-0.6423841059602649,0.5231788079470199,-0.5562913907284768,0.4503311258278146,-0.6026490066225165,0.2847682119205298,-0.48344370860927155,-0.1456953642384106,-0.4304635761589404,0.44370860927152317,-0.3708609271523179,0.3576158940397351,-0.40397350993377484,0.19205298013245034,-0.2119205298013245,-0.16556291390728478,-0.2119205298013245,0.31125827814569534,-0.1986754966887417,0.23841059602649006,-0.23178807947019867,0.0728476821192053
2,0.0,0.0,-0.2966101694915254,0.09322033898305085,-0.6271186440677966,0.211864406779661,-0.8220338983050848,0.3898305084745763,-0.8305084745762712,0.5169491525423728,-1.0,-0.2033898305084746,-0.8898305084745762,0.4830508474576271,-0.7288135593220338,0.4830508474576271,-0.711864406779661,0.288135593220339,-0.7033898305084746,-0.3305084745762712,-0.5254237288135594,0.4406779661016949,-0.4322033898305085,0.3644067796610169,-0.4661016949152542,0.1440677966101695,-0.3474576271186441,-0.3728813559322034,-0.19491525423728814,0.3389830508474576,-0.1440677966101695,0.2457627118644068,-0.1864406779661017,0.03389830508474576,0.00847457627118644,-0.3559322033898305,0.09322033898305085,0.17796610169491525,0.11016949152542373,0.07627118644067797,0.07627118644067797,-0.15254237288135594
2,0.0,0.0,-0.06666666666666667,-0.38666666666666666,-0.32,-0.64,-0.62,-0.7,-0.8,-0.6066666666666667,-0.5333333333333333,-0.7133333333333334,-0.9266666666666666,-0.72,-0.9,-0.6066666666666667,-0.7933333333333333,-0.56,-0.62,-0.52,-1.0,-0.5133333333333333,-0.9266666666666666,-0.4066666666666667,-0.78,-0.37333333333333335,-0.6866666666666666,-0.29333333333333333,-0.9466666666666667,-0.25333333333333335,-0.8533333333333334,-0.18666666666666668,-0.7266666666666667,-0.17333333333333334,-0.72,-0.06666666666666667,-0.8666666666666667,-0.04,-0.7733333333333333,-0.006666666666666667,-0.6666666666666666,-0.006666666666666667
2,0.0,0.0,-0.026881720430107527,-0.27419354838709675,0.016129032258064516,-0.5483870967741935,0.026881720430107527,-0.7473118279569892,-0.010752688172043012,-0.8709677419354839,0.2849462365591398,-0.6935483870967742,0.043010752688172046,-1.0,-0.0913978494623656,-0.8924731182795699,-0.07526881720430108,-0.7849462365591398,0.25268817204301075,-0.6397849462365591,-0.06989247311827956,-0.9301075268817204,-0.16666666666666666,-0.7795698924731183,-0.11290322580645161,-0.6720430107526881,0.16666666666666666,-0.5645161290322581,-0.1881720430107527,-0.7526881720430108,-0.22580645161290322,-0.5967741935483871,-0.13440860215053763,-0.521505376344086,0.04838709677419355,-0.4838709677419355,-0.24731182795698925,-0.5967741935483871,-0.26881720430107525,-0.4731182795698925,-0.1881720430107527,-0.40860215053763443
2,0.0,0.0,-0.3782051282051282,0.03205128205128205,-0.6923076923076923,-0.1346153846153846,-0.75,-0.3974358974358974,-0.7115384615384616,-0.6089743589743589,-0.7564102564102564,-0.4423076923076923,-1.0,-0.5897435897435898,-0.9102564102564102,-0.4166666666666667,-0.7884615384615384,-0.28205128205128205,-0.6089743589743589,-0.5641025641025641,-0.8589743589743589,-0.7307692307692307,-0.7435897435897436,-0.48717948717948717,-0.6153846153846154,-0.3333333333333333,-0.42948717948717946,-0.6474358974358975,-0.6346153846153846,-0.7115384615384616,-0.5064102564102564,-0.4423076923076923,-0.3782051282051282,-0.3141025641025641,-0.21794871794871795,-0.7115384615384616,-0.42948717948717946,-0.717948717948718,-0.3525641025641026,-0.532051282051282,-0.25,-0.4551282051282051
2,0.0,0.0,-0.3013698630136986,0.0684931506849315,-0.636986301369863,-0.0136986301369863,-0.7945205479452054,-0.21232876712328766,-0.8493150684931506,-0.3972602739726027,-0.8013698630136986,-0.410958904109589,-1.0,-0.5753424657534246,-0.8424657534246576,-0.3698630136986301,-0.6917808219178082,-0.23972602739726026,-0.6164383561643836,-0.547945205479452,-0.7876712328767124,-0.6917808219178082,-0.5958904109589042,-0.410958904109589,-0.4863013698630137,-0.2945205479452055,-0.4178082191780822,-0.6506849315068494,-0.541095890410959,-0.7397260273972602,-0.3904109589041096,-0.4657534246575342,-0.3013698630136986,-0.3698630136986301,-0.1917808219178082,-0.726027397260274,-0.3287671232876712,-0.8082191780821918,-0.2534246575342466,-0.6095890410958904,-0.19863013698630136,-0.5273972602739726
2,0.0,0.0,-0.36486486486486486,-0.11486486486486487,-0.6891891891891891,0.0,-0.8243243243243243,0.28378378378378377,-0.8108108108108109,0.5405405405405406,-0.7837837837837838,-0.05405405405405406,-1.0,0.44594594594594594,-0.9121621621621622,0.5,-0.8378378378378378,0.39864864864864863,-0.5608108108108109,0.02027027027027027,-0.7905405405405406,0.5743243243243243,-0.7162162162162162,0.5608108108108109,-0.6554054054054054,0.44594594594594594,-0.33783783783783783,0.14189189189189189,-0.5540540540540541,0.6216216216216216,-0.49324324324324326,0.5540540540540541,-0.4391891891891892,0.3918918918918919,-0.12837837837837837,0.25675675675675674,-0.3310810810810811,0.6081081081081081,-0.2972972972972973,0.5405405405405406,-0.24324324324324326,0.39864864864864863
2,0.0,0.0,-0.029940119760479042,-0.41916167664670656,-0.19760479041916168,-0.7245508982035929,-0.4550898203592814,-0.8682634730538922,-0.6646706586826348,-0.874251497005988,-0.2754491017964072,-0.7784431137724551,-0.7065868263473054,-1.0,-0.6646706586826348,-0.9041916167664671,-0.562874251497006,-0.8323353293413174,-0.4251497005988024,-0.5808383233532934,-0.8083832335329342,-0.8203592814371258,-0.7485029940119761,-0.7485029940119761,-0.6407185628742516,-0.6766467065868264,-0.5748502994011976,-0.38323353293413176,-0.8502994011976048,-0.6107784431137725,-0.7724550898203593,-0.5568862275449101,-0.6706586826347305,-0.49101796407185627,-0.7065868263473054,-0.2215568862275449,-0.8682634730538922,-0.437125748502994,-0.7904191616766467,-0.40119760479041916,-0.718562874251497,-0.33532934131736525
2,0.0,0.0,0.12690355329949238,-0.27411167512690354,0.15736040609137056,-0.5989847715736041,0.1065989847715736,-0.8527918781725888,0.050761421319796954,-1.0,0.20812182741116753,-0.5736040609137056,-0.025380710659898477,-0.9137055837563451,-0.1319796954314721,-0.9035532994923858,-0.15228426395939088,-0.8121827411167513,0.06091370558375635,-0.4467005076142132,-0.20304568527918782,-0.8121827411167513,-0.2436548223350254,-0.7715736040609137,-0.19796954314720813,-0.6700507614213198,-0.116751269035533,-0.3401015228426396,-0.3401015228426396,-0.6903553299492385,-0.34517766497461927,-0.6395939086294417,-0.28426395939086296,-0.5380710659898477,-0.2893401015228426,-0.25380710659898476,-0.4619289340101523,-0.5482233502538071,-0.4517766497461929,-0.5279187817258884,-0.39593908629441626,-0.4467005076142132
2,0.0,0.0,-0.11607142857142858,-0.5,-0.375,-0.75,-0.6517857142857143,-0.6696428571428571,-0.7767857142857143,-0.4642857142857143,-0.6696428571428571,-0.6875,-0.9821428571428571,-0.5982142857142857,-0.8839285714285714,-0.5267857142857143,-0.7142857142857143,-0.5267857142857143,-0.7857142857142857,-0.38392857142857145,-1.0,-0.32142857142857145,-0.8928571428571429,-0.26785714285714285,-0.7232142857142857,-0.25,-0.8125,-0.08928571428571429,-0.9821428571428571,-0.044642857142857144,-0.8660714285714286,-0.026785714285714284,-0.7053571428571429,-0.03571428571428571,-0.7946428571428571,0.17857142857142858,-0.9017857142857143,0.19642857142857142,-0.7767857142857143,0.20535714285714285,-0.6428571428571429,0.1875
2,0.0,0.0,-0.3157894736842105,0.15789473684210525,-0.6052631578947368,0.14210526315789473,-0.7894736842105263,0.09473684210526316,-0.9157894736842105,0.05263157894736842,-0.8105263157894737,-0.22105263157894736,-1.0,0.010526315789473684,-0.8736842105263158,0.14736842105263157,-0.7526315789473684,0.14736842105263157,-0.7789473684210526,-0.2789473684210526,-0.9578947368421052,0.010526315789473684,-0.8157894736842105,0.12631578947368421,-0.7105263157894737,0.08947368421052632,-0.7105263157894737,-0.3,-0.8421052631578947,0.015789473684210527,-0.7,0.10526315789473684,-0.6105263157894737,0.05263157894736842,-0.6210526315789474,-0.2789473684210526,-0.7105263157894737,0.0,-0.5894736842105263,0.05789473684210526,-0.5210526315789473,0.005263157894736842
2,0.0,0.0,-0.5,0.09821428571428571,-0.7410714285714286,0.0,-0.9017857142857143,-0.20535714285714285,-1.0,-0.39285714285714285,-0.6428571428571429,-0.45535714285714285,-0.8571428571428571,-0.5803571428571429,-0.9464285714285714,-0.41964285714285715,-0.9285714285714286,-0.22321428571428573,-0.5714285714285714,-0.5714285714285714,-0.8660714285714286,-0.7232142857142857,-0.9285714285714286,-0.5089285714285714,-0.8392857142857143,-0.2767857142857143,-0.4642857142857143,-0.7232142857142857,-0.7946428571428571,-0.8125,-0.7142857142857143,-0.5446428571428571,-0.49107142857142855,-0.33035714285714285,-0.30357142857142855,-0.9017857142857143,-0.6071428571428571,-0.9553571428571429,-0.5714285714285714,-0.7589285714285714,-0.39285714285714285,-0.5714285714285714
2,0.0,0.0,-0.24161073825503357,0.12080536912751678,-0.610738255033557,0.0738255033557047,-0.825503355704698,-0.03355704697986577,-0.9328859060402684,-0.174496644295302,-0.7516778523489933,-0.348993288590604,-1.0,-0.38926174496644295,-0.8926174496644296,-0.15436241610738255,-0.7315436241610739,-0.006711409395973154,-0.6510067114093959,-0.4697986577181208,-0.912751677852349,-0.46308724832214765,-0.7449664429530202,-0.19463087248322147,-0.5570469798657718,-0.08053691275167785,-0.4966442953020134,-0.5838926174496645,-0.7046979865771812,-0.5033557046979866,-0.5100671140939598,-0.2483221476510067,-0.3221476510067114,-0.1610738255033557,-0.30201342281879195,-0.6845637583892618,-0.4966442953020134,-0.5906040268456376,-0.3959731543624161,-0.40268456375838924,-0.26174496644295303,-0.33557046979865773
2,0.0,0.0,-0.34355828220858897,0.09815950920245399,-0.6441717791411042,0.06748466257668712,-0.8466257668711656,-0.024539877300613498,-1.0,-0.12269938650306748,-0.7607361963190185,-0.2883435582822086,-1.0,-0.31901840490797545,-0.9202453987730062,-0.147239263803681,-0.7730061349693251,-0.03067484662576687,-0.6932515337423313,-0.38650306748466257,-0.9447852760736196,-0.39263803680981596,-0.8159509202453987,-0.1901840490797546,-0.6380368098159509,-0.07975460122699386,-0.5828220858895705,-0.49079754601226994,-0.7975460122699386,-0.43558282208588955,-0.6319018404907976,-0.24539877300613497,-0.44785276073619634,-0.17177914110429449,-0.43558282208588955,-0.6012269938650306,-0.6380368098159509,-0.5153374233128835,-0.5460122699386503,-0.36809815950920244,-0.4049079754601227,-0.31901840490797545
2,0.0,0.0,-0.3179190751445087,0.14450867052023122,-0.630057803468208,0.14450867052023122,-0.8208092485549133,0.05202312138728324,-0.953757225433526,-0.028901734104046242,-0.7630057803468208,-0.12138728323699421,-1.0,-0.14450867052023122,-0.884393063583815,0.0,-0.7167630057803468,0.08670520231213873,-0.6936416184971098,-0.24277456647398843,-0.9190751445086706,-0.24277456647398843,-0.7341040462427746,-0.08092485549132948,-0.5549132947976878,-0.028901734104046242,-0.6011560693641619,-0.3699421965317919,-0.8034682080924855,-0.34104046242774566,-0.6127167630057804,-0.1791907514450867,-0.4393063583815029,-0.1329479768786127,-0.47398843930635837,-0.5086705202312138,-0.6763005780346821,-0.47398843930635837,-0.5664739884393064,-0.3468208092485549,-0.4393063583815029,-0.3063583815028902
2,0.0,0.0,-0.2578616352201258,0.14465408805031446,-0.5911949685534591,0.1509433962264151,-0.7924528301886793,0.05660377358490566,-0.8930817610062893,-0.0880503144654088,-0.8176100628930818,-0.16981132075471697,-1.0,-0.11320754716981132,-0.8490566037735849,0.03773584905660377,-0.6981132075471698,0.11949685534591195,-0.7169811320754716,-0.3081761006289308,-0.89937106918239,-0.2389937106918239,-0.7044025157232704,-0.05660377358490566,-0.5471698113207547,0.018867924528301886,-0.5723270440251572,-0.4276729559748428,-0.6981132075471698,-0.32075471698113206,-0.5031446540880503,-0.14465408805031446,-0.3584905660377358,-0.08176100628930817,-0.4025157232704403,-0.5283018867924528,-0.5408805031446541,-0.44025157232704404,-0.4339622641509434,-0.27672955974842767,-0.33962264150943394,-0.22012578616352202
2,0.0,0.0,-0.2727272727272727,0.18181818181818182,-0.5757575757575758,0.2545454545454545,-0.7454545454545455,0.2606060606060606,-0.8666666666666667,0.22424242424242424,-0.896969696969697,-0.12121212121212122,-1.0,0.09696969696969697,-0.7878787878787878,0.24242424242424243,-0.6303030303030303,0.296969696969697,-0.8181818181818182,-0.2787878787878788,-0.8545454545454545,0.0,-0.6121212121212121,0.14545454545454545,-0.4666666666666667,0.16363636363636364,-0.6727272727272727,-0.4,-0.6909090909090909,-0.10909090909090909,-0.4666666666666667,0.012121212121212121,-0.3515151515151515,0.006060606060606061,-0.503030303030303,-0.48484848484848486,-0.5333333333333333,-0.26666666666666666,-0.4,-0.15151515151515152,-0.32727272727272727,-0.15151515151515152
2,0.0,0.0,-0.2689655172413793,-0.1310344827586207,-0.5517241379310345,-0.21379310344827587,-0.7655172413793103,-0.18620689655172415,-0.8689655172413793,-0.10344827586206896,-0.6689655172413793,-0.4896551724137931,-1.0,-0.1724137931034483,-0.8827586206896552,-0.0896551724137931,-0.7655172413793103,-0.16551724137931034,-0.5448275862068965,-0.4206896551724138,-0.8689655172413793,-0.020689655172413793,-0.7379310344827587,0.0,-0.6344827586206897,-0.0896551724137931,-0.4206896551724138,-0.30344827586206896,-0.7034482758620689,0.06206896551724138,-0.593103448275862,0.06206896551724138,-0.496551724137931,-0.034482758620689655,-0.296551724137931,-0.15862068965517243,-0.5448275862068965,0.1103448275862069,-0.4482758620689655,0.1103448275862069,-0.35172413793103446,0.034482758620689655
2,0.0,0.0,-0.043478260869565216,-0.22924901185770752,-0.11462450592885376,-0.42292490118577075,-0.11857707509881422,-0.5928853754940712,-0.07509881422924901,-0.7193675889328063,-0.38735177865612647,-0.33201581027667987,-0.5691699604743083,-0.4624505928853755,-0.6877470355731226,-0.5375494071146245,-0.7865612648221344,-0.5928853754940712,-0.4624505928853755,-0.2015810276679842,-0.7114624505928854,-0.26877470355731226,-0.8695652173913043,-0.30039525691699603,-1.0,-0.31620553359683795,-0.4782608695652174,-0.07114624505928854,-0.7075098814229249,-0.05138339920948617,-0.8537549407114624,-0.03162055335968379,-0.9723320158102767,-0.015810276679841896,-0.45849802371541504,0.043478260869565216,-0.616600790513834,0.12648221343873517,-0.7154150197628458,0.19367588932806323,-0.8063241106719368,0.2490118577075099
2,0.0,0.0,-0.05405405405405406,-0.22393822393822393,-0.12355212355212356,-0.4092664092664093,-0.138996138996139,-0.5752895752895753,-0.11196911196911197,-0.7027027027027027,-0.40540540540540543,-0.3204633204633205,-0.5907335907335908,-0.44015444015444016,-0.7065637065637066,-0.5096525096525096,-0.8108108108108109,-0.5675675675675675,-0.47104247104247104,-0.1891891891891892,-0.7181467181467182,-0.25096525096525096,-0.8725868725868726,-0.277992277992278,-1.0,-0.2972972972972973,-0.4826254826254826,-0.06177606177606178,-0.7065637065637066,-0.03861003861003861,-0.8494208494208494,-0.019305019305019305,-0.9691119691119691,-0.003861003861003861,-0.4594594594594595,0.04633204633204633,-0.61003861003861,0.138996138996139,-0.7027027027027027,0.21235521235521235,-0.7915057915057915,0.2702702702702703
2,0.0,0.0,-0.19784172661870503,-0.025179856115107913,-0.39928057553956836,-0.05755395683453238,-0.5359712230215827,-0.1079136690647482,-0.6474820143884892,-0.1474820143884892,-0.5071942446043165,-0.007194244604316547,-0.7086330935251799,-0.1223021582733813,-0.8381294964028777,-0.19784172661870503,-0.9496402877697842,-0.26258992805755393,-0.49640287769784175,-0.017985611510791366,-0.7194244604316546,-0.13309352517985612,-0.8741007194244604,-0.2158273381294964,-1.0,-0.2805755395683453,-0.46402877697841727,-0.03597122302158273,-0.6798561151079137,-0.1510791366906475,-0.8201438848920863,-0.22661870503597123,-0.935251798561151,-0.2841726618705036,-0.41007194244604317,-0.06115107913669065,-0.5719424460431655,-0.1510791366906475,-0.6798561151079137,-0.20503597122302158,-0.7697841726618705,-0.24820143884892087
2,0.0,0.0,-0.10526315789473684,0.14035087719298245,-0.24210526315789474,0.2736842105263158,-0.32280701754385965,0.40350877192982454,-0.3684210526315789,0.5228070175438596,-0.519298245614035,0.10175438596491228,-0.7157894736842105,0.14385964912280702,-0.8421052631578947,0.16140350877192983,-0.9473684210526315,0.1649122807017544,-0.5263157894736842,-0.02456140350877193,-0.7403508771929824,-0.0456140350877193,-0.8842105263157894,-0.07368421052631578,-1.0,-0.09824561403508772,-0.47719298245614034,-0.1368421052631579,-0.6526315789473685,-0.18947368421052632,-0.7684210526315789,-0.23508771929824562,-0.8736842105263158,-0.27017543859649124,-0.3894736842105263,-0.22807017543859648,-0.49122807017543857,-0.3263157894736842,-0.5578947368421052,-0.3929824561403509,-0.624561403508772,-0.44912280701754387
2,0.0,0.0,-0.13106796116504854,0.11165048543689321,-0.32038834951456313,0.18932038834951456,-0.46116504854368934,0.27184466019417475,-0.5970873786407767,0.33980582524271846,-0.47572815533980584,-0.05339805825242718,-0.5631067961165048,-0.0048543689320388345,-0.470873786407767,0.1262135922330097,-0.3786407766990291,0.21359223300970873,-0.42718446601941745,-0.18446601941747573,-0.6844660194174758,-0.2766990291262136,-0.8446601941747572,-0.33980582524271846,-1.0,-0.4174757281553398,-0.3155339805825243,-0.2669902912621359,-0.5485436893203883,-0.41262135922330095,-0.7038834951456311,-0.49029126213592233,-0.8592233009708737,-0.5728155339805825,-0.16019417475728157,-0.3106796116504854,-0.3106796116504854,-0.3932038834951456,-0.39805825242718446,-0.42718446601941745,-0.48058252427184467,-0.46116504854368934
2,0.0,0.0,-0.24581005586592178,0.01675977653631285,-0.5027932960893855,-0.0335195530726257,-0.7262569832402235,-0.061452513966480445,-0.9273743016759777,-0.061452513966480445,-0.5251396648044693,-0.40782122905027934,-0.664804469273743,-0.6703910614525139,-0.7430167597765364,-0.8435754189944135,-0.8100558659217877,-1.0,-0.3743016759776536,-0.5139664804469274,-0.4134078212290503,-0.5307262569832403,-0.43575418994413406,-0.441340782122905,-0.44692737430167595,-0.36312849162011174,-0.19553072625698323,-0.5363128491620112,-0.21787709497206703,-0.31843575418994413,-0.22905027932960895,-0.09497206703910614,-0.22905027932960895,0.0670391061452514,-0.027932960893854747,-0.4972067039106145,-0.03910614525139665,-0.3016759776536313,-0.05027932960893855,-0.12849162011173185,-0.0670391061452514,-0.0111731843575419
2,0.0,0.0,-0.21076233183856502,-0.03587443946188341,-0.4170403587443946,-0.15695067264573992,-0.5650224215246636,-0.2600896860986547,-0.6860986547085202,-0.34977578475336324,-0.35874439461883406,-0.37668161434977576,-0.4977578475336323,-0.4170403587443946,-0.5112107623318386,-0.27802690582959644,-0.49327354260089684,-0.14798206278026907,-0.26905829596412556,-0.4618834080717489,-0.42152466367713004,-0.6322869955156951,-0.5246636771300448,-0.757847533632287,-0.6098654708520179,-0.8834080717488789,-0.13452914798206278,-0.49327354260089684,-0.21076233183856502,-0.7174887892376681,-0.26905829596412556,-0.8654708520179372,-0.336322869955157,-1.0,0.017937219730941704,-0.47085201793721976,0.02242152466367713,-0.6502242152466368,0.008968609865470852,-0.7713004484304933,-0.026905829596412557,-0.8789237668161435
2,0.0,0.0,-0.20080321285140562,-0.08835341365461848,-0.3614457831325301,-0.2570281124497992,-0.4819277108433735,-0.3815261044176707,-0.5983935742971888,-0.46184738955823296,-0.23293172690763053,-0.5060240963855421,-0.24497991967871485,-0.7349397590361446,-0.24497991967871485,-0.8755020080321285,-0.24096385542168675,-1.0,-0.11646586345381527,-0.4979919678714859,-0.1285140562248996,-0.6626506024096386,-0.17670682730923695,-0.7068273092369478,-0.2289156626506024,-0.7389558232931727,-0.004016064257028112,-0.4457831325301205,-0.08433734939759036,-0.4457831325301205,-0.14457831325301204,-0.3253012048192771,-0.1927710843373494,-0.23293172690763053,0.09236947791164658,-0.3654618473895582,0.0,-0.3493975903614458,-0.07630522088353414,-0.26506024096385544,-0.14056224899598393,-0.20080321285140562
2,0.0,0.0,0.04484304932735426,-0.21524663677130046,0.12556053811659193,-0.42152466367713004,0.15246636771300448,-0.600896860986547,0.12556053811659193,-0.7443946188340808,0.3094170403587444,-0.45739910313901344,0.30493273542600896,-0.7130044843049327,0.26905829596412556,-0.874439461883408,0.242152466367713,-1.0,0.26905829596412556,-0.3991031390134529,0.22869955156950672,-0.695067264573991,0.15246636771300448,-0.8609865470852018,0.08520179372197309,-0.9820627802690582,0.18385650224215247,-0.34080717488789236,0.05829596412556054,-0.600896860986547,-0.07174887892376682,-0.6771300448430493,-0.16591928251121077,-0.7040358744394619,0.053811659192825115,-0.29596412556053814,-0.053811659192825115,-0.4977578475336323,-0.14798206278026907,-0.5560538116591929,-0.21973094170403587,-0.5829596412556054
2,0.0,0.0,0.12149532710280374,-0.19158878504672897,0.2102803738317757,-0.40654205607476634,0.2523364485981308,-0.5934579439252337,0.2897196261682243,-0.7429906542056075,0.29906542056074764,-0.4158878504672897,0.3644859813084112,-0.5981308411214953,0.40654205607476634,-0.705607476635514,0.4485981308411215,-0.8130841121495327,0.2336448598130841,-0.3411214953271028,0.14485981308411214,-0.6542056074766355,0.0794392523364486,-0.8457943925233645,0.014018691588785047,-1.0,0.102803738317757,-0.2803738317757009,-0.11682242990654206,-0.6074766355140186,-0.2570093457943925,-0.7663551401869159,-0.35514018691588783,-0.883177570093458,-0.056074766355140186,-0.24299065420560748,-0.22897196261682243,-0.5,-0.32710280373831774,-0.6121495327102804,-0.40186915887850466,-0.705607476635514
2,0.0,0.0,-0.15925925925925927,-0.11481481481481481,-0.24444444444444444,-0.3148148148148148,-0.24444444444444444,-0.4888888888888889,-0.2814814814814815,-0.6259259259259259,-0.17037037037037037,-0.5259259259259259,-0.24074074074074073,-0.6962962962962963,-0.28888888888888886,-0.8111111111111111,-0.3296296296296296,-0.9148148148148149,-0.05185185185185185,-0.5555555555555556,-0.07037037037037037,-0.7555555555555555,-0.08148148148148149,-0.8888888888888888,-0.1,-1.0,0.05555555555555555,-0.5333333333333333,0.04814814814814815,-0.7185185185185186,0.037037037037037035,-0.8518518518518519,0.014814814814814815,-0.9629629629629629,0.16666666666666666,-0.4740740740740741,0.2111111111111111,-0.6111111111111112,0.21851851851851853,-0.7074074074074074,0.2037037037037037,-0.7962962962962963
2,0.0,0.0,-0.21161825726141079,-0.13692946058091288,-0.3360995850622407,-0.33195020746887965,-0.3651452282157676,-0.5269709543568465,-0.3983402489626556,-0.6929460580912863,-0.2946058091286307,-0.5352697095435685,-0.3278008298755187,-0.7468879668049793,-0.34024896265560167,-0.8796680497925311,-0.35269709543568467,-1.0,-0.1908713692946058,-0.5477178423236515,-0.26556016597510373,-0.7593360995850622,-0.3278008298755187,-0.8423236514522822,-0.3775933609958506,-0.9128630705394191,-0.07468879668049792,-0.5228215767634855,-0.16597510373443983,-0.6721991701244814,-0.1950207468879668,-0.5560165975103735,-0.1950207468879668,-0.44398340248962653,0.058091286307053944,-0.48132780082987553,-0.05394190871369295,-0.5684647302904564,-0.12863070539419086,-0.5186721991701245,-0.16182572614107885,-0.46887966804979253
2,0.0,0.0,-0.20168067226890757,-0.12184873949579832,-0.3235294117647059,-0.31932773109243695,-0.3487394957983193,-0.5168067226890757,-0.3949579831932773,-0.6848739495798319,-0.2857142857142857,-0.5168067226890757,-0.3319327731092437,-0.7226890756302521,-0.3487394957983193,-0.8571428571428571,-0.36134453781512604,-0.9831932773109243,-0.18487394957983194,-0.5378151260504201,-0.25630252100840334,-0.7563025210084033,-0.3067226890756303,-0.8781512605042017,-0.3445378151260504,-1.0,-0.06302521008403361,-0.5168067226890757,-0.15126050420168066,-0.6932773109243697,-0.20168067226890757,-0.5756302521008403,-0.21428571428571427,-0.47058823529411764,0.06302521008403361,-0.47478991596638653,-0.046218487394957986,-0.5672268907563025,-0.12184873949579832,-0.5126050420168067,-0.1638655462184874,-0.46638655462184875
2,0.0,0.0,-0.21518987341772153,-0.11814345991561181,-0.3670886075949367,-0.350210970464135,-0.4472573839662447,-0.540084388185654,-0.5316455696202531,-0.6455696202531646,-0.25738396624472576,-0.5189873417721519,-0.3333333333333333,-0.7468354430379747,-0.379746835443038,-0.8818565400843882,-0.41350210970464135,-1.0,-0.14345991561181434,-0.5189873417721519,-0.24472573839662448,-0.6624472573839663,-0.26582278481012656,-0.4936708860759494,-0.25738396624472576,-0.35443037974683544,-0.029535864978902954,-0.4978902953586498,-0.15611814345991562,-0.569620253164557,-0.17721518987341772,-0.379746835443038,-0.16033755274261605,-0.24050632911392406,0.0970464135021097,-0.4641350210970464,-0.008438818565400843,-0.5527426160337553,-0.0970464135021097,-0.5189873417721519,-0.15611814345991562,-0.4810126582278481
2,0.0,0.0,-0.211864406779661,-0.13135593220338984,-0.3601694915254237,-0.3516949152542373,-0.4449152542372881,-0.5338983050847458,-0.5423728813559322,-0.6483050847457628,-0.2584745762711864,-0.5296610169491526,-0.3305084745762712,-0.7542372881355932,-0.3728813559322034,-0.885593220338983,-0.4067796610169492,-1.0,-0.1440677966101695,-0.538135593220339,-0.2542372881355932,-0.6694915254237288,-0.2838983050847458,-0.5127118644067796,-0.2796610169491525,-0.3771186440677966,-0.029661016949152543,-0.5169491525423728,-0.16101694915254236,-0.6016949152542372,-0.1864406779661017,-0.423728813559322,-0.17372881355932204,-0.2838983050847458,0.1016949152542373,-0.4872881355932203,-0.029661016949152543,-0.559322033898305,-0.11864406779661017,-0.4830508474576271,-0.1694915254237288,-0.4110169491525424
2,0.0,0.0,-0.2947976878612717,-0.1907514450867052,-0.5144508670520231,-0.4797687861271676,-0.6647398843930635,-0.7167630057803468,-0.8092485549132948,-0.8959537572254336,-0.3468208092485549,-0.7514450867052023,-0.44508670520231214,-1.0,-0.49710982658959535,-0.9190751445086706,-0.5144508670520231,-0.7745664739884393,-0.19653179190751446,-0.7572254335260116,-0.30057803468208094,-0.976878612716763,-0.3583815028901734,-0.7745664739884393,-0.36416184971098264,-0.5838150289017341,-0.04046242774566474,-0.7398843930635838,-0.15606936416184972,-0.953757225433526,-0.24277456647398843,-0.7803468208092486,-0.2774566473988439,-0.6011560693641619,0.1329479768786127,-0.7052023121387283,0.057803468208092484,-0.9248554913294798,-0.03468208092485549,-0.953757225433526,-0.09826589595375723,-0.953757225433526
2,0.0,0.0,-0.21888412017167383,-0.07296137339055794,-0.39914163090128757,-0.26609442060085836,-0.51931330472103,-0.4291845493562232,-0.6223175965665236,-0.5450643776824035,-0.3133047210300429,-0.51931330472103,-0.3905579399141631,-0.6695278969957081,-0.38626609442060084,-0.5364806866952789,-0.3648068669527897,-0.41201716738197425,-0.19313304721030042,-0.5879828326180258,-0.24892703862660945,-0.7896995708154506,-0.2703862660944206,-0.9012875536480687,-0.2875536480686695,-1.0,-0.055793991416309016,-0.6008583690987125,-0.09871244635193133,-0.7939914163090128,-0.12446351931330472,-0.9012875536480687,-0.15450643776824036,-0.9957081545064378,0.0944206008583691,-0.5708154506437768,0.10300429184549356,-0.7253218884120172,0.08583690987124463,-0.8154506437768241,0.05150214592274678,-0.8969957081545065
2,0.0,0.0,-0.19583333333333333,-0.1,-0.3375,-0.2833333333333333,-0.4166666666666667,-0.44166666666666665,-0.48333333333333334,-0.5833333333333334,-0.30833333333333335,-0.5041666666666667,-0.3875,-0.7333333333333333,-0.4166666666666667,-0.8708333333333333,-0.4375,-1.0,-0.1875,-0.5166666666666667,-0.2708333333333333,-0.6958333333333333,-0.2875,-0.5583333333333333,-0.2833333333333333,-0.44166666666666665,-0.06666666666666667,-0.5041666666666667,-0.15416666666666667,-0.625,-0.18333333333333332,-0.4875,-0.18333333333333332,-0.38333333333333336,0.07083333333333333,-0.475,0.008333333333333333,-0.6041666666666666,-0.07083333333333333,-0.5583333333333333,-0.12083333333333333,-0.5041666666666667
2,0.0,0.0,-0.21390374331550802,-0.0374331550802139,-0.4117647058823529,-0.19786096256684493,-0.47593582887700536,-0.40641711229946526,-0.47058823529411764,-0.5775401069518716,-0.48663101604278075,-0.4919786096256685,-0.6417112299465241,-0.7219251336898396,-0.7165775401069518,-0.8716577540106952,-0.7914438502673797,-1.0,-0.33689839572192515,-0.5454545454545454,-0.45454545454545453,-0.7754010695187166,-0.5508021390374331,-0.8342245989304813,-0.6363636363636364,-0.8770053475935828,-0.17647058823529413,-0.5561497326203209,-0.29411764705882354,-0.679144385026738,-0.3422459893048128,-0.5454545454545454,-0.3582887700534759,-0.45454545454545453,-0.0053475935828877,-0.5454545454545454,-0.12299465240641712,-0.5989304812834224,-0.13903743315508021,-0.48128342245989303,-0.11764705882352941,-0.40106951871657753
2,0.0,0.0,-0.24260355029585798,-0.04142011834319527,-0.4437869822485207,-0.14792899408284024,-0.5739644970414202,-0.24260355029585798,-0.6568047337278107,-0.3136094674556213,-0.5384615384615384,-0.5266272189349113,-0.7455621301775148,-0.727810650887574,-0.8698224852071006,-0.8757396449704142,-0.9763313609467456,-1.0,-0.38461538461538464,-0.5976331360946746,-0.5384615384615384,-0.6153846153846154,-0.5443786982248521,-0.42011834319526625,-0.5207100591715976,-0.25443786982248523,-0.23076923076923078,-0.6094674556213018,-0.3609467455621302,-0.5621301775147929,-0.3727810650887574,-0.35502958579881655,-0.35502958579881655,-0.20118343195266272,-0.07100591715976332,-0.5739644970414202,-0.20710059171597633,-0.5502958579881657,-0.2485207100591716,-0.378698224852071,-0.2603550295857988,-0.24260355029585798
2,0.0,0.0,-0.2604166666666667,0.052083333333333336,-0.53125,0.010416666666666666,-0.7239583333333334,0.010416666666666666,-0.8854166666666666,0.041666666666666664,-0.5989583333333334,-0.3072916666666667,-0.7916666666666666,-0.3802083333333333,-0.9114583333333334,-0.296875,-1.0,-0.1875,-0.5416666666666666,-0.359375,-0.75,-0.4166666666666667,-0.8802083333333334,-0.3177083333333333,-0.96875,-0.19791666666666666,-0.453125,-0.3854166666666667,-0.65625,-0.4375,-0.7864583333333334,-0.328125,-0.8697916666666666,-0.21354166666666666,-0.34375,-0.390625,-0.5260416666666666,-0.4270833333333333,-0.6458333333333334,-0.3489583333333333,-0.7239583333333334,-0.2604166666666667
2,0.0,0.0,-0.23113207547169812,0.04245283018867924,-0.47641509433962265,0.014150943396226415,-0.660377358490566,0.018867924528301886,-0.8160377358490566,0.03773584905660377,-0.5754716981132075,-0.25,-0.7641509433962265,-0.2783018867924528,-0.8537735849056604,-0.19339622641509435,-0.910377358490566,-0.09433962264150944,-0.5424528301886793,-0.330188679245283,-0.7358490566037735,-0.419811320754717,-0.8773584905660378,-0.4481132075471698,-1.0,-0.4528301886792453,-0.4716981132075472,-0.37735849056603776,-0.660377358490566,-0.47641509433962265,-0.8018867924528302,-0.5141509433962265,-0.9292452830188679,-0.5377358490566038,-0.36792452830188677,-0.4056603773584906,-0.5330188679245284,-0.4858490566037736,-0.6556603773584906,-0.5141509433962265,-0.7688679245283019,-0.5283018867924528
2,0.0,0.0,-0.25118483412322273,0.03317535545023697,-0.5118483412322274,-0.009478672985781991,-0.7061611374407583,-0.014218009478672985,-0.8767772511848341,0.014218009478672985,-0.5450236966824644,-0.2938388625592417,-0.7298578199052133,-0.35071090047393366,-0.8767772511848341,-0.3459715639810427,-1.0,-0.33649289099526064,-0.4786729857819905,-0.35545023696682465,-0.6729857819905213,-0.3933649289099526,-0.8199052132701422,-0.3696682464454976,-0.957345971563981,-0.33649289099526064,-0.3886255924170616,-0.4028436018957346,-0.5687203791469194,-0.4265402843601896,-0.6777251184834123,-0.36492890995260663,-0.7772511848341233,-0.2985781990521327,-0.27014218009478674,-0.44075829383886256,-0.4312796208530806,-0.44075829383886256,-0.5165876777251185,-0.38388625592417064,-0.5924170616113744,-0.3222748815165877
2,0.0,0.0,-0.24299065420560748,0.028037383177570093,-0.5046728971962616,-0.018691588785046728,-0.6962616822429907,-0.018691588785046728,-0.8644859813084113,0.004672897196261682,-0.5841121495327103,-0.2850467289719626,-0.780373831775701,-0.32710280373831774,-0.9065420560747663,-0.3130841121495327,-1.0,-0.29906542056074764,-0.5327102803738317,-0.3644859813084112,-0.7429906542056075,-0.45794392523364486,-0.8785046728971962,-0.48130841121495327,-0.9906542056074766,-0.49065420560747663,-0.4439252336448598,-0.4252336448598131,-0.6355140186915887,-0.5327102803738317,-0.7663551401869159,-0.5607476635514018,-0.883177570093458,-0.5841121495327103,-0.32242990654205606,-0.46261682242990654,-0.48598130841121495,-0.5327102803738317,-0.5981308411214953,-0.5420560747663551,-0.6962616822429907,-0.5467289719626168
2,0.0,0.0,-0.23834196891191708,-0.025906735751295335,-0.5077720207253886,-0.13471502590673576,-0.6994818652849741,-0.18134715025906736,-0.8601036269430051,-0.17616580310880828,-0.46113989637305697,-0.45595854922279794,-0.689119170984456,-0.5906735751295337,-0.8549222797927462,-0.6476683937823834,-1.0,-0.689119170984456,-0.35751295336787564,-0.5025906735751295,-0.5647668393782384,-0.5958549222797928,-0.7046632124352331,-0.533678756476684,-0.8082901554404145,-0.45077720207253885,-0.21761658031088082,-0.5129533678756477,-0.42487046632124353,-0.5906735751295337,-0.5803108808290155,-0.5233160621761658,-0.7046632124352331,-0.44041450777202074,-0.06217616580310881,-0.49740932642487046,-0.22279792746113988,-0.5492227979274611,-0.34196891191709844,-0.48704663212435234,-0.44041450777202074,-0.41450777202072536
2,0.0,0.0,-0.23737373737373738,-0.010101010101010102,-0.494949494949495,-0.10101010101010101,-0.6717171717171717,-0.13636363636363635,-0.8333333333333334,-0.13636363636363635,-0.5,-0.4292929292929293,-0.7323232323232324,-0.5707070707070707,-0.8737373737373737,-0.6161616161616161,-1.0,-0.6515151515151515,-0.3838383838383838,-0.46464646464646464,-0.5909090909090909,-0.5707070707070707,-0.7222222222222222,-0.5,-0.8080808080808081,-0.398989898989899,-0.23737373737373738,-0.46464646464646464,-0.42424242424242425,-0.5656565656565656,-0.5656565656565656,-0.4898989898989899,-0.6717171717171717,-0.398989898989899,-0.06565656565656566,-0.4444444444444444,-0.18686868686868688,-0.5151515151515151,-0.29797979797979796,-0.46464646464646464,-0.3838383838383838,-0.398989898989899
2,0.0,0.0,-0.24074074074074073,-0.12345679012345678,-0.46296296296296297,-0.30864197530864196,-0.5987654320987654,-0.42592592592592593,-0.7283950617283951,-0.4876543209876543,-0.4012345679012346,-0.654320987654321,-0.49382716049382713,-0.8641975308641975,-0.5617283950617284,-0.9197530864197531,-0.6234567901234568,-0.9506172839506173,-0.2654320987654321,-0.6666666666666666,-0.36419753086419754,-0.8518518518518519,-0.4506172839506173,-0.8827160493827161,-0.5370370370370371,-0.8888888888888888,-0.1111111111111111,-0.6481481481481481,-0.2037037037037037,-0.8148148148148148,-0.2777777777777778,-0.8209876543209876,-0.345679012345679,-0.808641975308642,0.04938271604938271,-0.6049382716049383,0.018518518518518517,-0.7962962962962963,-0.037037037037037035,-0.9074074074074074,-0.1111111111111111,-1.0
2,0.0,0.0,-0.1308411214953271,-0.1588785046728972,-0.21495327102803738,-0.37850467289719625,-0.27102803738317754,-0.5280373831775701,-0.3317757009345794,-0.6495327102803738,-0.04205607476635514,-0.6261682242990654,-0.04672897196261682,-0.8130841121495327,-0.07009345794392523,-0.9252336448598131,-0.08878504672897196,-1.0,0.07009345794392523,-0.5747663551401869,0.04205607476635514,-0.705607476635514,-0.056074766355140186,-0.6214953271028038,-0.12149532710280374,-0.5373831775700935,0.16822429906542055,-0.4953271028037383,0.1261682242990654,-0.5934579439252337,0.0,-0.5046728971962616,-0.08411214953271028,-0.42990654205607476,0.2523364485981308,-0.397196261682243,0.29439252336448596,-0.5654205607476636,0.29906542056074764,-0.6542056074766355,0.29906542056074764,-0.7242990654205608
2,0.0,0.0,0.01744186046511628,-0.2558139534883721,-0.11046511627906977,-0.5406976744186046,-0.32558139534883723,-0.7093023255813954,-0.5465116279069767,-0.8081395348837209,0.023255813953488372,-0.5813953488372093,-0.25,-0.7790697674418605,-0.4418604651162791,-0.9069767441860465,-0.5988372093023255,-1.0,-0.046511627906976744,-0.4011627906976744,-0.3488372093023256,-0.622093023255814,-0.5290697674418605,-0.7732558139534884,-0.6569767441860465,-0.877906976744186,-0.16279069767441862,-0.22093023255813954,-0.47093023255813954,-0.43023255813953487,-0.627906976744186,-0.5813953488372093,-0.7325581395348837,-0.7034883720930233,-0.32558139534883723,-0.05813953488372093,-0.5872093023255814,-0.22093023255813954,-0.7093023255813954,-0.3546511627906977,-0.7965116279069767,-0.45930232558139533
2,0.0,0.0,-0.22277227722772278,-0.35148514851485146,-0.30198019801980197,-0.6138613861386139,-0.3712871287128713,-0.8168316831683168,-0.43564356435643564,-0.9851485148514851,0.06435643564356436,-0.8663366336633663,-0.18811881188118812,-0.9801980198019802,-0.36633663366336633,-1.0,-0.47029702970297027,-0.9900990099009901,0.15346534653465346,-0.806930693069307,-0.19306930693069307,-0.8811881188118812,-0.28217821782178215,-0.7722772277227723,-0.27722772277227725,-0.693069306930693,0.19306930693069307,-0.693069306930693,-0.16831683168316833,-0.7277227722772277,-0.22277227722772278,-0.594059405940594,-0.19306930693069307,-0.49504950495049505,0.18811881188118812,-0.5445544554455446,-0.10891089108910891,-0.5742574257425742,-0.26732673267326734,-0.5247524752475248,-0.36633663366336633,-0.48514851485148514
2,0.0,0.0,-0.14450867052023122,-0.20809248554913296,-0.21965317919075145,-0.5086705202312138,-0.24855491329479767,-0.7341040462427746,-0.3236994219653179,-0.8959537572254336,0.19653179190751446,-0.7861271676300579,-0.011560693641618497,-0.9017341040462428,-0.1907514450867052,-0.9653179190751445,-0.3352601156069364,-1.0,0.3179190751445087,-0.7109826589595376,-0.023121387283236993,-0.7803468208092486,-0.15028901734104047,-0.6416184971098265,-0.1791907514450867,-0.5664739884393064,0.36416184971098264,-0.5722543352601156,-0.005780346820809248,-0.6184971098265896,-0.13872832369942195,-0.5086705202312138,-0.1791907514450867,-0.4393063583815029,0.35260115606936415,-0.3988439306358382,0.04046242774566474,-0.4508670520231214,-0.13872832369942195,-0.4161849710982659,-0.24277456647398843,-0.3815028901734104
2,0.0,0.0,-0.16756756756756758,-0.23243243243243245,-0.20540540540540542,-0.5621621621621622,-0.22162162162162163,-0.7945945945945946,-0.2756756756756757,-1.0,0.16756756756756758,-0.7837837837837838,-0.06486486486486487,-0.8972972972972973,-0.21621621621621623,-0.7513513513513513,-0.2972972972972973,-0.6,0.3027027027027027,-0.6972972972972973,-0.005405405405405406,-0.772972972972973,-0.16756756756756758,-0.5837837837837838,-0.23783783783783785,-0.42702702702702705,0.3837837837837838,-0.5621621621621622,0.0918918918918919,-0.6594594594594595,-0.08648648648648649,-0.5027027027027027,-0.17297297297297298,-0.3567567567567568,0.43243243243243246,-0.3945945945945946,0.2648648648648649,-0.5567567567567567,0.10810810810810811,-0.5621621621621622,-0.016216216216216217,-0.5351351351351351
2,0.0,0.0,-0.1736842105263158,-0.24210526315789474,-0.20526315789473684,-0.5684210526315789,-0.21578947368421053,-0.8,-0.26842105263157895,-1.0,0.1368421052631579,-0.7631578947368421,-0.06842105263157895,-0.8842105263157894,-0.22105263157894736,-0.7263157894736842,-0.29473684210526313,-0.5789473684210527,0.2736842105263158,-0.6842105263157895,-0.02631578947368421,-0.7526315789473684,-0.17894736842105263,-0.5684210526315789,-0.23684210526315788,-0.42105263157894735,0.3631578947368421,-0.5473684210526316,0.08947368421052632,-0.6473684210526316,-0.08421052631578947,-0.5105263157894737,-0.16842105263157894,-0.39473684210526316,0.4105263157894737,-0.3894736842105263,0.26842105263157895,-0.5263157894736842,0.13157894736842105,-0.5473684210526316,0.03684210526315789,-0.5421052631578948
2,0.0,0.0,-0.17341040462427745,-0.20809248554913296,-0.26011560693641617,-0.5375722543352601,-0.32947976878612717,-0.7803468208092486,-0.3699421965317919,-1.0,0.023121387283236993,-0.7109826589595376,-0.08092485549132948,-0.8959537572254336,-0.24855491329479767,-0.815028901734104,-0.37572254335260113,-0.7052023121387283,0.15606936416184972,-0.6763005780346821,0.023121387283236993,-0.8786127167630058,-0.1676300578034682,-0.7687861271676301,-0.3063583815028902,-0.6242774566473989,0.2832369942196532,-0.5895953757225434,0.2947976878612717,-0.8497109826589595,0.14450867052023122,-0.884393063583815,0.005780346820809248,-0.884393063583815,0.3988439306358382,-0.4508670520231214,0.5664739884393064,-0.6069364161849711,0.5953757225433526,-0.7341040462427746,0.5722543352601156,-0.8554913294797688
2,0.0,0.0,-0.16587677725118483,-0.27488151658767773,-0.1990521327014218,-0.5308056872037915,-0.20853080568720378,-0.7345971563981043,-0.2559241706161137,-0.8909952606635071,0.07109004739336493,-0.7393364928909952,0.009478672985781991,-0.9004739336492891,-0.04739336492890995,-0.9620853080568721,-0.10426540284360189,-1.0,0.1990521327014218,-0.6682464454976303,-0.02843601895734597,-0.7488151658767772,-0.17535545023696683,-0.6255924170616114,-0.2796208530805687,-0.4976303317535545,0.26066350710900477,-0.5592417061611374,-0.03317535545023697,-0.5355450236966824,-0.15639810426540285,-0.4028436018957346,-0.22274881516587677,-0.2938388625592417,0.26540284360189575,-0.4265402843601896,0.009478672985781991,-0.4075829383886256,-0.12796208530805686,-0.35071090047393366,-0.22748815165876776,-0.3080568720379147
2,0.0,0.0,-0.11328125,-0.1328125,-0.171875,-0.3046875,-0.2109375,-0.41796875,-0.22265625,-0.51953125,0.01953125,-0.546875,0.03125,-0.703125,-0.015625,-0.765625,-0.07421875,-0.80859375,0.1171875,-0.52734375,0.17578125,-0.73828125,0.1796875,-0.875,0.171875,-1.0,0.19140625,-0.45703125,0.25,-0.640625,0.2578125,-0.7734375,0.25390625,-0.890625,0.2421875,-0.3515625,0.29296875,-0.4921875,0.30859375,-0.59375,0.30859375,-0.6875
2,0.0,0.0,-0.15979381443298968,-0.26804123711340205,-0.2268041237113402,-0.5824742268041238,-0.25773195876288657,-0.8041237113402062,-0.30412371134020616,-1.0,0.030927835051546393,-0.7783505154639175,-0.04639175257731959,-0.9742268041237113,-0.18041237113402062,-0.8195876288659794,-0.24742268041237114,-0.6701030927835051,0.15463917525773196,-0.7216494845360825,0.04639175257731959,-0.9072164948453608,-0.11855670103092783,-0.7371134020618557,-0.1958762886597938,-0.5927835051546392,0.25773195876288657,-0.6237113402061856,0.16494845360824742,-0.8092783505154639,-0.02577319587628866,-0.7164948453608248,-0.14432989690721648,-0.6288659793814433,0.3556701030927835,-0.4948453608247423,0.30412371134020616,-0.6443298969072165,0.16494845360824742,-0.6597938144329897,0.06701030927835051,-0.654639175257732
2,0.0,0.0,-0.06779661016949153,-0.2768361581920904,-0.15819209039548024,-0.5480225988700564,-0.3163841807909605,-0.7231638418079096,-0.4124293785310734,-0.807909604519774,0.1864406779661017,-0.7966101694915254,-0.1751412429378531,-1.0,-0.23163841807909605,-0.8418079096045198,-0.15254237288135594,-0.7627118644067796,0.14124293785310735,-0.6892655367231638,-0.2598870056497175,-0.8757062146892656,-0.2824858757062147,-0.7288135593220338,-0.192090395480226,-0.6666666666666666,0.03954802259887006,-0.5649717514124294,-0.3389830508474576,-0.7005649717514124,-0.3389830508474576,-0.5649717514124294,-0.23728813559322035,-0.5141242937853108,-0.0903954802259887,-0.4350282485875706,-0.384180790960452,-0.5310734463276836,-0.3672316384180791,-0.423728813559322,-0.2711864406779661,-0.3728813559322034
2,0.0,0.0,-0.16292134831460675,-0.2752808988764045,-0.24719101123595505,-0.5280898876404494,-0.34831460674157305,-0.7134831460674157,-0.38202247191011235,-0.8258426966292135,0.20224719101123595,-0.797752808988764,-0.16292134831460675,-1.0,-0.21910112359550563,-0.8370786516853933,-0.1404494382022472,-0.7696629213483146,0.1853932584269663,-0.6966292134831461,-0.24157303370786518,-0.8707865168539326,-0.2752808988764045,-0.7134831460674157,-0.19101123595505617,-0.651685393258427,0.09550561797752809,-0.5842696629213483,-0.3258426966292135,-0.6910112359550562,-0.34269662921348315,-0.5449438202247191,-0.24157303370786518,-0.5056179775280899,-0.03932584269662921,-0.4606741573033708,-0.38202247191011235,-0.5168539325842697,-0.3707865168539326,-0.4101123595505618,-0.2640449438202247,-0.37640449438202245
2,0.0,0.0,-0.14444444444444443,-0.28888888888888886,-0.2222222222222222,-0.55,-0.3111111111111111,-0.7333333333333333,-0.35,-0.8055555555555556,0.22777777777777777,-0.8,-0.12222222222222222,-1.0,-0.17777777777777778,-0.8444444444444444,-0.10555555555555556,-0.7777777777777778,0.20555555555555555,-0.7,-0.20555555555555555,-0.8666666666666667,-0.2388888888888889,-0.7166666666666667,-0.15555555555555556,-0.6611111111111111,0.11666666666666667,-0.5888888888888889,-0.28888888888888886,-0.6888888888888889,-0.3055555555555556,-0.5555555555555556,-0.2111111111111111,-0.5111111111111111,-0.011111111111111112,-0.46111111111111114,-0.3388888888888889,-0.5222222222222223,-0.3388888888888889,-0.4166666666666667,-0.24444444444444444,-0.37777777777777777
2,0.0,0.0,-0.07514450867052024,-0.2774566473988439,-0.1676300578034682,-0.5433526011560693,-0.3179190751445087,-0.7398843930635838,-0.4046242774566474,-0.8265895953757225,0.2138728323699422,-0.791907514450867,-0.14450867052023122,-1.0,-0.19653179190751446,-0.8554913294797688,-0.12716763005780346,-0.7861271676300579,0.16184971098265896,-0.7225433526011561,-0.2543352601156069,-0.9075144508670521,-0.2774566473988439,-0.7514450867052023,-0.2023121387283237,-0.6820809248554913,0.057803468208092484,-0.630057803468208,-0.35260115606936415,-0.7398843930635838,-0.3583815028901734,-0.5895953757225434,-0.27167630057803466,-0.5317919075144508,-0.08670520231213873,-0.5260115606936416,-0.41040462427745666,-0.5664739884393064,-0.4046242774566474,-0.4508670520231214,-0.3236994219653179,-0.41040462427745666
2,0.0,0.0,-0.13291139240506328,-0.35443037974683544,-0.3291139240506329,-0.6265822784810127,-0.5886075949367089,-0.740506329113924,-0.7784810126582279,-0.7278481012658228,-0.2721518987341772,-0.9430379746835443,-0.6772151898734177,-1.0,-0.6645569620253164,-0.8607594936708861,-0.5632911392405063,-0.7974683544303798,-0.2974683544303797,-0.8291139240506329,-0.7468354430379747,-0.8037974683544303,-0.689873417721519,-0.689873417721519,-0.569620253164557,-0.6708860759493671,-0.3291139240506329,-0.6582278481012658,-0.7151898734177216,-0.6012658227848101,-0.6518987341772152,-0.5063291139240507,-0.5253164556962026,-0.5189873417721519,-0.36075949367088606,-0.4620253164556962,-0.6518987341772152,-0.3987341772151899,-0.5886075949367089,-0.3227848101265823,-0.4873417721518987,-0.3037974683544304
2,0.0,0.0,-0.3592814371257485,0.08383233532934131,-0.6227544910179641,0.3413173652694611,-0.6467065868263473,0.688622754491018,-0.562874251497006,0.8682634730538922,-0.9461077844311377,0.1497005988023952,-1.0,0.6467065868263473,-0.8143712574850299,0.6467065868263473,-0.7544910179640718,0.5269461077844312,-0.7425149700598802,0.1497005988023952,-0.7784431137724551,0.7005988023952096,-0.6347305389221557,0.6706586826347305,-0.5868263473053892,0.5329341317365269,-0.49700598802395207,0.19760479041916168,-0.5389221556886228,0.7125748502994012,-0.437125748502994,0.6586826347305389,-0.41916167664670656,0.5089820359281437,-0.24550898203592814,0.281437125748503,-0.31137724550898205,0.6946107784431138,-0.25149700598802394,0.6227544910179641,-0.23952095808383234,0.47904191616766467
2,0.0,0.0,-0.3192771084337349,0.23493975903614459,-0.4578313253012048,0.6144578313253012,-0.30120481927710846,0.9337349397590361,-0.03614457831325301,1.0,-0.6024096385542169,0.39156626506024095,-0.4759036144578313,0.8975903614457831,-0.3855421686746988,0.8192771084337349,-0.39156626506024095,0.6867469879518072,-0.3614457831325301,0.3373493975903614,-0.20481927710843373,0.8795180722891566,-0.1746987951807229,0.7831325301204819,-0.21084337349397592,0.6445783132530121,-0.10240963855421686,0.3313253012048193,0.018072289156626505,0.8433734939759037,0.006024096385542169,0.7289156626506024,-0.04819277108433735,0.572289156626506,0.13855421686746988,0.3493975903614458,0.18674698795180722,0.7650602409638554,0.16265060240963855,0.6746987951807228,0.12650602409638553,0.5180722891566265
2,0.0,0.0,-0.2795031055900621,0.2236024844720497,-0.38509316770186336,0.6211180124223602,-0.20496894409937888,0.937888198757764,0.055900621118012424,1.0,-0.5652173913043478,0.391304347826087,-0.4161490683229814,0.9006211180124224,-0.3167701863354037,0.8074534161490683,-0.3416149068322981,0.6708074534161491,-0.3167701863354037,0.33540372670807456,-0.13664596273291926,0.8757763975155279,-0.09937888198757763,0.7577639751552795,-0.14285714285714285,0.6149068322981367,-0.055900621118012424,0.32298136645962733,0.09937888198757763,0.84472049689441,0.08695652173913043,0.7080745341614907,0.031055900621118012,0.5527950310559007,0.19254658385093168,0.33540372670807456,0.2795031055900621,0.7391304347826086,0.2546583850931677,0.639751552795031,0.2111801242236025,0.4968944099378882
2,0.0,0.0,-0.310126582278481,0.0189873417721519,-0.6012658227848101,-0.06962025316455696,-0.8354430379746836,-0.11392405063291139,-1.0,-0.11392405063291139,-0.6329113924050633,-0.5316455696202531,-0.9620253164556962,-0.3987341772151899,-0.9620253164556962,-0.1962025316455696,-0.879746835443038,-0.0949367088607595,-0.5632911392405063,-0.5189873417721519,-0.9177215189873418,-0.34177215189873417,-0.9050632911392406,-0.14556962025316456,-0.8037974683544303,-0.06329113924050633,-0.4873417721518987,-0.43670886075949367,-0.8291139240506329,-0.22151898734177214,-0.7974683544303798,-0.05063291139240506,-0.6962025316455697,0.0,-0.4177215189873418,-0.3037974683544304,-0.7151898734177216,-0.12025316455696203,-0.689873417721519,0.0,-0.6012658227848101,0.0379746835443038
2,0.0,0.0,-0.2345679012345679,-0.13580246913580246,-0.5061728395061729,-0.24691358024691357,-0.7407407407407407,-0.2716049382716049,-0.9074074074074074,-0.22839506172839505,-0.6234567901234568,-0.48148148148148145,-0.9444444444444444,-0.37037037037037035,-1.0,-0.19135802469135801,-0.9567901234567902,-0.09259259259259259,-0.5864197530864198,-0.4382716049382716,-0.9135802469135802,-0.2654320987654321,-0.9197530864197531,-0.10493827160493827,-0.8518518518518519,-0.04938271604938271,-0.5370370370370371,-0.3333333333333333,-0.8271604938271605,-0.12962962962962962,-0.7962962962962963,-0.012345679012345678,-0.7160493827160493,0.006172839506172839,-0.49382716049382713,-0.19135802469135801,-0.7222222222222222,-0.018518518518518517,-0.6790123456790124,0.06790123456790123,-0.6049382716049383,0.06790123456790123
2,0.0,0.0,-0.14942528735632185,-0.22988505747126436,-0.3333333333333333,-0.3850574712643678,-0.4942528735632184,-0.47126436781609193,-0.632183908045977,-0.4885057471264368,-0.3793103448275862,-0.5229885057471264,-0.6954022988505747,-0.6091954022988506,-0.8850574712643678,-0.5689655172413793,-0.9942528735632183,-0.5172413793103449,-0.39080459770114945,-0.46551724137931033,-0.735632183908046,-0.5632183908045977,-0.9137931034482759,-0.5057471264367817,-1.0,-0.4367816091954023,-0.40229885057471265,-0.3620689655172414,-0.7413793103448276,-0.4425287356321839,-0.8908045977011494,-0.3850574712643678,-0.9597701149425287,-0.3160919540229885,-0.41954022988505746,-0.21839080459770116,-0.6896551724137931,-0.27586206896551724,-0.8103448275862069,-0.25287356321839083,-0.8793103448275862,-0.20689655172413793
2,0.0,0.0,-0.15950920245398773,-0.2085889570552147,-0.34355828220858897,-0.38650306748466257,-0.5030674846625767,-0.4723926380368098,-0.6441717791411042,-0.4723926380368098,-0.4049079754601227,-0.5460122699386503,-0.7607361963190185,-0.6196319018404908,-0.9325153374233128,-0.5521472392638037,-0.9938650306748467,-0.4785276073619632,-0.4110429447852761,-0.4785276073619632,-0.7975460122699386,-0.5644171779141104,-0.950920245398773,-0.49693251533742333,-1.0,-0.4110429447852761,-0.4233128834355828,-0.3558282208588957,-0.7852760736196319,-0.43558282208588955,-0.9325153374233128,-0.36809815950920244,-0.9938650306748467,-0.3006134969325153,-0.44171779141104295,-0.19631901840490798,-0.7177914110429447,-0.26380368098159507,-0.8466257668711656,-0.24539877300613497,-0.9325153374233128,-0.2085889570552147
2,0.0,0.0,-0.16666666666666666,-0.20555555555555555,-0.34444444444444444,-0.36666666666666664,-0.49444444444444446,-0.4777777777777778,-0.6111111111111112,-0.5388888888888889,-0.37222222222222223,-0.40555555555555556,-0.6,-0.6055555555555555,-0.7722222222222223,-0.6888888888888889,-0.9055555555555556,-0.7222222222222222,-0.3888888888888889,-0.35,-0.6388888888888888,-0.5833333333333334,-0.8444444444444444,-0.6555555555555556,-1.0,-0.6833333333333333,-0.4111111111111111,-0.23333333333333334,-0.6444444444444445,-0.4777777777777778,-0.8277777777777777,-0.5611111111111111,-0.9722222222222222,-0.6055555555555555,-0.42777777777777776,-0.06666666666666667,-0.5666666666666667,-0.16111111111111112,-0.7,-0.2,-0.8277777777777777,-0.2111111111111111
2,0.0,0.0,-0.13690476190476192,-0.2261904761904762,-0.3392857142857143,-0.38095238095238093,-0.5,-0.42857142857142855,-0.6309523809523809,-0.43452380952380953,-0.36904761904761907,-0.4583333333333333,-0.5892857142857143,-0.6785714285714286,-0.7380952380952381,-0.8154761904761905,-0.8392857142857143,-0.9047619047619048,-0.4226190476190476,-0.4107142857142857,-0.6607142857142857,-0.6666666666666666,-0.8154761904761905,-0.8035714285714286,-0.9345238095238095,-0.9047619047619048,-0.49404761904761907,-0.30357142857142855,-0.7261904761904762,-0.5297619047619048,-0.8869047619047619,-0.6666666666666666,-1.0,-0.7738095238095238,-0.5714285714285714,-0.13095238095238096,-0.7619047619047619,-0.2261904761904762,-0.8869047619047619,-0.2916666666666667,-0.9940476190476191,-0.3392857142857143
2,0.0,0.0,-0.15568862275449102,-0.2275449101796407,-0.3592814371257485,-0.3772455089820359,-0.5149700598802395,-0.4251497005988024,-0.6347305389221557,-0.4251497005988024,-0.3712574850299401,-0.4550898203592814,-0.5748502994011976,-0.6706586826347305,-0.7065868263473054,-0.8083832335329342,-0.7964071856287425,-0.9101796407185628,-0.4251497005988024,-0.41916167664670656,-0.6467065868263473,-0.6706586826347305,-0.7904191616766467,-0.8083832335329342,-0.8982035928143712,-0.9221556886227545,-0.49101796407185627,-0.31137724550898205,-0.7245508982035929,-0.5508982035928144,-0.874251497005988,-0.688622754491018,-0.9820359281437125,-0.7904191616766467,-0.5808383233532934,-0.1437125748502994,-0.7544910179640718,-0.25149700598802394,-0.8802395209580839,-0.30538922155688625,-1.0,-0.3413173652694611
2,0.0,0.0,-0.14814814814814814,-0.2716049382716049,-0.32098765432098764,-0.46296296296296297,-0.48148148148148145,-0.5555555555555556,-0.6234567901234568,-0.6111111111111112,-0.3333333333333333,-0.5617283950617284,-0.5493827160493827,-0.7716049382716049,-0.6975308641975309,-0.8888888888888888,-0.8148148148148148,-0.9629629629629629,-0.3888888888888889,-0.5185185185185185,-0.6111111111111112,-0.7530864197530864,-0.7716049382716049,-0.8641975308641975,-0.8950617283950617,-0.9444444444444444,-0.4691358024691358,-0.41975308641975306,-0.691358024691358,-0.6358024691358025,-0.845679012345679,-0.7469135802469136,-0.9629629629629629,-0.8209876543209876,-0.5679012345679012,-0.2716049382716049,-0.7530864197530864,-0.41975308641975306,-0.8827160493827161,-0.4876543209876543,-1.0,-0.5308641975308642
2,0.0,0.0,-0.1518987341772152,-0.25316455696202533,-0.3291139240506329,-0.46835443037974683,-0.4810126582278481,-0.6012658227848101,-0.6139240506329114,-0.6708860759493671,-0.3291139240506329,-0.5949367088607594,-0.5379746835443038,-0.7974683544303798,-0.6772151898734177,-0.9177215189873418,-0.7848101265822784,-1.0,-0.3670886075949367,-0.5506329113924051,-0.5949367088607594,-0.7848101265822784,-0.7341772151898734,-0.9050632911392406,-0.8417721518987342,-1.0,-0.43670886075949367,-0.43670886075949367,-0.6645569620253164,-0.6645569620253164,-0.8037974683544303,-0.7848101265822784,-0.9050632911392406,-0.8734177215189873,-0.5253164556962026,-0.2721518987341772,-0.7151898734177216,-0.41139240506329117,-0.8417721518987342,-0.4873417721518987,-0.9556962025316456,-0.5443037974683544
2,0.0,0.0,-0.021164021164021163,-0.25396825396825395,-0.14285714285714285,-0.4656084656084656,-0.2804232804232804,-0.6084656084656085,-0.3968253968253968,-0.6878306878306878,-0.2275132275132275,-0.544973544973545,-0.4497354497354497,-0.798941798941799,-0.5978835978835979,-0.9153439153439153,-0.708994708994709,-0.9788359788359788,-0.3386243386243386,-0.48148148148148145,-0.582010582010582,-0.746031746031746,-0.7566137566137566,-0.8571428571428571,-0.8888888888888888,-0.9206349206349206,-0.43915343915343913,-0.36507936507936506,-0.6878306878306878,-0.5714285714285714,-0.7724867724867724,-0.5978835978835979,-0.8253968253968254,-0.5978835978835979,-0.5291005291005291,-0.21164021164021163,-0.7407407407407407,-0.2857142857142857,-0.8783068783068783,-0.31746031746031744,-1.0,-0.3386243386243386
2,0.0,0.0,0.005376344086021506,-0.27419354838709675,-0.04838709677419355,-0.521505376344086,-0.11290322580645161,-0.7204301075268817,-0.20430107526881722,-0.8494623655913979,-0.3064516129032258,-0.5913978494623656,-0.489247311827957,-0.8010752688172043,-0.6129032258064516,-0.9086021505376344,-0.7096774193548387,-0.9623655913978495,-0.41397849462365593,-0.4946236559139785,-0.6451612903225806,-0.6989247311827957,-0.8010752688172043,-0.8010752688172043,-0.9247311827956989,-0.8548387096774194,-0.4946236559139785,-0.3548387096774194,-0.7311827956989247,-0.532258064516129,-0.8870967741935484,-0.6236559139784946,-1.0,-0.6827956989247311,-0.5591397849462365,-0.17204301075268819,-0.7688172043010753,-0.24193548387096775,-0.8978494623655914,-0.2849462365591398,-1.0,-0.3225806451612903
2,0.0,0.0,0.0053475935828877,-0.25133689839572193,-0.058823529411764705,-0.5026737967914439,-0.13903743315508021,-0.7005347593582888,-0.2192513368983957,-0.8288770053475936,-0.2994652406417112,-0.5828877005347594,-0.47593582887700536,-0.7967914438502673,-0.5989304812834224,-0.9144385026737968,-0.6898395721925134,-0.9786096256684492,-0.4117647058823529,-0.4919786096256685,-0.6310160427807486,-0.7005347593582888,-0.786096256684492,-0.8021390374331551,-0.9090909090909091,-0.8502673796791443,-0.5026737967914439,-0.35294117647058826,-0.732620320855615,-0.5347593582887701,-0.8823529411764706,-0.6203208556149733,-0.9946524064171123,-0.6737967914438503,-0.5668449197860963,-0.16042780748663102,-0.7754010695187166,-0.22994652406417113,-0.8983957219251337,-0.2727272727272727,-1.0,-0.3048128342245989
2,0.0,0.0,0.014423076923076924,-0.2644230769230769,-0.052884615384615384,-0.46634615384615385,-0.13942307692307693,-0.6442307692307693,-0.22115384615384615,-0.7836538461538461,-0.3269230769230769,-0.4807692307692308,-0.5,-0.7067307692307693,-0.6298076923076923,-0.8365384615384616,-0.7355769230769231,-0.9326923076923077,-0.4326923076923077,-0.3701923076923077,-0.6586538461538461,-0.5721153846153846,-0.8221153846153846,-0.6923076923076923,-0.9519230769230769,-0.7836538461538461,-0.4951923076923077,-0.22115384615384615,-0.7259615384615384,-0.375,-0.8846153846153846,-0.4807692307692308,-1.0,-0.5625,-0.5288461538461539,-0.057692307692307696,-0.7211538461538461,-0.10096153846153846,-0.8557692307692307,-0.13942307692307693,-0.9615384615384616,-0.1778846153846154
2,0.0,0.0,0.0,-0.26905829596412556,-0.06278026905829596,-0.45739910313901344,-0.14349775784753363,-0.6367713004484304,-0.21524663677130046,-0.7802690582959642,-0.3183856502242152,-0.4260089686098655,-0.515695067264574,-0.6591928251121076,-0.6502242152466368,-0.7802690582959642,-0.7713004484304933,-0.8654708520179372,-0.4260089686098655,-0.30493273542600896,-0.6771300448430493,-0.5067264573991032,-0.8475336322869955,-0.6188340807174888,-0.9820627802690582,-0.695067264573991,-0.484304932735426,-0.16143497757847533,-0.726457399103139,-0.3004484304932735,-0.8834080717488789,-0.39461883408071746,-1.0,-0.4663677130044843,-0.5022421524663677,-0.008968609865470852,-0.695067264573991,-0.05829596412556054,-0.8161434977578476,-0.09865470852017937,-0.9237668161434978,-0.13452914798206278
2,0.0,0.0,-0.0043859649122807015,-0.2543859649122807,-0.07894736842105263,-0.4473684210526316,-0.17105263157894737,-0.6271929824561403,-0.2412280701754386,-0.7719298245614035,-0.3201754385964912,-0.4342105263157895,-0.5087719298245614,-0.6535087719298246,-0.6447368421052632,-0.7763157894736842,-0.7631578947368421,-0.8640350877192983,-0.42543859649122806,-0.3157894736842105,-0.6710526315789473,-0.5043859649122807,-0.8421052631578947,-0.6096491228070176,-0.9780701754385965,-0.6885964912280702,-0.4824561403508772,-0.17543859649122806,-0.7192982456140351,-0.3201754385964912,-0.881578947368421,-0.40350877192982454,-1.0,-0.4692982456140351,-0.5,-0.03070175438596491,-0.6929824561403509,-0.07894736842105263,-0.8201754385964912,-0.10526315789473684,-0.9254385964912281,-0.12719298245614036
2,0.0,0.0,-0.008733624454148471,-0.2576419213973799,-0.07423580786026202,-0.4497816593886463,-0.16593886462882096,-0.6244541484716157,-0.24017467248908297,-0.7685589519650655,-0.3231441048034934,-0.4279475982532751,-0.5152838427947598,-0.6506550218340611,-0.6506550218340611,-0.7729257641921398,-0.7641921397379913,-0.8602620087336245,-0.42358078602620086,-0.31004366812227074,-0.6724890829694323,-0.5021834061135371,-0.8427947598253275,-0.6069868995633187,-0.9781659388646288,-0.6855895196506551,-0.48034934497816595,-0.1703056768558952,-0.7205240174672489,-0.314410480349345,-0.8820960698689956,-0.40611353711790393,-1.0,-0.4759825327510917,-0.4978165938864629,-0.026200873362445413,-0.6986899563318777,-0.07423580786026202,-0.8209606986899564,-0.1091703056768559,-0.925764192139738,-0.13537117903930132
2,0.0,0.0,-0.004366812227074236,-0.26200873362445415,-0.06986899563318777,-0.462882096069869,-0.1572052401746725,-0.6462882096069869,-0.22707423580786026,-0.7903930131004366,-0.314410480349345,-0.4279475982532751,-0.5065502183406113,-0.6550218340611353,-0.6462882096069869,-0.7816593886462883,-0.7641921397379913,-0.868995633187773,-0.4104803493449782,-0.31004366812227074,-0.6681222707423581,-0.5065502183406113,-0.8427947598253275,-0.611353711790393,-0.982532751091703,-0.6899563318777293,-0.47161572052401746,-0.17467248908296942,-0.7161572052401747,-0.314410480349345,-0.8777292576419214,-0.4017467248908297,-1.0,-0.4672489082969432,-0.49344978165938863,-0.03056768558951965,-0.6986899563318777,-0.07860262008733625,-0.8253275109170306,-0.10480349344978165,-0.9301310043668122,-0.12663755458515283
2,0.0,0.0,-0.01293103448275862,-0.25,-0.09051724137931035,-0.4353448275862069,-0.1853448275862069,-0.5948275862068966,-0.25862068965517243,-0.728448275862069,-0.31896551724137934,-0.40086206896551724,-0.5258620689655172,-0.6163793103448276,-0.6724137931034483,-0.728448275862069,-0.7931034482758621,-0.8060344827586207,-0.41379310344827586,-0.27586206896551724,-0.6810344827586207,-0.4525862068965517,-0.8577586206896551,-0.5474137931034483,-1.0,-0.6163793103448276,-0.46120689655172414,-0.1336206896551724,-0.7155172413793104,-0.25862068965517243,-0.8793103448275862,-0.33620689655172414,-1.0,-0.40086206896551724,-0.47413793103448276,0.008620689655172414,-0.6810344827586207,-0.02586206896551724,-0.8060344827586207,-0.04741379310344827,-0.9137931034482759,-0.06896551724137931
2,0.0,0.0,-0.029411764705882353,-0.24789915966386555,-0.1092436974789916,-0.4327731092436975,-0.21428571428571427,-0.5882352941176471,-0.29411764705882354,-0.7058823529411765,-0.3277310924369748,-0.39915966386554624,-0.5168067226890757,-0.6008403361344538,-0.6554621848739496,-0.7142857142857143,-0.7689075630252101,-0.7941176470588235,-0.41596638655462187,-0.2773109243697479,-0.6638655462184874,-0.4411764705882353,-0.8361344537815126,-0.5294117647058824,-0.9747899159663865,-0.592436974789916,-0.46638655462184875,-0.13865546218487396,-0.7100840336134454,-0.2647058823529412,-0.8739495798319328,-0.3403361344537815,-1.0,-0.39915966386554624,-0.4789915966386555,0.004201680672268907,-0.6722689075630253,-0.029411764705882353,-0.8025210084033614,-0.05042016806722689,-0.907563025210084,-0.07563025210084033
2,0.0,0.0,-0.37349397590361444,0.10843373493975904,-0.6265060240963856,0.10240963855421686,-0.8132530120481928,0.08433734939759036,-0.8975903614457831,0.06626506024096386,-0.6626506024096386,-0.5120481927710844,-1.0,-0.26506024096385544,-0.8734939759036144,-0.10843373493975904,-0.7530120481927711,-0.1144578313253012,-0.5903614457831325,-0.5,-0.9337349397590361,-0.1927710843373494,-0.8192771084337349,-0.04216867469879518,-0.7108433734939759,-0.06626506024096386,-0.5240963855421686,-0.39759036144578314,-0.8132530120481928,-0.05421686746987952,-0.6927710843373494,0.060240963855421686,-0.5903614457831325,0.018072289156626505,-0.46987951807228917,-0.2469879518072289,-0.6626506024096386,0.030120481927710843,-0.5662650602409639,0.12048192771084337,-0.4819277108433735,0.09036144578313253
2,0.0,0.0,-0.28019323671497587,0.06763285024154589,-0.5024154589371981,0.033816425120772944,-0.6714975845410628,0.06280193236714976,-0.821256038647343,0.1111111111111111,-0.45893719806763283,-0.3285024154589372,-0.6666666666666666,-0.4251207729468599,-0.8405797101449275,-0.41545893719806765,-0.9710144927536232,-0.3671497584541063,-0.4251207729468599,-0.357487922705314,-0.6714975845410628,-0.463768115942029,-0.8599033816425121,-0.43478260869565216,-1.0,-0.37681159420289856,-0.38164251207729466,-0.32367149758454106,-0.6280193236714976,-0.42995169082125606,-0.821256038647343,-0.4106280193236715,-0.9565217391304348,-0.36231884057971014,-0.3526570048309179,-0.22705314009661837,-0.5458937198067633,-0.30434782608695654,-0.6859903381642513,-0.3140096618357488,-0.8067632850241546,-0.2946859903381642
2,0.0,0.0,-0.2696078431372549,0.0784313725490196,-0.5343137254901961,0.058823529411764705,-0.7254901960784313,0.08333333333333333,-0.8970588235294118,0.1323529411764706,-0.6127450980392157,-0.37254901960784315,-0.9068627450980392,-0.28431372549019607,-1.0,-0.10294117647058823,-0.9803921568627451,0.06862745098039216,-0.5343137254901961,-0.4117647058823529,-0.8823529411764706,-0.3088235294117647,-0.9705882352941176,-0.08333333333333333,-0.9558823529411765,0.10784313725490197,-0.43137254901960786,-0.3872549019607843,-0.7696078431372549,-0.3235294117647059,-0.8921568627450981,-0.12254901960784313,-0.9166666666666666,0.049019607843137254,-0.3284313725490196,-0.29411764705882354,-0.5441176470588235,-0.3137254901960784,-0.6813725490196079,-0.28921568627450983,-0.7843137254901961,-0.2647058823529412
2,0.0,0.0,-0.24456521739130435,0.005434782608695652,-0.45108695652173914,-0.06521739130434782,-0.6304347826086957,-0.08152173913043478,-0.7989130434782609,-0.059782608695652176,-0.2608695652173913,-0.45108695652173914,-0.5706521739130435,-0.483695652173913,-0.7880434782608695,-0.5108695652173914,-0.9565217391304348,-0.5217391304347826,-0.25,-0.42934782608695654,-0.592391304347826,-0.4945652173913043,-0.8206521739130435,-0.5108695652173914,-1.0,-0.5163043478260869,-0.2554347826086957,-0.3423913043478261,-0.5706521739130435,-0.43478260869565216,-0.7880434782608695,-0.44021739130434784,-0.967391304347826,-0.42934782608695654,-0.29347826086956524,-0.21195652173913043,-0.4945652173913043,-0.2608695652173913,-0.6521739130434783,-0.2554347826086957,-0.7771739130434783,-0.22826086956521738
2,0.0,0.0,-0.29385964912280704,-0.043859649122807015,-0.49122807017543857,-0.12719298245614036,-0.6666666666666666,-0.15789473684210525,-0.8070175438596491,-0.14473684210526316,-0.3815789473684211,-0.4780701754385965,-0.6491228070175439,-0.5,-0.8201754385964912,-0.5,-0.9605263157894737,-0.4868421052631579,-0.36403508771929827,-0.4692982456140351,-0.6798245614035088,-0.5043859649122807,-0.8552631578947368,-0.4956140350877193,-1.0,-0.4780701754385965,-0.3508771929824561,-0.40350877192982454,-0.6359649122807017,-0.4473684210526316,-0.8114035087719298,-0.4473684210526316,-0.956140350877193,-0.4298245614035088,-0.35526315789473684,-0.2850877192982456,-0.5307017543859649,-0.3333333333333333,-0.6535087719298246,-0.32456140350877194,-0.7719298245614035,-0.2982456140350877
2,0.0,0.0,0.17343173431734318,-0.12177121771217712,0.3062730627306273,-0.2656826568265683,0.4132841328413284,-0.4059040590405904,0.4944649446494465,-0.5276752767527675,0.1070110701107011,-0.4575645756457565,0.08118081180811808,-0.7084870848708487,0.055350553505535055,-0.8523985239852399,0.03690036900369004,-0.9704797047970479,-0.025830258302583026,-0.44649446494464945,-0.06273062730627306,-0.7121771217712177,-0.08487084870848709,-0.8782287822878229,-0.1033210332103321,-1.0,-0.14391143911439114,-0.4022140221402214,-0.2066420664206642,-0.6273062730627307,-0.22140221402214022,-0.7675276752767528,-0.22878228782287824,-0.8782287822878229,-0.24354243542435425,-0.33948339483394835,-0.2767527675276753,-0.4907749077490775,-0.2730627306273063,-0.5645756457564576,-0.26199261992619927,-0.6273062730627307
2,0.0,0.0,0.1827956989247312,-0.0967741935483871,0.3118279569892473,-0.2007168458781362,0.43010752688172044,-0.32616487455197135,0.5089605734767025,-0.4444444444444444,0.08602150537634409,-0.40860215053763443,0.11469534050179211,-0.6594982078853047,0.11827956989247312,-0.8028673835125448,0.10752688172043011,-0.9247311827956989,-0.05017921146953405,-0.4121863799283154,-0.03942652329749104,-0.6953405017921147,-0.03942652329749104,-0.8709677419354839,-0.053763440860215055,-1.0,-0.16129032258064516,-0.3870967741935484,-0.17204301075268819,-0.6379928315412187,-0.17921146953405018,-0.7956989247311828,-0.1971326164874552,-0.910394265232975,-0.24372759856630824,-0.34408602150537637,-0.2724014336917563,-0.5412186379928315,-0.2867383512544803,-0.6451612903225806,-0.3046594982078853,-0.7204301075268817
2,0.0,0.0,-0.12794612794612795,-0.08417508417508418,-0.1919191919191919,-0.2222222222222222,-0.15488215488215487,-0.3400673400673401,-0.12121212121212122,-0.4444444444444444,-0.18181818181818182,-0.48148148148148145,-0.27946127946127947,-0.6599326599326599,-0.3367003367003367,-0.7744107744107744,-0.37373737373737376,-0.8787878787878788,-0.05723905723905724,-0.5016835016835017,-0.05723905723905724,-0.7373737373737373,-0.06060606060606061,-0.8787878787878788,-0.050505050505050504,-1.0,0.05723905723905724,-0.4511784511784512,0.037037037037037035,-0.5824915824915825,-0.016835016835016835,-0.4478114478114478,-0.04377104377104377,-0.3501683501683502,0.15824915824915825,-0.3602693602693603,0.12121212121212122,-0.4444444444444444,0.05387205387205387,-0.367003367003367,0.006734006734006734,-0.2996632996632997
2,0.0,0.0,-0.13013698630136986,-0.08904109589041095,-0.1917808219178082,-0.22945205479452055,-0.15753424657534246,-0.3527397260273973,-0.10616438356164383,-0.4520547945205479,-0.18493150684931506,-0.4828767123287671,-0.2910958904109589,-0.6575342465753424,-0.3493150684931507,-0.7705479452054794,-0.3904109589041096,-0.8767123287671232,-0.06506849315068493,-0.5034246575342466,-0.07534246575342465,-0.7363013698630136,-0.0821917808219178,-0.8767123287671232,-0.07534246575342465,-1.0,0.04452054794520548,-0.4554794520547945,0.03767123287671233,-0.5958904109589042,-0.010273972602739725,-0.4589041095890411,-0.03424657534246575,-0.3527397260273973,0.14383561643835616,-0.3698630136986301,0.1232876712328767,-0.4589041095890411,0.06164383561643835,-0.3801369863013699,0.017123287671232876,-0.3082191780821918
2,0.0,0.0,-0.13058419243986255,-0.08934707903780069,-0.1958762886597938,-0.21993127147766323,-0.16494845360824742,-0.3402061855670103,-0.13745704467353953,-0.44329896907216493,-0.1958762886597938,-0.47766323024054985,-0.29896907216494845,-0.6529209621993127,-0.36082474226804123,-0.7663230240549829,-0.4020618556701031,-0.8694158075601375,-0.07560137457044673,-0.49828178694158076,-0.08247422680412371,-0.7319587628865979,-0.09278350515463918,-0.872852233676976,-0.0859106529209622,-1.0,0.037800687285223365,-0.4536082474226804,0.037800687285223365,-0.5910652920962199,-0.013745704467353952,-0.46048109965635736,-0.041237113402061855,-0.35738831615120276,0.140893470790378,-0.36769759450171824,0.11683848797250859,-0.45017182130584193,0.054982817869415807,-0.3745704467353952,0.013745704467353952,-0.30584192439862545
2,0.0,0.0,-0.13636363636363635,-0.12121212121212122,-0.17424242424242425,-0.3143939393939394,-0.0946969696969697,-0.45075757575757575,-0.011363636363636364,-0.5606060606060606,-0.13257575757575757,-0.5492424242424242,-0.19318181818181818,-0.7462121212121212,-0.22727272727272727,-0.875,-0.25,-0.9924242424242424,-0.011363636363636364,-0.553030303030303,0.022727272727272728,-0.7689393939393939,0.06439393939393939,-0.8977272727272727,0.09090909090909091,-1.0,0.08333333333333333,-0.4962121212121212,0.125,-0.7007575757575758,0.14393939393939395,-0.8371212121212122,0.1553030303030303,-0.9621212121212122,0.1590909090909091,-0.4053030303030303,0.11363636363636363,-0.5037878787878788,0.03409090909090909,-0.5,-0.03787878787878788,-0.48484848484848486
2,0.0,0.0,-0.1387900355871886,-0.1103202846975089,-0.18149466192170818,-0.29537366548042704,-0.12099644128113879,-0.4377224199288256,-0.060498220640569395,-0.5444839857651246,-0.15302491103202848,-0.5231316725978647,-0.21708185053380782,-0.7117437722419929,-0.24555160142348753,-0.8398576512455516,-0.2704626334519573,-0.9537366548042705,-0.03558718861209965,-0.5338078291814946,-0.017793594306049824,-0.7508896797153025,0.0071174377224199285,-0.8861209964412812,0.02491103202846975,-1.0,0.060498220640569395,-0.48398576512455516,0.08540925266903915,-0.6797153024911032,0.09252669039145907,-0.8149466192170819,0.09608540925266904,-0.9359430604982206,0.1387900355871886,-0.398576512455516,0.09252669039145907,-0.48398576512455516,0.017793594306049824,-0.4626334519572954,-0.05338078291814947,-0.43416370106761565
2,0.0,0.0,-0.16228070175438597,-0.013157894736842105,-0.2982456140350877,-0.15350877192982457,-0.23684210526315788,-0.3508771929824561,-0.15350877192982457,-0.5,-0.47368421052631576,-0.37719298245614036,-0.6666666666666666,-0.5307017543859649,-0.7850877192982456,-0.6403508771929824,-0.8903508771929824,-0.7456140350877193,-0.3684210526315789,-0.4824561403508772,-0.5394736842105263,-0.7192982456140351,-0.6359649122807017,-0.8728070175438597,-0.7192982456140351,-0.9956140350877193,-0.23684210526315788,-0.5131578947368421,-0.3201754385964912,-0.7236842105263158,-0.39473684210526316,-0.868421052631579,-0.4649122807017544,-1.0,-0.08333333333333333,-0.4868421052631579,-0.12280701754385964,-0.5614035087719298,-0.10087719298245613,-0.49122807017543857,-0.07456140350877193,-0.4166666666666667
2,0.0,0.0,-0.1598173515981735,-0.0136986301369863,-0.2922374429223744,-0.1552511415525114,-0.2511415525114155,-0.3607305936073059,-0.2237442922374429,-0.5114155251141552,-0.502283105022831,-0.3561643835616438,-0.7123287671232876,-0.502283105022831,-0.8401826484018264,-0.6073059360730594,-0.9497716894977168,-0.7031963470319634,-0.4018264840182648,-0.4748858447488584,-0.5844748858447488,-0.7077625570776256,-0.684931506849315,-0.867579908675799,-0.776255707762557,-1.0,-0.2694063926940639,-0.5114155251141552,-0.365296803652968,-0.7168949771689498,-0.4429223744292237,-0.8584474885844748,-0.5159817351598174,-0.9954337899543378,-0.1141552511415525,-0.4977168949771689,-0.1643835616438356,-0.5616438356164384,-0.1506849315068493,-0.4840182648401826,-0.1187214611872146,-0.410958904109589
2,0.0,0.0,-0.16071428571428573,0.004464285714285714,-0.28125,-0.10714285714285714,-0.25892857142857145,-0.29017857142857145,-0.22767857142857142,-0.45089285714285715,-0.5,-0.33482142857142855,-0.7142857142857143,-0.46875,-0.8571428571428571,-0.5669642857142857,-0.96875,-0.6607142857142857,-0.41517857142857145,-0.46875,-0.5982142857142857,-0.6964285714285714,-0.7098214285714286,-0.8482142857142857,-0.8035714285714286,-0.9776785714285714,-0.29464285714285715,-0.5223214285714286,-0.41517857142857145,-0.7410714285714286,-0.48660714285714285,-0.8794642857142857,-0.5580357142857143,-1.0,-0.14285714285714285,-0.5267857142857143,-0.14732142857142858,-0.6964285714285714,-0.13839285714285715,-0.8035714285714286,-0.14285714285714285,-0.9017857142857143
2,0.0,0.0,-0.1643835616438356,0.0091324200913242,-0.2968036529680365,-0.091324200913242,-0.2831050228310502,-0.273972602739726,-0.2648401826484018,-0.4292237442922374,-0.502283105022831,-0.3013698630136986,-0.730593607305936,-0.4292237442922374,-0.8812785388127854,-0.5251141552511416,-1.0,-0.6210045662100456,-0.4155251141552511,-0.4383561643835616,-0.6118721461187214,-0.6621004566210046,-0.7214611872146118,-0.8127853881278538,-0.817351598173516,-0.9452054794520548,-0.2922374429223744,-0.502283105022831,-0.4200913242009132,-0.726027397260274,-0.4885844748858447,-0.867579908675799,-0.5525114155251142,-0.9863013698630136,-0.1461187214611872,-0.5114155251141552,-0.1415525114155251,-0.6894977168949772,-0.136986301369863,-0.8082191780821918,-0.1415525114155251,-0.91324200913242
2,0.0,0.0,-0.16017316017316016,0.017316017316017316,-0.2943722943722944,-0.06926406926406926,-0.2987012987012987,-0.24242424242424243,-0.29004329004329005,-0.39826839826839827,-0.5108225108225108,-0.27705627705627706,-0.7316017316017316,-0.38961038961038963,-0.8831168831168831,-0.4805194805194805,-1.0,-0.5670995670995671,-0.4329004329004329,-0.41125541125541126,-0.6277056277056277,-0.6147186147186147,-0.7445887445887446,-0.7575757575757576,-0.8441558441558441,-0.8787878787878788,-0.31601731601731603,-0.47186147186147187,-0.44155844155844154,-0.6796536796536796,-0.5151515151515151,-0.8138528138528138,-0.5887445887445888,-0.9264069264069265,-0.17316017316017315,-0.48917748917748916,-0.18614718614718614,-0.658008658008658,-0.18614718614718614,-0.7705627705627706,-0.19480519480519481,-0.8658008658008658
2,0.0,0.0,-0.15217391304347827,0.013043478260869565,-0.2782608695652174,-0.0782608695652174,-0.2826086956521739,-0.2565217391304348,-0.2826086956521739,-0.41739130434782606,-0.508695652173913,-0.2826086956521739,-0.7304347826086957,-0.39565217391304347,-0.8826086956521739,-0.48695652173913045,-1.0,-0.5739130434782609,-0.43043478260869567,-0.41739130434782606,-0.6260869565217392,-0.6217391304347826,-0.7391304347826086,-0.7652173913043478,-0.8391304347826087,-0.8913043478260869,-0.3130434782608696,-0.4826086956521739,-0.4391304347826087,-0.6869565217391305,-0.5130434782608696,-0.8217391304347826,-0.5826086956521739,-0.9347826086956522,-0.16956521739130434,-0.4956521739130435,-0.1782608695652174,-0.6652173913043479,-0.1782608695652174,-0.7782608695652173,-0.19130434782608696,-0.8739130434782608
2,0.0,0.0,-0.18807339449541285,0.01834862385321101,-0.3440366972477064,-0.07339449541284404,-0.3669724770642202,-0.22935779816513763,-0.38990825688073394,-0.3440366972477064,-0.5321100917431193,-0.3073394495412844,-0.7477064220183486,-0.43577981651376146,-0.8899082568807339,-0.536697247706422,-1.0,-0.6284403669724771,-0.43119266055045874,-0.44036697247706424,-0.6238532110091743,-0.6605504587155964,-0.7385321100917431,-0.8119266055045872,-0.8348623853211009,-0.944954128440367,-0.29357798165137616,-0.5045871559633027,-0.42201834862385323,-0.7155963302752294,-0.5045871559633027,-0.8623853211009175,-0.5779816513761468,-0.9862385321100917,-0.13761467889908258,-0.518348623853211,-0.14678899082568808,-0.6880733944954128,-0.1559633027522936,-0.8119266055045872,-0.16972477064220184,-0.9220183486238532
2,0.0,0.0,-0.20717131474103587,-0.00796812749003984,-0.4262948207171315,-0.06772908366533864,-0.601593625498008,-0.099601593625498,-0.7450199203187251,-0.09561752988047809,-0.38645418326693226,-0.3784860557768924,-0.5418326693227091,-0.5577689243027888,-0.6334661354581673,-0.6772908366533864,-0.7051792828685259,-0.7888446215139442,-0.26693227091633465,-0.4581673306772908,-0.35856573705179284,-0.6932270916334662,-0.41832669322709165,-0.8565737051792829,-0.46215139442231074,-1.0,-0.13545816733067728,-0.47808764940239046,-0.16733067729083664,-0.701195219123506,-0.1952191235059761,-0.8446215139442231,-0.21912350597609562,-0.9721115537848606,-0.00398406374501992,-0.44621513944223107,0.05179282868525897,-0.5976095617529881,0.08764940239043825,-0.7051792828685259,0.11553784860557768,-0.8087649402390438
2,0.0,0.0,-0.19844357976653695,-0.011673151750972763,-0.4046692607003891,-0.08560311284046693,-0.5719844357976653,-0.1245136186770428,-0.7042801556420234,-0.13229571984435798,-0.36186770428015563,-0.40077821011673154,-0.4980544747081712,-0.5758754863813229,-0.5836575875486382,-0.6964980544747081,-0.642023346303502,-0.8054474708171206,-0.23735408560311283,-0.4669260700389105,-0.3151750972762646,-0.7003891050583657,-0.3657587548638132,-0.8599221789883269,-0.40077821011673154,-1.0,-0.10894941634241245,-0.47470817120622566,-0.1245136186770428,-0.688715953307393,-0.14396887159533073,-0.8326848249027238,-0.15953307392996108,-0.9610894941634242,0.019455252918287938,-0.43190661478599224,0.08171206225680934,-0.5758754863813229,0.1245136186770428,-0.6770428015564203,0.1517509727626459,-0.7782101167315175
2,0.0,0.0,-0.2,-0.011764705882352941,-0.40784313725490196,-0.0784313725490196,-0.5803921568627451,-0.12156862745098039,-0.7137254901960784,-0.12941176470588237,-0.36470588235294116,-0.396078431372549,-0.5058823529411764,-0.5764705882352941,-0.592156862745098,-0.6941176470588235,-0.6509803921568628,-0.803921568627451,-0.23921568627450981,-0.4666666666666667,-0.3215686274509804,-0.6980392156862745,-0.37254901960784315,-0.8627450980392157,-0.40784313725490196,-1.0,-0.10980392156862745,-0.4745098039215686,-0.12549019607843137,-0.6941176470588235,-0.1450980392156863,-0.8352941176470589,-0.1607843137254902,-0.9607843137254902,0.0196078431372549,-0.43137254901960786,0.08235294117647059,-0.5764705882352941,0.12156862745098039,-0.6784313725490196,0.14901960784313725,-0.7764705882352941
2,0.0,0.0,-0.1968503937007874,-0.015748031496062992,-0.4015748031496063,-0.09055118110236221,-0.5748031496062992,-0.1377952755905512,-0.7204724409448819,-0.15354330708661418,-0.3661417322834646,-0.4094488188976378,-0.5118110236220472,-0.5748031496062992,-0.5984251968503937,-0.6850393700787402,-0.6614173228346457,-0.7913385826771654,-0.2440944881889764,-0.48031496062992124,-0.32677165354330706,-0.7047244094488189,-0.3779527559055118,-0.8622047244094488,-0.41732283464566927,-1.0,-0.11811023622047244,-0.4881889763779528,-0.14960629921259844,-0.6968503937007874,-0.16929133858267717,-0.8346456692913385,-0.19291338582677164,-0.9606299212598425,0.015748031496062992,-0.44881889763779526,0.05905511811023622,-0.5866141732283464,0.08661417322834646,-0.6811023622047244,0.1062992125984252,-0.7795275590551181
2,0.0,0.0,-0.2311111111111111,-0.16,-0.35555555555555557,-0.3377777777777778,-0.44,-0.4533333333333333,-0.5422222222222223,-0.5466666666666666,-0.1688888888888889,-0.6,-0.25333333333333335,-0.76,-0.31555555555555553,-0.8888888888888888,-0.36444444444444446,-1.0,-0.08444444444444445,-0.5644444444444444,-0.36444444444444446,-0.4711111111111111,-0.35555555555555557,-0.37333333333333335,-0.28888888888888886,-0.36,-0.04,-0.4577777777777778,-0.3377777777777778,-0.3288888888888889,-0.31555555555555553,-0.25333333333333335,-0.24444444444444444,-0.26666666666666666,-0.035555555555555556,-0.3244444444444444,-0.3022222222222222,-0.21777777777777776,-0.28888888888888886,-0.16444444444444445,-0.22666666666666666,-0.18666666666666668
2,0.0,0.0,0.09022556390977443,-0.20300751879699247,0.041353383458646614,-0.41353383458646614,-0.06390977443609022,-0.5676691729323309,-0.16165413533834586,-0.631578947368421,-0.015037593984962405,-0.46616541353383456,-0.018796992481203006,-0.7330827067669173,-0.018796992481203006,-0.8834586466165414,-0.03007518796992481,-1.0,-0.15789473684210525,-0.4323308270676692,-0.18421052631578946,-0.6278195488721805,-0.13533834586466165,-0.575187969924812,-0.09774436090225563,-0.5,-0.2631578947368421,-0.38721804511278196,-0.23684210526315788,-0.5037593984962406,-0.18796992481203006,-0.4548872180451128,-0.16917293233082706,-0.39097744360902253,-0.3383458646616541,-0.3383458646616541,-0.29699248120300753,-0.424812030075188,-0.2518796992481203,-0.38345864661654133,-0.24436090225563908,-0.3308270676691729
2,0.0,0.0,0.08148148148148149,-0.2037037037037037,0.037037037037037035,-0.4,-0.06296296296296296,-0.5518518518518518,-0.14444444444444443,-0.6296296296296297,-0.03333333333333333,-0.4703703703703704,-0.03333333333333333,-0.7333333333333333,-0.03333333333333333,-0.8814814814814815,-0.044444444444444446,-1.0,-0.17407407407407408,-0.44074074074074077,-0.18518518518518517,-0.6333333333333333,-0.12962962962962962,-0.5851851851851851,-0.0962962962962963,-0.5111111111111111,-0.27037037037037037,-0.3925925925925926,-0.23333333333333334,-0.5148148148148148,-0.1814814814814815,-0.4703703703703704,-0.16296296296296298,-0.4074074074074074,-0.337037037037037,-0.34444444444444444,-0.28888888888888886,-0.42962962962962964,-0.24444444444444444,-0.3925925925925926,-0.23703703703703705,-0.34074074074074073
2,0.0,0.0,0.09225092250922509,-0.2029520295202952,0.04059040590405904,-0.4022140221402214,-0.05904059040590406,-0.5498154981549815,-0.13284132841328414,-0.6273062730627307,-0.02952029520295203,-0.47601476014760147,-0.033210332103321034,-0.7343173431734318,-0.033210332103321034,-0.8856088560885609,-0.04428044280442804,-1.0,-0.16974169741697417,-0.44280442804428044,-0.18450184501845018,-0.6346863468634686,-0.12915129151291513,-0.5904059040590406,-0.0959409594095941,-0.5166051660516605,-0.26199261992619927,-0.39114391143911437,-0.23616236162361623,-0.5202952029520295,-0.18450184501845018,-0.4797047970479705,-0.16605166051660517,-0.41697416974169743,-0.3284132841328413,-0.33579335793357934,-0.2915129151291513,-0.4317343173431734,-0.24723247232472326,-0.3948339483394834,-0.23985239852398524,-0.34317343173431736
2,0.0,0.0,0.10116731517509728,-0.1828793774319066,0.07392996108949416,-0.3852140077821012,-0.027237354085603113,-0.5058365758754864,-0.11673151750972763,-0.5603112840466926,0.04669260700389105,-0.4280155642023346,0.07003891050583658,-0.7159533073929961,0.07782101167315175,-0.8793774319066148,0.08949416342412451,-1.0,-0.0933852140077821,-0.4046692607003891,-0.14396887159533073,-0.6964980544747081,-0.17898832684824903,-0.867704280155642,-0.20622568093385213,-0.9922178988326849,-0.2140077821011673,-0.3657587548638132,-0.21011673151750973,-0.5719844357976653,-0.15953307392996108,-0.5330739299610895,-0.13618677042801555,-0.46303501945525294,-0.30739299610894943,-0.32684824902723736,-0.27626459143968873,-0.4980544747081712,-0.22957198443579765,-0.4591439688715953,-0.21011673151750973,-0.3968871595330739
2,0.0,0.0,0.11067193675889328,-0.19367588932806323,0.05138339920948617,-0.4150197628458498,-0.08300395256916997,-0.5770750988142292,-0.19367588932806323,-0.6837944664031621,0.08695652173913043,-0.38735177865612647,0.11067193675889328,-0.6877470355731226,0.13043478260869565,-0.857707509881423,0.14624505928853754,-0.9881422924901185,-0.05138339920948617,-0.3557312252964427,-0.10276679841897234,-0.6758893280632411,-0.1383399209486166,-0.8616600790513834,-0.16996047430830039,-1.0,-0.18181818181818182,-0.3241106719367589,-0.18972332015810275,-0.5652173913043478,-0.15019762845849802,-0.5138339920948617,-0.13438735177865613,-0.43873517786561267,-0.2924901185770751,-0.2964426877470356,-0.2727272727272727,-0.4980237154150198,-0.22529644268774704,-0.45454545454545453,-0.2134387351778656,-0.383399209486166
2,0.0,0.0,0.15705765407554673,0.12922465208747516,0.2882703777335984,0.25646123260437376,0.46520874751491054,0.33399602385685884,0.6163021868787276,0.3836978131212724,0.033797216699801194,0.5069582504970179,0.04771371769383698,0.8071570576540755,0.05168986083499006,0.9860834990059643,0.05168986083499006,1.0,-0.14314115308151093,0.47514910536779326,-0.22465208747514911,0.7614314115308151,-0.268389662027833,0.9363817097415507,-0.30417495029821073,1.0,-0.2544731610337972,0.3956262425447316,-0.35984095427435386,0.6222664015904572,-0.4254473161033797,0.7713717693836978,-0.4731610337972167,0.878727634194831,-0.30417495029821073,0.31809145129224653,-0.3996023856858847,0.4711729622266402,-0.44930417495029823,0.5646123260437376,-0.49304174950298213,0.6381709741550696
2,0.0,0.0,0.15768463073852296,0.12974051896207583,0.28542914171656686,0.25149700598802394,0.46706586826347307,0.3213572854291417,0.6187624750499002,0.36926147704590817,0.031936127744510975,0.49101796407185627,0.04790419161676647,0.7884231536926147,0.05389221556886228,0.9700598802395209,0.05389221556886228,1.0,-0.14171656686626746,0.4630738522954092,-0.22554890219560877,0.7544910179640718,-0.26147704590818366,0.9341317365269461,-0.2834331337325349,1.0,-0.25149700598802394,0.3872255489021956,-0.34530938123752497,0.6167664670658682,-0.3972055888223553,0.7844311377245509,-0.43313373253493015,0.9021956087824351,-0.2994011976047904,0.3093812375249501,-0.36926147704590817,0.46506986027944114,-0.40119760479041916,0.5668662674650699,-0.42714570858283435,0.6467065868263473
2,0.0,0.0,-0.17627118644067796,-0.061016949152542375,-0.26440677966101694,-0.2,-0.22372881355932203,-0.3593220338983051,-0.19322033898305085,-0.4711864406779661,-0.3152542372881356,-0.43389830508474575,-0.4542372881355932,-0.6,-0.5389830508474577,-0.7152542372881356,-0.6101694915254238,-0.8169491525423729,-0.19661016949152543,-0.4745762711864407,-0.2440677966101695,-0.711864406779661,-0.27796610169491526,-0.8677966101694915,-0.2983050847457627,-1.0,-0.07457627118644068,-0.4542372881355932,-0.0847457627118644,-0.535593220338983,-0.1016949152542373,-0.4033898305084746,-0.10508474576271186,-0.3016949152542373,0.04406779661016949,-0.4,0.030508474576271188,-0.4847457627118644,0.006779661016949152,-0.3864406779661017,-0.003389830508474576,-0.3016949152542373
2,0.0,0.0,-0.18055555555555555,-0.04513888888888889,-0.2777777777777778,-0.1875,-0.2534722222222222,-0.3541666666666667,-0.22916666666666666,-0.4930555555555556,-0.3472222222222222,-0.4166666666666667,-0.4965277777777778,-0.5833333333333334,-0.5902777777777778,-0.7013888888888888,-0.6597222222222222,-0.8020833333333334,-0.21875,-0.4652777777777778,-0.2777777777777778,-0.7048611111111112,-0.3263888888888889,-0.8680555555555556,-0.3472222222222222,-1.0,-0.08680555555555555,-0.4479166666666667,-0.1076388888888889,-0.5347222222222222,-0.125,-0.3888888888888889,-0.12152777777777778,-0.2916666666666667,0.03125,-0.4027777777777778,0.003472222222222222,-0.4791666666666667,-0.013888888888888888,-0.3784722222222222,-0.013888888888888888,-0.2986111111111111
2,0.0,0.0,-0.17894736842105263,-0.042105263157894736,-0.28421052631578947,-0.19298245614035087,-0.2631578947368421,-0.36140350877192984,-0.24210526315789474,-0.5052631578947369,-0.3543859649122807,-0.4105263157894737,-0.5052631578947369,-0.5789473684210527,-0.6070175438596491,-0.6947368421052632,-0.6771929824561403,-0.7964912280701755,-0.22807017543859648,-0.4631578947368421,-0.29473684210526313,-0.7017543859649122,-0.34035087719298246,-0.8666666666666667,-0.3649122807017544,-1.0,-0.09473684210526316,-0.44912280701754387,-0.11929824561403508,-0.5473684210526316,-0.1368421052631579,-0.4,-0.13333333333333333,-0.29473684210526313,0.028070175438596492,-0.4105263157894737,0.0,-0.49122807017543857,-0.021052631578947368,-0.38596491228070173,-0.028070175438596492,-0.2982456140350877
2,0.0,0.0,-0.19047619047619047,-0.06227106227106227,-0.2967032967032967,-0.21245421245421245,-0.2893772893772894,-0.38461538461538464,-0.2967032967032967,-0.5128205128205128,-0.38095238095238093,-0.4139194139194139,-0.5457875457875457,-0.575091575091575,-0.6483516483516484,-0.684981684981685,-0.7289377289377289,-0.7838827838827839,-0.2600732600732601,-0.47619047619047616,-0.336996336996337,-0.717948717948718,-0.39194139194139194,-0.8717948717948718,-0.42124542124542125,-1.0,-0.12087912087912088,-0.47619047619047616,-0.16483516483516483,-0.5787545787545788,-0.17216117216117216,-0.42857142857142855,-0.1575091575091575,-0.32967032967032966,0.014652014652014652,-0.4358974358974359,-0.02564102564102564,-0.5054945054945055,-0.047619047619047616,-0.41025641025641024,-0.047619047619047616,-0.34798534798534797
2,0.0,0.0,-0.1864406779661017,-0.06779661016949153,-0.2838983050847458,-0.2330508474576271,-0.2542372881355932,-0.4491525423728814,-0.2330508474576271,-0.6313559322033898,-0.5,-0.3898305084745763,-0.6949152542372882,-0.5550847457627118,-0.826271186440678,-0.673728813559322,-0.9067796610169492,-0.7627118644067796,-0.3813559322033898,-0.461864406779661,-0.5211864406779662,-0.6694915254237288,-0.5889830508474576,-0.7796610169491526,-0.6398305084745762,-0.864406779661017,-0.25,-0.4915254237288136,-0.3347457627118644,-0.7288135593220338,-0.3940677966101695,-0.885593220338983,-0.4576271186440678,-1.0,-0.11440677966101695,-0.4915254237288136,-0.15677966101694915,-0.6059322033898306,-0.16101694915254236,-0.6271186440677966,-0.1652542372881356,-0.6059322033898306
2,0.0,0.0,-0.1888412017167382,-0.08583690987124463,-0.26609442060085836,-0.26180257510729615,-0.2317596566523605,-0.4721030042918455,-0.2145922746781116,-0.648068669527897,-0.4892703862660944,-0.37339055793991416,-0.6738197424892703,-0.5407725321888412,-0.8154506437768241,-0.6738197424892703,-0.8884120171673819,-0.7725321888412017,-0.3605150214592275,-0.44206008583690987,-0.5150214592274678,-0.6351931330472103,-0.5879828326180258,-0.7553648068669528,-0.6394849785407726,-0.8540772532188842,-0.22746781115879827,-0.47639484978540775,-0.3261802575107296,-0.7124463519313304,-0.38626609442060084,-0.8798283261802575,-0.44206008583690987,-1.0,-0.08583690987124463,-0.4892703862660944,-0.14163090128755365,-0.6180257510729614,-0.12446351931330472,-0.6351931330472103,-0.10300429184549356,-0.592274678111588
2,0.0,0.0,-0.18410041841004185,-0.08786610878661087,-0.26359832635983266,-0.2594142259414226,-0.21338912133891214,-0.47280334728033474,-0.18410041841004185,-0.6485355648535565,-0.4811715481171548,-0.39748953974895396,-0.6569037656903766,-0.5690376569037657,-0.7907949790794979,-0.7071129707112971,-0.8661087866108786,-0.799163179916318,-0.35564853556485354,-0.46443514644351463,-0.502092050209205,-0.6694560669456067,-0.5815899581589958,-0.7824267782426778,-0.6401673640167364,-0.8786610878661087,-0.2217573221757322,-0.4895397489539749,-0.30962343096234307,-0.7238493723849372,-0.36401673640167365,-0.8870292887029289,-0.4225941422594142,-1.0,-0.07531380753138076,-0.48535564853556484,-0.11297071129707113,-0.606694560669456,-0.10460251046025104,-0.6317991631799164,-0.100418410041841,-0.6108786610878661
2,0.0,0.0,-0.24347826086956523,-0.06521739130434782,-0.3869565217391304,-0.23043478260869565,-0.4608695652173913,-0.3826086956521739,-0.5347826086956522,-0.508695652173913,-0.3869565217391304,-0.45652173913043476,-0.5260869565217391,-0.5869565217391305,-0.6260869565217392,-0.6782608695652174,-0.7,-0.7565217391304347,-0.2956521739130435,-0.5130434782608696,-0.3782608695652174,-0.7304347826086957,-0.4434782608695652,-0.8608695652173913,-0.5,-0.9739130434782609,-0.20869565217391303,-0.5260869565217391,-0.3,-0.7478260869565218,-0.40869565217391307,-0.8869565217391304,-0.4956521739130435,-1.0,-0.13043478260869565,-0.508695652173913,-0.30434782608695654,-0.5521739130434783,-0.4434782608695652,-0.4956521739130435,-0.5565217391304348,-0.4391304347826087
2,0.0,0.0,-0.04182509505703422,-0.155893536121673,-0.12927756653992395,-0.29277566539923955,-0.23954372623574144,-0.33840304182509506,-0.3269961977186312,-0.34220532319391633,-0.053231939163498096,-0.4600760456273764,-0.07224334600760456,-0.6615969581749049,-0.07224334600760456,-0.7756653992395437,-0.08365019011406843,-0.8631178707224335,-0.11787072243346007,-0.467680608365019,-0.14068441064638784,-0.7300380228136882,-0.1596958174904943,-0.8783269961977186,-0.17870722433460076,-1.0,-0.19391634980988592,-0.41825095057034223,-0.3041825095057034,-0.5893536121673004,-0.3840304182509506,-0.6844106463878327,-0.4372623574144487,-0.7642585551330798,-0.27756653992395436,-0.3269961977186312,-0.40304182509505704,-0.3688212927756654,-0.467680608365019,-0.33460076045627374,-0.49809885931558934,-0.29277566539923955
2,0.0,0.0,0.015209125475285171,-0.1634980988593156,-0.034220532319391636,-0.2965779467680608,-0.10646387832699619,-0.38022813688212925,-0.16730038022813687,-0.4144486692015209,0.0076045627376425855,-0.45627376425855515,0.026615969581749048,-0.6501901140684411,0.03802281368821293,-0.7642585551330798,0.03802281368821293,-0.8593155893536122,-0.07224334600760456,-0.46387832699619774,-0.10266159695817491,-0.7224334600760456,-0.12547528517110265,-0.8821292775665399,-0.1444866920152091,-1.0,-0.1634980988593156,-0.41825095057034223,-0.26996197718631176,-0.596958174904943,-0.34600760456273766,-0.6844106463878327,-0.3916349809885932,-0.7680608365019012,-0.2585551330798479,-0.34600760456273766,-0.3574144486692015,-0.39923954372623577,-0.39543726235741444,-0.34220532319391633,-0.40304182509505704,-0.29277566539923955
2,0.0,0.0,0.10108303249097472,-0.19494584837545126,0.06859205776173286,-0.36462093862815886,-0.021660649819494584,-0.4223826714801444,-0.1263537906137184,-0.4368231046931408,0.10108303249097472,-0.4657039711191336,0.1552346570397112,-0.6823104693140795,0.18772563176895307,-0.8086642599277978,0.20577617328519857,-0.9025270758122743,-0.02888086642599278,-0.48014440433212996,-0.05776173285198556,-0.740072202166065,-0.08664259927797834,-0.8880866425992779,-0.11552346570397112,-1.0,-0.15162454873646208,-0.44765342960288806,-0.20577617328519857,-0.6028880866425993,-0.23465703971119134,-0.6787003610108303,-0.259927797833935,-0.7328519855595668,-0.2490974729241877,-0.37545126353790614,-0.23104693140794225,-0.3971119133574007,-0.19494584837545126,-0.35018050541516244,-0.1588447653429603,-0.30324909747292417
2,0.0,0.0,0.06993006993006994,-0.2062937062937063,0.03146853146853147,-0.36013986013986016,-0.04895104895104895,-0.43356643356643354,-0.13636363636363635,-0.45454545454545453,0.06993006993006994,-0.45454545454545453,0.11888111888111888,-0.6713286713286714,0.15034965034965034,-0.7972027972027972,0.17482517482517482,-0.8916083916083916,-0.045454545454545456,-0.46853146853146854,-0.06993006993006994,-0.7342657342657343,-0.0979020979020979,-0.8881118881118881,-0.11888111888111888,-1.0,-0.16083916083916083,-0.4370629370629371,-0.23776223776223776,-0.6048951048951049,-0.2867132867132867,-0.6923076923076923,-0.32167832167832167,-0.7622377622377622,-0.25524475524475526,-0.3706293706293706,-0.28321678321678323,-0.4230769230769231,-0.2692307692307692,-0.3741258741258741,-0.24125874125874125,-0.32517482517482516
2,0.0,0.0,-0.2109090909090909,-0.12727272727272726,-0.2872727272727273,-0.28,-0.3709090909090909,-0.37454545454545457,-0.45454545454545453,-0.43636363636363634,-0.04363636363636364,-0.49454545454545457,-0.06909090909090909,-0.6836363636363636,-0.08,-0.8181818181818182,-0.08727272727272728,-0.9272727272727272,-0.014545454545454545,-0.4909090909090909,-0.014545454545454545,-0.7272727272727273,-0.01818181818181818,-0.88,-0.02909090909090909,-1.0,-0.02909090909090909,-0.44363636363636366,-0.1709090909090909,-0.6290909090909091,-0.29454545454545455,-0.7345454545454545,-0.3890909090909091,-0.8109090909090909,-0.09090909090909091,-0.36727272727272725,-0.2690909090909091,-0.45454545454545453,-0.3927272727272727,-0.44727272727272727,-0.48363636363636364,-0.41818181818181815
2,0.0,0.0,-0.16731517509727625,-0.07782101167315175,-0.23735408560311283,-0.25680933852140075,-0.1556420233463035,-0.4396887159533074,-0.07782101167315175,-0.5680933852140078,-0.4046692607003891,-0.42412451361867703,-0.5486381322957199,-0.5836575875486382,-0.642023346303502,-0.7120622568093385,-0.6964980544747081,-0.8054474708171206,-0.28793774319066145,-0.48249027237354086,-0.3463035019455253,-0.6964980544747081,-0.35797665369649806,-0.8171206225680934,-0.36964980544747084,-0.9221789883268483,-0.17509727626459143,-0.49416342412451364,-0.20233463035019456,-0.7198443579766537,-0.2178988326848249,-0.8638132295719845,-0.2490272373540856,-1.0,-0.06614785992217899,-0.4708171206225681,-0.09727626459143969,-0.5719844357976653,-0.07782101167315175,-0.5097276264591439,-0.0622568093385214,-0.42023346303501946
2,0.0,0.0,-0.0380952380952381,-0.01904761904761905,-0.047619047619047616,-0.13333333333333333,0.047619047619047616,-0.3047619047619048,0.12857142857142856,-0.46190476190476193,-0.3523809523809524,-0.3619047619047619,-0.5285714285714286,-0.5476190476190477,-0.6476190476190476,-0.6952380952380952,-0.7380952380952381,-0.8095238095238095,-0.2619047619047619,-0.4238095238095238,-0.42857142857142855,-0.6333333333333333,-0.5142857142857142,-0.7904761904761904,-0.5857142857142857,-0.919047619047619,-0.12857142857142856,-0.4380952380952381,-0.17142857142857143,-0.6857142857142857,-0.17142857142857143,-0.8666666666666667,-0.18095238095238095,-1.0,0.0,-0.4095238095238095,0.06190476190476191,-0.5619047619047619,0.1380952380952381,-0.5714285714285714,0.2,-0.5380952380952381
2,0.0,0.0,-0.10441767068273092,-0.0963855421686747,-0.14859437751004015,-0.30522088353413657,-0.06827309236947791,-0.5020080321285141,-0.004016064257028112,-0.6506024096385542,-0.40562248995983935,-0.46184738955823296,-0.5742971887550201,-0.6506024096385542,-0.6746987951807228,-0.7630522088353414,-0.751004016064257,-0.8634538152610441,-0.321285140562249,-0.5100401606425703,-0.46987951807228917,-0.714859437751004,-0.5461847389558233,-0.8473895582329317,-0.5983935742971888,-0.9437751004016064,-0.21285140562248997,-0.5140562248995983,-0.25301204819277107,-0.7389558232931727,-0.24899598393574296,-0.8755020080321285,-0.27309236947791166,-1.0,-0.09236947791164658,-0.4819277108433735,-0.06827309236947791,-0.6385542168674698,-0.008032128514056224,-0.6546184738955824,0.020080321285140562,-0.6305220883534136
2,0.0,0.0,-0.1,-0.12916666666666668,-0.13333333333333333,-0.36666666666666664,-0.0625,-0.5583333333333333,0.004166666666666667,-0.7125,-0.4041666666666667,-0.4666666666666667,-0.5833333333333334,-0.6666666666666666,-0.7,-0.7833333333333333,-0.775,-0.8916666666666667,-0.31666666666666665,-0.5083333333333333,-0.4625,-0.725,-0.55,-0.8708333333333333,-0.6041666666666666,-1.0,-0.22083333333333333,-0.5083333333333333,-0.225,-0.7208333333333333,-0.16666666666666666,-0.8041666666666667,-0.14166666666666666,-0.875,-0.12083333333333333,-0.49166666666666664,-0.075,-0.6375,0.0,-0.6625,0.04583333333333333,-0.6458333333333334
2,0.0,0.0,-0.10666666666666667,-0.15555555555555556,-0.16,-0.4,-0.09777777777777778,-0.6,-0.044444444444444446,-0.7644444444444445,-0.4577777777777778,-0.48,-0.6355555555555555,-0.6755555555555556,-0.7555555555555555,-0.8044444444444444,-0.8266666666666667,-0.9066666666666666,-0.37333333333333335,-0.49777777777777776,-0.5333333333333333,-0.7288888888888889,-0.6222222222222222,-0.8755555555555555,-0.68,-1.0,-0.26666666666666666,-0.5022222222222222,-0.30666666666666664,-0.7511111111111111,-0.28,-0.88,-0.28,-0.9911111111111112,-0.1511111111111111,-0.49333333333333335,-0.1288888888888889,-0.6666666666666666,-0.057777777777777775,-0.7066666666666667,-0.008888888888888889,-0.6888888888888889
2,0.0,0.0,-0.28837209302325584,-0.16279069767441862,-0.42790697674418604,-0.3674418604651163,-0.4186046511627907,-0.5395348837209303,-0.3953488372093023,-0.6883720930232559,-0.586046511627907,-0.4046511627906977,-0.786046511627907,-0.5302325581395348,-0.9255813953488372,-0.6232558139534884,-1.0,-0.6883720930232559,-0.44651162790697674,-0.4511627906976744,-0.6046511627906976,-0.6511627906976745,-0.7069767441860465,-0.7581395348837209,-0.772093023255814,-0.8465116279069768,-0.30697674418604654,-0.4883720930232558,-0.42790697674418604,-0.6837209302325581,-0.5116279069767442,-0.8046511627906977,-0.5767441860465117,-0.8883720930232558,-0.16744186046511628,-0.5255813953488372,-0.2372093023255814,-0.6790697674418604,-0.28837209302325584,-0.7953488372093023,-0.3395348837209302,-0.8604651162790697
2,0.0,0.0,-0.12053571428571429,-0.14732142857142858,-0.20982142857142858,-0.2857142857142857,-0.3080357142857143,-0.34375,-0.38392857142857145,-0.40625,-0.15178571428571427,-0.48660714285714285,-0.16964285714285715,-0.65625,-0.17410714285714285,-0.7589285714285714,-0.18303571428571427,-0.8392857142857143,-0.19196428571428573,-0.49107142857142855,-0.22321428571428573,-0.7366071428571429,-0.2544642857142857,-0.8839285714285714,-0.2767857142857143,-1.0,-0.2544642857142857,-0.4642857142857143,-0.29017857142857145,-0.6875,-0.28125,-0.8125,-0.27232142857142855,-0.9151785714285714,-0.35267857142857145,-0.42410714285714285,-0.4375,-0.5625,-0.5,-0.6428571428571429,-0.5535714285714286,-0.7098214285714286
2,0.0,0.0,0.07851239669421488,-0.2024793388429752,0.04132231404958678,-0.35537190082644626,-0.04132231404958678,-0.44214876033057854,-0.1115702479338843,-0.47520661157024796,0.0371900826446281,-0.4628099173553719,0.1115702479338843,-0.6528925619834711,0.1446280991735537,-0.768595041322314,0.16942148760330578,-0.8512396694214877,-0.0743801652892562,-0.48760330578512395,-0.0743801652892562,-0.7396694214876033,-0.09090909090909091,-0.8884297520661157,-0.10330578512396695,-1.0,-0.19421487603305784,-0.45867768595041325,-0.2231404958677686,-0.6942148760330579,-0.24380165289256198,-0.8264462809917356,-0.256198347107438,-0.9297520661157025,-0.30991735537190085,-0.3925619834710744,-0.4214876033057851,-0.5289256198347108,-0.5,-0.5909090909090909,-0.5743801652892562,-0.6446280991735537
2,0.0,0.0,0.07569721115537849,-0.18725099601593626,0.05976095617529881,-0.33067729083665337,0.0,-0.42231075697211157,-0.035856573705179286,-0.4701195219123506,0.043824701195219126,-0.44621513944223107,0.11952191235059761,-0.6414342629482072,0.1593625498007968,-0.7649402390438247,0.19123505976095617,-0.848605577689243,-0.05976095617529881,-0.4701195219123506,-0.055776892430278883,-0.7410358565737052,-0.06772908366533864,-0.8924302788844621,-0.07569721115537849,-1.0,-0.17131474103585656,-0.4541832669322709,-0.20318725099601595,-0.6972111553784861,-0.21912350597609562,-0.8286852589641435,-0.23107569721115537,-0.9243027888446215,-0.2908366533864542,-0.3944223107569721,-0.3904382470119522,-0.5418326693227091,-0.4701195219123506,-0.6055776892430279,-0.5418326693227091,-0.6573705179282868
2,0.0,0.0,-0.2157676348547718,-0.05394190871369295,-0.3278008298755187,-0.23236514522821577,-0.3941908713692946,-0.37344398340248963,-0.48132780082987553,-0.4854771784232365,-0.22821576763485477,-0.47717842323651455,-0.24066390041493776,-0.6556016597510373,-0.27385892116182575,-0.7759336099585062,-0.3153526970954357,-0.8755186721991701,-0.1825726141078838,-0.5020746887966805,-0.16597510373443983,-0.7219917012448133,-0.18672199170124482,-0.8672199170124482,-0.2033195020746888,-0.991701244813278,-0.15767634854771784,-0.49377593360995853,-0.15767634854771784,-0.7219917012448133,-0.1825726141078838,-0.8796680497925311,-0.2074688796680498,-1.0,-0.16597510373443983,-0.4605809128630705,-0.21991701244813278,-0.6473029045643154,-0.26141078838174275,-0.7676348547717843,-0.3029045643153527,-0.8755186721991701
2,0.0,0.0,-0.2301255230125523,-0.0041841004184100415,-0.40585774058577406,-0.1589958158995816,-0.4435146443514644,-0.3598326359832636,-0.4225941422594142,-0.4895397489539749,-0.5481171548117155,-0.35564853556485354,-0.7615062761506276,-0.4811715481171548,-0.899581589958159,-0.5774058577405857,-1.0,-0.6610878661087866,-0.4309623430962343,-0.4769874476987448,-0.5899581589958159,-0.6861924686192469,-0.6820083682008368,-0.8326359832635983,-0.7447698744769874,-0.9456066945606695,-0.28870292887029286,-0.5271966527196653,-0.3807531380753138,-0.7447698744769874,-0.4435146443514644,-0.8786610878661087,-0.497907949790795,-0.9832635983263598,-0.13389121338912133,-0.5313807531380753,-0.1087866108786611,-0.702928870292887,-0.1087866108786611,-0.8200836820083682,-0.10460251046025104,-0.9205020920502092
2,0.0,0.0,0.06875,-0.2,0.05,-0.3875,0.01875,-0.4875,-0.025,-0.5875,-0.34375,-0.36875,-0.5625,-0.55625,-0.69375,-0.68125,-0.7875,-0.7875,-0.41875,-0.36875,-0.6875,-0.55,-0.85625,-0.69375,-1.0,-0.825,-0.44375,-0.375,-0.68125,-0.5375,-0.84375,-0.6875,-0.96875,-0.81875,-0.4375,-0.38125,-0.5875,-0.5,-0.68125,-0.60625,-0.74375,-0.7
2,0.0,0.0,-0.0881057268722467,-0.2555066079295154,-0.13215859030837004,-0.4801762114537445,-0.12334801762114538,-0.6431718061674009,-0.13215859030837004,-0.7709251101321586,-0.3832599118942731,-0.5903083700440529,-0.5947136563876652,-0.775330396475771,-0.748898678414097,-0.8942731277533039,-0.8414096916299559,-1.0,-0.34801762114537443,-0.5638766519823789,-0.5859030837004405,-0.762114537444934,-0.7400881057268722,-0.8898678414096917,-0.8502202643171806,-1.0,-0.2687224669603524,-0.5330396475770925,-0.34801762114537443,-0.7312775330396476,-0.3832599118942731,-0.8149779735682819,-0.4185022026431718,-0.8678414096916299,-0.16740088105726872,-0.5110132158590308,-0.14977973568281938,-0.6387665198237885,-0.13656387665198239,-0.7268722466960352,-0.12334801762114538,-0.7841409691629956
2,0.0,0.0,0.235,-0.11,0.28,-0.225,0.295,-0.34,0.35,-0.475,0.105,-0.355,0.11,-0.615,0.085,-0.815,0.06,-0.98,-0.055,-0.36,-0.17,-0.63,-0.235,-0.835,-0.29,-1.0,-0.165,-0.36,-0.31,-0.54,-0.395,-0.695,-0.455,-0.805,-0.235,-0.36,-0.33,-0.495,-0.37,-0.59,-0.385,-0.675
2,0.0,0.0,0.1,-0.19655172413793104,0.11724137931034483,-0.36551724137931035,0.13448275862068965,-0.5,0.15862068965517243,-0.6206896551724138,0.013793103448275862,-0.5206896551724138,0.010344827586206896,-0.7310344827586207,-0.006896551724137931,-0.8793103448275862,-0.010344827586206896,-1.0,-0.05862068965517241,-0.496551724137931,-0.16206896551724137,-0.7275862068965517,-0.22758620689655173,-0.8827586206896552,-0.2827586206896552,-0.996551724137931,-0.11379310344827587,-0.46551724137931033,-0.23103448275862068,-0.6379310344827587,-0.3137931034482759,-0.7689655172413793,-0.38620689655172413,-0.8724137931034482,-0.12758620689655173,-0.42758620689655175,-0.21379310344827587,-0.5310344827586206,-0.24482758620689654,-0.6,-0.2827586206896552,-0.6448275862068965
2,0.0,0.0,0.22043010752688172,-0.08064516129032258,0.3064516129032258,-0.17204301075268819,0.3655913978494624,-0.26881720430107525,0.42473118279569894,-0.41935483870967744,0.06451612903225806,-0.34946236559139787,0.03763440860215054,-0.6182795698924731,0.0,-0.8118279569892473,-0.03225806451612903,-0.9731182795698925,-0.06989247311827956,-0.3870967741935484,-0.1881720430107527,-0.6344086021505376,-0.24731182795698925,-0.8387096774193549,-0.2956989247311828,-1.0,-0.15591397849462366,-0.3924731182795699,-0.2903225806451613,-0.5806451612903226,-0.3763440860215054,-0.7311827956989247,-0.44086021505376344,-0.8387096774193549,-0.1935483870967742,-0.4032258064516129,-0.27956989247311825,-0.5483870967741935,-0.3333333333333333,-0.6666666666666666,-0.3870967741935484,-0.7580645161290323
2,0.0,0.0,0.1310344827586207,-0.19310344827586207,0.15862068965517243,-0.3689655172413793,0.1793103448275862,-0.4896551724137931,0.21379310344827587,-0.603448275862069,0.010344827586206896,-0.5,-0.02413793103448276,-0.7103448275862069,-0.05862068965517241,-0.8517241379310345,-0.07241379310344828,-0.9620689655172414,-0.05517241379310345,-0.4862068965517241,-0.14482758620689656,-0.7172413793103448,-0.19655172413793104,-0.8758620689655172,-0.2413793103448276,-1.0,-0.09655172413793103,-0.4724137931034483,-0.19310344827586207,-0.6620689655172414,-0.25517241379310346,-0.7862068965517242,-0.30689655172413793,-0.8827586206896552,-0.10344827586206896,-0.45517241379310347,-0.16896551724137931,-0.5862068965517241,-0.19655172413793104,-0.6793103448275862,-0.23448275862068965,-0.7413793103448276
2,0.0,0.0,0.041237113402061855,-0.21649484536082475,0.061855670103092786,-0.4020618556701031,0.08247422680412371,-0.5429553264604811,0.11683848797250859,-0.6460481099656358,-0.12027491408934708,-0.5223367697594502,-0.20618556701030927,-0.711340206185567,-0.27491408934707906,-0.8419243986254296,-0.32646048109965636,-0.9450171821305842,-0.13402061855670103,-0.5085910652920962,-0.23367697594501718,-0.7319587628865979,-0.29896907216494845,-0.8797250859106529,-0.35738831615120276,-1.0,-0.13058419243986255,-0.4845360824742268,-0.23024054982817868,-0.697594501718213,-0.3024054982817869,-0.8419243986254296,-0.3711340206185567,-0.9553264604810997,-0.1134020618556701,-0.4570446735395189,-0.19243986254295534,-0.6288659793814433,-0.2508591065292096,-0.7422680412371134,-0.30927835051546393,-0.8316151202749141
2,0.0,0.0,-0.19658119658119658,-0.004273504273504274,-0.3547008547008547,-0.0811965811965812,-0.4658119658119658,-0.1282051282051282,-0.5598290598290598,-0.10256410256410256,-0.29914529914529914,-0.47435897435897434,-0.4017094017094017,-0.6282051282051282,-0.452991452991453,-0.7264957264957265,-0.49572649572649574,-0.811965811965812,-0.18376068376068377,-0.5512820512820513,-0.2222222222222222,-0.7692307692307693,-0.24358974358974358,-0.8974358974358975,-0.2606837606837607,-1.0,-0.06837606837606838,-0.5683760683760684,-0.038461538461538464,-0.7735042735042735,-0.03418803418803419,-0.8974358974358975,-0.042735042735042736,-1.0,0.042735042735042736,-0.5384615384615384,0.11965811965811966,-0.6923076923076923,0.15384615384615385,-0.7991452991452992,0.17094017094017094,-0.8931623931623932
2,0.0,0.0,0.10365853658536585,-0.10365853658536585,0.1524390243902439,-0.24390243902439024,0.12195121951219512,-0.3780487804878049,0.07926829268292683,-0.4817073170731707,0.2073170731707317,-0.49390243902439024,0.22560975609756098,-0.6951219512195121,0.2073170731707317,-0.823170731707317,0.18902439024390244,-0.9329268292682927,0.07926829268292683,-0.5182926829268293,0.06707317073170732,-0.7439024390243902,0.036585365853658534,-0.8841463414634146,0.018292682926829267,-1.0,-0.036585365853658534,-0.4878048780487805,-0.054878048780487805,-0.7134146341463414,-0.06707317073170732,-0.8475609756097561,-0.06097560975609756,-0.9634146341463414,-0.14634146341463414,-0.40853658536585363,-0.18292682926829268,-0.5426829268292683,-0.2073170731707317,-0.6280487804878049,-0.2073170731707317,-0.7195121951219512
2,0.0,0.0,-0.14925373134328357,-0.048507462686567165,-0.19402985074626866,-0.12686567164179105,-0.24253731343283583,-0.1791044776119403,-0.2947761194029851,-0.22014925373134328,-0.20522388059701493,-0.45149253731343286,-0.22388059701492538,-0.5970149253731343,-0.2462686567164179,-0.7014925373134329,-0.2537313432835821,-0.7723880597014925,-0.16417910447761194,-0.4925373134328358,-0.15671641791044777,-0.7201492537313433,-0.16791044776119404,-0.8768656716417911,-0.1791044776119403,-1.0,-0.13059701492537312,-0.503731343283582,-0.09701492537313433,-0.7164179104477612,-0.08582089552238806,-0.8694029850746269,-0.07835820895522388,-0.9850746268656716,-0.11940298507462686,-0.48880597014925375,-0.11567164179104478,-0.6492537313432836,-0.13432835820895522,-0.7611940298507462,-0.14925373134328357,-0.8544776119402985
2,0.0,0.0,0.15416666666666667,-0.08333333333333333,0.2875,-0.16666666666666666,0.42916666666666664,-0.23333333333333334,0.55,-0.2625,0.11666666666666667,-0.5125,0.20416666666666666,-0.7041666666666667,0.2375,-0.8375,0.25416666666666665,-0.9375,-0.016666666666666666,-0.5375,-0.025,-0.7666666666666667,-0.0625,-0.8958333333333334,-0.09166666666666666,-1.0,-0.12916666666666668,-0.5125,-0.15,-0.7041666666666667,-0.17083333333333334,-0.825,-0.19583333333333333,-0.9208333333333333,-0.23333333333333334,-0.44583333333333336,-0.32916666666666666,-0.5541666666666667,-0.4041666666666667,-0.6166666666666667,-0.4666666666666667,-0.675
2,0.0,0.0,0.21370967741935484,-0.0967741935483871,0.3548387096774194,-0.1975806451612903,0.4798387096774194,-0.2903225806451613,0.6048387096774194,-0.3225806451612903,0.13709677419354838,-0.5201612903225806,0.21774193548387097,-0.75,0.24193548387096775,-0.8911290322580645,0.25806451612903225,-1.0,-0.016129032258064516,-0.5282258064516129,-0.03225806451612903,-0.7701612903225806,-0.06048387096774194,-0.9032258064516129,-0.0846774193548387,-1.0,-0.14112903225806453,-0.4838709677419355,-0.1774193548387097,-0.6935483870967742,-0.1935483870967742,-0.8104838709677419,-0.20967741935483872,-0.8991935483870968,-0.24193548387096775,-0.4032258064516129,-0.3467741935483871,-0.49193548387096775,-0.4153225806451613,-0.5443548387096774,-0.4717741935483871,-0.592741935483871
2,0.0,0.0,0.216,-0.096,0.348,-0.18,0.468,-0.28,0.588,-0.316,0.136,-0.492,0.216,-0.732,0.24,-0.876,0.26,-0.98,-0.024,-0.508,-0.04,-0.768,-0.072,-0.908,-0.088,-1.0,-0.144,-0.468,-0.18,-0.696,-0.2,-0.812,-0.212,-0.892,-0.252,-0.396,-0.352,-0.508,-0.424,-0.568,-0.472,-0.624
2,0.0,0.0,0.140625,-0.1953125,0.1484375,-0.4296875,0.1328125,-0.546875,0.171875,-0.640625,-0.0546875,-0.640625,-0.1328125,-0.828125,-0.171875,-0.9296875,-0.1796875,-1.0,-0.15625,-0.6171875,-0.2421875,-0.7734375,-0.28125,-0.8515625,-0.3125,-0.9140625,-0.2265625,-0.5546875,-0.328125,-0.703125,-0.375,-0.78125,-0.421875,-0.859375,-0.2890625,-0.4765625,-0.4375,-0.5625,-0.5234375,-0.609375,-0.609375,-0.65625
2,0.0,0.0,-0.034334763948497854,-0.19313304721030042,-0.05150214592274678,-0.34763948497854075,-0.06866952789699571,-0.45493562231759654,-0.0944206008583691,-0.575107296137339,0.034334763948497854,-0.5150214592274678,0.034334763948497854,-0.6866952789699571,0.008583690987124463,-0.7982832618025751,-0.004291845493562232,-0.8755364806866953,0.004291845493562232,-0.5107296137339056,-0.02575107296137339,-0.7467811158798283,-0.0815450643776824,-0.8969957081545065,-0.12017167381974249,-1.0,-0.04721030042918455,-0.5021459227467812,-0.0815450643776824,-0.721030042918455,-0.15021459227467812,-0.8669527896995708,-0.21030042918454936,-0.9570815450643777,-0.12446351931330472,-0.4892703862660944,-0.18454935622317598,-0.6609442060085837,-0.2575107296137339,-0.759656652360515,-0.3261802575107296,-0.8326180257510729
2,0.0,0.0,-0.3,-0.14705882352941177,-0.4470588235294118,-0.3764705882352941,-0.4823529411764706,-0.6,-0.48823529411764705,-0.7294117647058823,-0.4235294117647059,-0.4823529411764706,-0.5529411764705883,-0.6941176470588235,-0.6235294117647059,-0.8588235294117647,-0.6705882352941176,-1.0,-0.25882352941176473,-0.5352941176470588,-0.2823529411764706,-0.7941176470588235,-0.2411764705882353,-0.6529411764705882,-0.21764705882352942,-0.47058823529411764,-0.08823529411764706,-0.5470588235294118,-0.08823529411764706,-0.7058823529411765,-0.07647058823529412,-0.5176470588235295,-0.07058823529411765,-0.3411764705882353,0.08235294117647059,-0.5294117647058824,0.09411764705882353,-0.6882352941176471,0.08235294117647059,-0.5823529411764706,0.06470588235294118,-0.4588235294117647
2,0.0,0.0,0.0625,-0.23046875,0.06640625,-0.421875,0.12109375,-0.5546875,0.17578125,-0.6875,-0.16796875,-0.5546875,-0.15625,-0.78515625,-0.1796875,-0.90625,-0.2265625,-1.0,-0.16796875,-0.5,-0.0390625,-0.6796875,0.03515625,-0.6015625,0.02734375,-0.5078125,-0.1484375,-0.4609375,-0.03515625,-0.62109375,0.0390625,-0.5390625,0.01953125,-0.47265625,-0.12109375,-0.44140625,-0.04296875,-0.53515625,0.01171875,-0.5078125,0.0078125,-0.45703125
2,0.0,0.0,0.10175438596491228,-0.2,0.1368421052631579,-0.38596491228070173,0.20350877192982456,-0.5052631578947369,0.24912280701754386,-0.5964912280701754,-0.07017543859649122,-0.5473684210526316,0.03859649122807018,-0.7649122807017544,0.06666666666666667,-0.8947368421052632,0.06666666666666667,-1.0,-0.10175438596491228,-0.4982456140350877,0.06666666666666667,-0.6385964912280702,0.11578947368421053,-0.5543859649122806,0.09473684210526316,-0.47719298245614034,-0.10877192982456141,-0.45964912280701753,0.042105263157894736,-0.5859649122807018,0.08421052631578947,-0.49122807017543857,0.056140350877192984,-0.4245614035087719,-0.10877192982456141,-0.43508771929824563,-0.010526315789473684,-0.512280701754386,0.042105263157894736,-0.47368421052631576,0.031578947368421054,-0.4245614035087719
2,0.0,0.0,-0.007326007326007326,-0.17582417582417584,0.02564102564102564,-0.36996336996337,0.10622710622710622,-0.5201465201465202,0.1794871794871795,-0.6227106227106227,-0.1575091575091575,-0.5347985347985348,-0.17216117216117216,-0.7509157509157509,-0.19047619047619047,-0.8864468864468864,-0.2087912087912088,-1.0,-0.10256410256410256,-0.5164835164835165,0.003663003663003663,-0.6593406593406593,0.03296703296703297,-0.5714285714285714,0.007326007326007326,-0.4981684981684982,-0.04395604395604396,-0.4908424908424908,0.05860805860805861,-0.6043956043956044,0.0695970695970696,-0.5128205128205128,0.02197802197802198,-0.4652014652014652,0.003663003663003663,-0.45787545787545786,0.08424908424908426,-0.5274725274725275,0.10256410256410256,-0.4908424908424908,0.0695970695970696,-0.45054945054945056
2,0.0,0.0,-0.2706422018348624,-0.1559633027522936,-0.3577981651376147,-0.3165137614678899,-0.42660550458715596,-0.43577981651376146,-0.5321100917431193,-0.5275229357798165,-0.12385321100917432,-0.555045871559633,-0.2018348623853211,-0.7568807339449541,-0.24311926605504589,-0.8853211009174312,-0.26605504587155965,-1.0,-0.045871559633027525,-0.5412844036697247,-0.3256880733944954,-0.6146788990825688,-0.3761467889908257,-0.463302752293578,-0.3073394495412844,-0.3853211009174312,-0.022935779816513763,-0.47706422018348627,-0.3073394495412844,-0.5229357798165137,-0.3394495412844037,-0.38073394495412843,-0.26605504587155965,-0.3119266055045872,-0.04128440366972477,-0.39908256880733944,-0.26146788990825687,-0.41743119266055045,-0.2981651376146789,-0.3119266055045872,-0.24770642201834864,-0.24770642201834864
2,0.0,0.0,0.11914893617021277,-0.18723404255319148,0.09361702127659574,-0.3574468085106383,0.00851063829787234,-0.4425531914893617,-0.07659574468085106,-0.4765957446808511,0.1148936170212766,-0.49361702127659574,0.14468085106382977,-0.7319148936170212,0.15319148936170213,-0.8893617021276595,0.16170212765957448,-1.0,0.01702127659574468,-0.5148936170212766,-0.11063829787234042,-0.6042553191489362,-0.15319148936170213,-0.5148936170212766,-0.12340425531914893,-0.4553191489361702,-0.09787234042553192,-0.4851063829787234,-0.2297872340425532,-0.5319148936170213,-0.2425531914893617,-0.44680851063829785,-0.20425531914893616,-0.40425531914893614,-0.225531914893617,-0.425531914893617,-0.35319148936170214,-0.46808510638297873,-0.34893617021276596,-0.3872340425531915,-0.3021276595744681,-0.3404255319148936
2,0.0,0.0,0.10780669144981413,-0.17843866171003717,0.10037174721189591,-0.34944237918215615,0.026022304832713755,-0.44981412639405205,-0.05947955390334572,-0.49070631970260226,0.11524163568773234,-0.483271375464684,0.13011152416356878,-0.7397769516728625,0.13382899628252787,-0.8847583643122676,0.13011152416356878,-1.0,-0.007434944237918215,-0.49814126394052044,-0.06691449814126393,-0.5762081784386617,-0.07806691449814127,-0.4795539033457249,-0.05947955390334572,-0.4163568773234201,-0.13011152416356878,-0.46096654275092935,-0.17472118959107807,-0.4795539033457249,-0.16356877323420074,-0.39776951672862454,-0.1412639405204461,-0.34572490706319703,-0.24535315985130113,-0.41263940520446096,-0.27137546468401486,-0.44609665427509293,-0.2527881040892193,-0.3754646840148699,-0.23048327137546468,-0.3159851301115242
2,0.0,0.0,-0.19730941704035873,-0.19730941704035873,-0.23766816143497757,-0.3991031390134529,-0.27802690582959644,-0.5650224215246636,-0.33183856502242154,-0.695067264573991,0.06278026905829596,-0.5336322869955157,-0.05829596412556054,-0.6995515695067265,-0.17040358744394618,-0.7174887892376681,-0.242152466367713,-0.7130044843049327,0.13004484304932734,-0.5515695067264574,0.08968609865470852,-0.7892376681614349,0.06278026905829596,-0.9103139013452914,0.04484304932735426,-1.0,0.13901345291479822,-0.5336322869955157,0.008968609865470852,-0.7354260089686099,-0.10762331838565023,-0.7937219730941704,-0.19730941704035873,-0.8116591928251121,0.09417040358744394,-0.5022421524663677,-0.06726457399103139,-0.6188340807174888,-0.19282511210762332,-0.6412556053811659,-0.3004484304932735,-0.6367713004484304
2,0.0,0.0,-0.03286384976525822,-0.12206572769953052,-0.03286384976525822,-0.29107981220657275,0.056338028169014086,-0.4413145539906103,0.13615023474178403,-0.5633802816901409,-0.25821596244131456,-0.39436619718309857,-0.29577464788732394,-0.6384976525821596,-0.3051643192488263,-0.8028169014084507,-0.30985915492957744,-0.9248826291079812,-0.1784037558685446,-0.39906103286384975,-0.29577464788732394,-0.6572769953051644,-0.3568075117370892,-0.8497652582159625,-0.4131455399061033,-1.0,-0.06103286384976526,-0.352112676056338,0.06103286384976526,-0.4788732394366197,0.14553990610328638,-0.4272300469483568,0.1784037558685446,-0.38497652582159625,0.07981220657276995,-0.28169014084507044,0.18309859154929578,-0.36619718309859156,0.2347417840375587,-0.3145539906103286,0.2535211267605634,-0.27699530516431925
2,0.0,0.0,-0.10954063604240283,-0.1978798586572438,-0.10600706713780919,-0.40636042402826855,-0.02120141342756184,-0.5512367491166078,0.02120141342756184,-0.6855123674911661,-0.3215547703180212,-0.5335689045936396,-0.4134275618374558,-0.7455830388692579,-0.4734982332155477,-0.8833922261484098,-0.5159010600706714,-0.9893992932862191,-0.20848056537102475,-0.5229681978798587,-0.23674911660777384,-0.7455830388692579,-0.24734982332155478,-0.8939929328621908,-0.24028268551236748,-1.0,-0.10247349823321555,-0.47703180212014135,-0.0035335689045936395,-0.5971731448763251,0.0176678445229682,-0.4911660777385159,-0.0035335689045936395,-0.43109540636042404,-0.01060070671378092,-0.43462897526501765,0.045936395759717315,-0.519434628975265,0.0706713780918728,-0.4628975265017668,0.053003533568904596,-0.4098939929328622
2,0.0,0.0,-0.014035087719298246,-0.19298245614035087,0.0,-0.39649122807017545,0.0456140350877193,-0.5333333333333333,0.07719298245614035,-0.6666666666666666,-0.24912280701754386,-0.5087719298245614,-0.3263157894736842,-0.7263157894736842,-0.4,-0.8842105263157894,-0.43508771929824563,-1.0,-0.19649122807017544,-0.4842105263157895,-0.28771929824561404,-0.7228070175438597,-0.3263157894736842,-0.8771929824561403,-0.3649122807017544,-0.9964912280701754,-0.13333333333333333,-0.45263157894736844,-0.04912280701754386,-0.6280701754385964,0.042105263157894736,-0.5298245614035088,0.05263157894736842,-0.45263157894736844,-0.08070175438596491,-0.4245614035087719,0.010526315789473684,-0.5263157894736842,0.06315789473684211,-0.45263157894736844,0.04912280701754386,-0.3684210526315789
2,0.0,0.0,-0.01858736059479554,-0.17100371747211895,0.0,-0.3680297397769517,0.03717472118959108,-0.5204460966542751,0.07434944237918216,-0.6691449814126395,-0.24907063197026022,-0.4944237918215613,-0.3271375464684015,-0.7211895910780669,-0.3903345724907063,-0.8810408921933085,-0.4275092936802974,-1.0,-0.20074349442379183,-0.4721189591078067,-0.3271375464684015,-0.7063197026022305,-0.3828996282527881,-0.8550185873605948,-0.4275092936802974,-0.9628252788104089,-0.13382899628252787,-0.4423791821561338,-0.05204460966542751,-0.6133828996282528,0.055762081784386616,-0.5315985130111525,0.08550185873605948,-0.46096654275092935,-0.08178438661710037,-0.41263940520446096,0.0,-0.516728624535316,0.06319702602230483,-0.45353159851301117,0.06691449814126393,-0.37174721189591076
2,0.0,0.0,-0.2163265306122449,-0.18775510204081633,-0.24897959183673468,-0.363265306122449,-0.16326530612244897,-0.5142857142857142,-0.08979591836734693,-0.6204081632653061,-0.3346938775510204,-0.4775510204081633,-0.4530612244897959,-0.636734693877551,-0.5387755102040817,-0.7551020408163265,-0.5918367346938775,-0.8408163265306122,-0.20408163265306123,-0.5061224489795918,-0.22857142857142856,-0.7428571428571429,-0.24489795918367346,-0.8857142857142857,-0.2530612244897959,-1.0,-0.07346938775510205,-0.49387755102040815,-0.06938775510204082,-0.6326530612244898,-0.08979591836734693,-0.5061224489795918,-0.10612244897959183,-0.42448979591836733,0.0326530612244898,-0.4897959183673469,0.012244897959183673,-0.5510204081632653,-0.004081632653061225,-0.45714285714285713,-0.0163265306122449,-0.37551020408163266
2,0.0,0.0,-0.20242914979757085,-0.1700404858299595,-0.242914979757085,-0.31983805668016196,-0.29554655870445345,-0.4251012145748988,-0.3481781376518219,-0.5344129554655871,-0.032388663967611336,-0.5060728744939271,-0.08097165991902834,-0.6963562753036437,-0.1214574898785425,-0.8178137651821862,-0.15384615384615385,-0.9190283400809717,0.0,-0.5060728744939271,-0.0728744939271255,-0.7449392712550608,-0.12955465587044535,-0.8906882591093117,-0.1700404858299595,-1.0,0.0,-0.48582995951417,-0.1862348178137652,-0.6153846153846154,-0.2874493927125506,-0.5101214574898786,-0.32793522267206476,-0.4048582995951417,-0.032388663967611336,-0.46963562753036436,-0.1862348178137652,-0.5708502024291497,-0.3076923076923077,-0.5344129554655871,-0.38866396761133604,-0.4777327935222672
2,0.0,0.0,-0.19791666666666666,0.027777777777777776,-0.3993055555555556,-0.003472222222222222,-0.5347222222222222,-0.010416666666666666,-0.6631944444444444,0.010416666666666666,-0.5138888888888888,-0.09027777777777778,-0.7326388888888888,-0.09027777777777778,-0.875,-0.0763888888888889,-1.0,-0.07291666666666667,-0.4479166666666667,-0.13541666666666666,-0.6909722222222222,-0.1909722222222222,-0.8402777777777778,-0.22569444444444445,-0.9861111111111112,-0.2743055555555556,-0.3368055555555556,-0.16319444444444445,-0.4826388888888889,-0.3159722222222222,-0.5798611111111112,-0.40625,-0.6840277777777778,-0.4861111111111111,-0.1909722222222222,-0.18055555555555555,-0.2048611111111111,-0.3333333333333333,-0.2152777777777778,-0.4409722222222222,-0.24305555555555555,-0.5277777777777778
2,0.0,0.0,-0.16981132075471697,-0.0880503144654088,-0.4088050314465409,-0.13836477987421383,-0.5911949685534591,-0.1761006289308176,-0.7358490566037735,-0.18867924528301888,-0.5283018867924528,0.06918238993710692,-0.7547169811320755,0.08176100628930817,-0.8930817610062893,0.06918238993710692,-1.0,0.050314465408805034,-0.5094339622641509,0.08176100628930817,-0.7358490566037735,0.10062893081761007,-0.8679245283018868,0.07547169811320754,-0.9811320754716981,0.05660377358490566,-0.48427672955974843,0.06289308176100629,-0.6855345911949685,0.08176100628930817,-0.8176100628930818,0.06918238993710692,-0.9182389937106918,0.05660377358490566,-0.4528301886792453,0.025157232704402517,-0.6352201257861635,0.0440251572327044,-0.7484276729559748,0.03773584905660377,-0.8301886792452831,0.025157232704402517
2,0.0,0.0,-0.19463087248322147,-0.03355704697986577,-0.35570469798657717,-0.0436241610738255,-0.47315436241610737,-0.06711409395973154,-0.5771812080536913,-0.0738255033557047,-0.4798657718120805,-0.013422818791946308,-0.6912751677852349,-0.03355704697986577,-0.8322147651006712,-0.030201342281879196,-0.9496644295302014,-0.030201342281879196,-0.46308724832214765,-0.020134228187919462,-0.7046979865771812,-0.03691275167785235,-0.8657718120805369,-0.04697986577181208,-1.0,-0.06040268456375839,-0.40939597315436244,-0.03355704697986577,-0.6140939597315436,-0.10067114093959731,-0.7483221476510067,-0.14093959731543623,-0.8657718120805369,-0.17114093959731544,-0.3288590604026846,-0.06375838926174497,-0.4429530201342282,-0.12080536912751678,-0.5302013422818792,-0.14429530201342283,-0.6073825503355704,-0.15436241610738255
2,0.0,0.0,-0.15254237288135594,-0.1440677966101695,-0.3644067796610169,-0.1864406779661017,-0.5423728813559322,-0.2033898305084746,-0.6949152542372882,-0.22033898305084745,-0.5508474576271186,0.06779661016949153,-0.7796610169491526,0.0847457627118644,-0.9067796610169492,0.06779661016949153,-1.0,0.0423728813559322,-0.5508474576271186,0.11864406779661017,-0.7796610169491526,0.1440677966101695,-0.9067796610169492,0.11016949152542373,-1.0,0.07627118644067797,-0.5423728813559322,0.1271186440677966,-0.7542372881355932,0.1440677966101695,-0.8728813559322034,0.11864406779661017,-0.9661016949152542,0.0847457627118644,-0.5338983050847458,0.11016949152542373,-0.7203389830508474,0.1271186440677966,-0.8305084745762712,0.11016949152542373,-0.9152542372881356,0.0847457627118644
2,0.0,0.0,-0.1910828025477707,-0.0732484076433121,-0.35668789808917195,-0.08598726114649681,-0.4840764331210191,-0.07961783439490445,-0.5796178343949044,-0.06050955414012739,-0.48089171974522293,-0.08280254777070063,-0.6815286624203821,-0.0732484076433121,-0.7993630573248408,-0.07643312101910828,-0.9076433121019108,-0.08917197452229299,-0.4713375796178344,-0.07643312101910828,-0.7165605095541401,-0.025477707006369428,-0.8726114649681529,-0.009554140127388535,-1.0,0.0031847133757961785,-0.43312101910828027,-0.044585987261146494,-0.6560509554140127,-0.025477707006369428,-0.802547770700637,-0.01592356687898089,-0.9235668789808917,-0.009554140127388535,-0.3853503184713376,-0.012738853503184714,-0.5382165605095541,-0.01592356687898089,-0.6401273885350318,-0.022292993630573247,-0.732484076433121,-0.022292993630573247
2,0.0,0.0,-0.2736318407960199,0.10945273631840796,-0.5422885572139303,0.2736318407960199,-0.7960199004975125,0.3880597014925373,-1.0,0.43283582089552236,-0.3383084577114428,0.4626865671641791,-0.48258706467661694,0.7860696517412935,-0.5422885572139303,0.8258706467661692,-0.582089552238806,0.8258706467661692,-0.13930348258706468,0.5124378109452736,-0.19900497512437812,0.8258706467661692,-0.21393034825870647,0.8258706467661692,-0.208955223880597,0.8258706467661692,0.04477611940298507,0.5124378109452736,0.04975124378109453,0.8258706467661692,0.06965174129353234,0.8258706467661692,0.08955223880597014,0.8258706467661692,0.19900497512437812,0.48258706467661694,0.30845771144278605,0.7164179104477612,0.3781094527363184,0.8258706467661692,0.43283582089552236,0.8258706467661692
2,0.0,0.0,-0.2755102040816326,0.10204081632653061,-0.5408163265306123,0.25,-0.7959183673469388,0.35714285714285715,-1.0,0.413265306122449,-0.3112244897959184,0.4336734693877551,-0.4744897959183674,0.7653061224489796,-0.5408163265306123,0.8928571428571429,-0.5867346938775511,0.8928571428571429,-0.10714285714285714,0.4897959183673469,-0.17346938775510204,0.8418367346938775,-0.20918367346938777,0.8928571428571429,-0.2193877551020408,0.8928571428571429,0.07142857142857142,0.5,0.07653061224489796,0.8214285714285714,0.08673469387755102,0.8928571428571429,0.10714285714285714,0.8928571428571429,0.2193877551020408,0.47959183673469385,0.336734693877551,0.7346938775510204,0.413265306122449,0.8928571428571429,0.4744897959183674,0.8928571428571429
2,0.0,0.0,-0.2804232804232804,0.1164021164021164,-0.544973544973545,0.2698412698412698,-0.798941798941799,0.3862433862433862,-1.0,0.455026455026455,-0.30158730158730157,0.49206349206349204,-0.4603174603174603,0.8571428571428571,-0.5185185185185185,0.9894179894179894,-0.5502645502645502,0.9894179894179894,-0.08994708994708994,0.544973544973545,-0.13756613756613756,0.9365079365079365,-0.1693121693121693,0.9894179894179894,-0.18518518518518517,0.9894179894179894,0.10582010582010581,0.5502645502645502,0.12698412698412698,0.91005291005291,0.13227513227513227,0.9894179894179894,0.13227513227513227,0.9894179894179894,0.25396825396825395,0.5238095238095238,0.37037037037037035,0.798941798941799,0.43386243386243384,0.9841269841269841,0.4708994708994709,0.9894179894179894
2,0.0,0.0,-0.25125628140703515,0.10552763819095477,-0.4723618090452261,0.23115577889447236,-0.7085427135678392,0.36180904522613067,-0.9195979899497487,0.4120603015075377,-0.1507537688442211,0.4472361809045226,-0.3065326633165829,0.8391959798994975,-0.37185929648241206,1.0,-0.40703517587939697,1.0,0.05025125628140704,0.5025125628140703,-0.005025125628140704,0.9095477386934674,-0.06030150753768844,1.0,-0.10050251256281408,1.0,0.21105527638190955,0.5175879396984925,0.21608040201005024,0.8944723618090452,0.17587939698492464,1.0,0.1407035175879397,1.0,0.31155778894472363,0.5125628140703518,0.3768844221105528,0.7939698492462312,0.3869346733668342,0.964824120603015,0.3869346733668342,1.0
2,0.0,0.0,-0.24413145539906103,0.04225352112676056,-0.4507042253521127,0.13145539906103287,-0.6619718309859155,0.2347417840375587,-0.8356807511737089,0.27699530516431925,-0.1596244131455399,0.30985915492957744,-0.26291079812206575,0.5915492957746479,-0.3145539906103286,0.7934272300469484,-0.3568075117370892,0.9624413145539906,0.014084507042253521,0.37089201877934275,-0.014084507042253521,0.6854460093896714,-0.03286384976525822,0.92018779342723,-0.046948356807511735,1.0,0.14084507042253522,0.39436619718309857,0.17370892018779344,0.6713615023474179,0.17370892018779344,0.8779342723004695,0.1643192488262911,1.0,0.22065727699530516,0.38967136150234744,0.3192488262910798,0.568075117370892,0.36619718309859156,0.6948356807511737,0.39906103286384975,0.8028169014084507
2,0.0,0.0,-0.24882629107981222,0.014084507042253521,-0.49295774647887325,0.11267605633802817,-0.7230046948356808,0.19248826291079812,-0.892018779342723,0.2347417840375587,-0.24413145539906103,0.2347417840375587,-0.3755868544600939,0.4788732394366197,-0.4460093896713615,0.6525821596244131,-0.5023474178403756,0.8075117370892019,-0.07511737089201878,0.3145539906103286,-0.107981220657277,0.596244131455399,-0.13145539906103287,0.8028169014084507,-0.14084507042253522,0.9953051643192489,0.056338028169014086,0.36619718309859156,0.06103286384976526,0.6244131455399061,0.056338028169014086,0.8169014084507042,0.051643192488262914,1.0,0.14084507042253522,0.38497652582159625,0.2112676056338028,0.5915492957746479,0.2535211267605634,0.7183098591549296,0.27699530516431925,0.8262910798122066
2,0.0,0.0,-0.23333333333333334,-0.10833333333333334,-0.45,-0.1125,-0.625,-0.12083333333333333,-0.7708333333333334,-0.14166666666666666,-0.4625,-0.175,-0.6958333333333333,-0.12916666666666668,-0.8583333333333333,-0.0875,-1.0,-0.058333333333333334,-0.37083333333333335,-0.12083333333333333,-0.5958333333333333,-0.008333333333333333,-0.7708333333333334,0.08333333333333333,-0.9125,0.1625,-0.2625,-0.0375,-0.4625,0.09166666666666666,-0.625,0.17916666666666667,-0.75,0.24583333333333332,-0.15,0.05,-0.22916666666666666,0.21666666666666667,-0.2916666666666667,0.32916666666666666,-0.3541666666666667,0.42916666666666664
2,0.0,0.0,0.1986062717770035,-0.09059233449477352,0.32752613240418116,-0.21951219512195122,0.4146341463414634,-0.3310104529616725,0.5087108013937283,-0.3867595818815331,0.1602787456445993,-0.5296167247386759,0.2264808362369338,-0.7491289198606271,0.24390243902439024,-0.8780487804878049,0.2508710801393728,-0.975609756097561,0.003484320557491289,-0.5470383275261324,-0.013937282229965157,-0.7839721254355401,-0.041811846689895474,-0.9128919860627178,-0.06620209059233449,-1.0,-0.1289198606271777,-0.5087108013937283,-0.17421602787456447,-0.7142857142857143,-0.1986062717770035,-0.8257839721254355,-0.21951219512195122,-0.9024390243902439,-0.24041811846689895,-0.4355400696864111,-0.313588850174216,-0.554006968641115,-0.3623693379790941,-0.6132404181184669,-0.397212543554007,-0.6550522648083623
2,0.0,0.0,0.25925925925925924,-0.08888888888888889,0.4111111111111111,-0.2074074074074074,0.5740740740740741,-0.3074074074074074,0.6333333333333333,-0.34444444444444444,0.22962962962962963,-0.5444444444444444,0.337037037037037,-0.762962962962963,0.3814814814814815,-0.8888888888888888,0.40370370370370373,-0.9888888888888889,0.06666666666666667,-0.5592592592592592,0.08888888888888889,-0.8,0.08518518518518518,-0.9259259259259259,0.07407407407407407,-1.0,-0.06666666666666667,-0.5296296296296297,-0.07777777777777778,-0.7481481481481481,-0.07407407407407407,-0.8518518518518519,-0.06296296296296296,-0.9148148148148149,-0.18888888888888888,-0.4703703703703704,-0.24074074074074073,-0.6037037037037037,-0.27037037037037037,-0.662962962962963,-0.2740740740740741,-0.7037037037037037
2,0.0,0.0,0.2462686567164179,-0.1044776119402985,0.39552238805970147,-0.22761194029850745,0.5223880597014925,-0.3246268656716418,0.6268656716417911,-0.376865671641791,0.208955223880597,-0.5447761194029851,0.30223880597014924,-0.7723880597014925,0.34328358208955223,-0.9029850746268657,0.3656716417910448,-1.0,0.041044776119402986,-0.5634328358208955,0.06343283582089553,-0.7947761194029851,0.05223880597014925,-0.917910447761194,0.03731343283582089,-0.996268656716418,-0.08955223880597014,-0.5373134328358209,-0.11194029850746269,-0.75,-0.11567164179104478,-0.8432835820895522,-0.11940298507462686,-0.9029850746268657,-0.21641791044776118,-0.47761194029850745,-0.2798507462686567,-0.6082089552238806,-0.31716417910447764,-0.6604477611940298,-0.3358208955223881,-0.6902985074626866
2,0.0,0.0,0.17316017316017315,-0.18614718614718614,0.23809523809523808,-0.3333333333333333,0.329004329004329,-0.45021645021645024,0.44155844155844154,-0.5194805194805194,-0.06060606060606061,-0.6277056277056277,-0.11688311688311688,-0.8354978354978355,-0.15151515151515152,-0.935064935064935,-0.1774891774891775,-1.0,-0.23376623376623376,-0.5930735930735931,-0.4025974025974026,-0.7359307359307359,-0.5108225108225108,-0.7662337662337663,-0.5714285714285714,-0.7445887445887446,-0.3593073593073593,-0.4935064935064935,-0.5627705627705628,-0.5930735930735931,-0.658008658008658,-0.5930735930735931,-0.70995670995671,-0.5627705627705628,-0.4675324675324675,-0.354978354978355,-0.658008658008658,-0.4025974025974026,-0.7402597402597403,-0.38095238095238093,-0.7878787878787878,-0.341991341991342
2,0.0,0.0,-0.046153846153846156,-0.15,-0.14615384615384616,-0.23846153846153847,-0.19615384615384615,-0.3038461538461538,-0.16923076923076924,-0.3730769230769231,-0.4346153846153846,-0.35,-0.6576923076923077,-0.3576923076923077,-0.7769230769230769,-0.36153846153846153,-0.8730769230769231,-0.36923076923076925,-0.4846153846153846,-0.27692307692307694,-0.7576923076923077,-0.20384615384615384,-0.9,-0.14615384615384616,-1.0,-0.10384615384615385,-0.5,-0.17307692307692307,-0.75,-0.08846153846153847,-0.8807692307692307,-0.03076923076923077,-0.9846153846153847,0.019230769230769232,-0.48846153846153845,-0.05,-0.6692307692307692,0.05384615384615385,-0.7615384615384615,0.12307692307692308,-0.8423076923076923,0.18461538461538463
2,0.0,0.0,-0.21863799283154123,-0.08960573476702509,-0.4265232974910394,-0.06810035842293907,-0.5627240143369175,-0.06093189964157706,-0.6630824372759857,-0.053763440860215055,-0.5770609318996416,-0.0931899641577061,-0.7992831541218638,0.0967741935483871,-0.9139784946236559,0.21505376344086022,-1.0,0.30824372759856633,-0.5125448028673835,-0.025089605734767026,-0.7275985663082437,0.21505376344086022,-0.8458781362007168,0.35125448028673834,-0.9354838709677419,0.4551971326164875,-0.4121863799283154,0.06451612903225806,-0.5913978494623656,0.2903225806451613,-0.6953405017921147,0.4157706093189964,-0.7741935483870968,0.5268817204301075,-0.3010752688172043,0.15053763440860216,-0.37992831541218636,0.34408602150537637,-0.4265232974910394,0.46953405017921146,-0.45878136200716846,0.5842293906810035
2,0.0,0.0,-0.27053140096618356,0.028985507246376812,-0.5072463768115942,0.2028985507246377,-0.642512077294686,0.3864734299516908,-0.6908212560386473,0.5410628019323671,-0.5458937198067633,0.2318840579710145,-0.7729468599033816,0.4057971014492754,-0.8985507246376812,0.5120772946859904,-1.0,0.5893719806763285,-0.3961352657004831,0.28502415458937197,-0.463768115942029,0.6086956521739131,-0.4927536231884058,0.821256038647343,-0.5024154589371981,0.966183574879227,-0.20772946859903382,0.3188405797101449,-0.28019323671497587,0.6231884057971014,-0.30917874396135264,0.8019323671497585,-0.32367149758454106,0.9227053140096618,-0.014492753623188406,0.3285024154589372,-0.06763285024154589,0.5458937198067633,-0.10628019323671498,0.6714975845410628,-0.13043478260869565,0.7681159420289855
2,0.0,0.0,0.30303030303030304,-0.06060606060606061,0.5909090909090909,-0.18181818181818182,0.8181818181818182,-0.23737373737373738,1.0,-0.2676767676767677,0.4696969696969697,-0.5757575757575758,0.7171717171717171,-0.6212121212121212,0.8383838383838383,-0.5858585858585859,0.9242424242424242,-0.5505050505050505,0.3282828282828283,-0.6414141414141414,0.5757575757575758,-0.6262626262626263,0.696969696969697,-0.5808080808080808,0.7727272727272727,-0.5151515151515151,0.20707070707070707,-0.6262626262626263,0.4090909090909091,-0.6111111111111112,0.5050505050505051,-0.5404040404040404,0.5555555555555556,-0.4595959595959596,0.1111111111111111,-0.5707070707070707,0.2878787878787879,-0.5808080808080808,0.36363636363636365,-0.5303030303030303,0.398989898989899,-0.46464646464646464
2,0.0,0.0,0.4338235294117647,-0.16911764705882354,0.7867647058823529,-0.3602941176470588,0.9117647058823529,-0.5073529411764706,0.9117647058823529,-0.5735294117647058,0.4485294117647059,-1.0,0.5955882352941176,-0.8529411764705882,0.5735294117647058,-0.6911764705882353,0.49264705882352944,-0.5955882352941176,0.16911764705882354,-1.0,0.3161764705882353,-0.8676470588235294,0.33088235294117646,-0.7279411764705882,0.3014705882352941,-0.6176470588235294,-0.058823529411764705,-0.9044117647058824,0.04411764705882353,-0.8382352941176471,0.08823529411764706,-0.6838235294117647,0.07352941176470588,-0.5661764705882353,-0.2426470588235294,-0.7647058823529411,-0.29411764705882354,-0.8235294117647058,-0.33088235294117646,-0.7794117647058824,-0.38235294117647056,-0.7426470588235294
2,0.0,0.0,0.058823529411764705,-0.20261437908496732,0.049019607843137254,-0.3888888888888889,-0.02287581699346405,-0.5130718954248366,-0.10457516339869281,-0.5849673202614379,0.0915032679738562,-0.49019607843137253,0.08823529411764706,-0.7450980392156863,0.05228758169934641,-0.8856209150326797,0.016339869281045753,-1.0,0.013071895424836602,-0.4542483660130719,-0.17320261437908496,-0.6830065359477124,-0.31699346405228757,-0.7647058823529411,-0.4215686274509804,-0.8071895424836601,-0.08169934640522876,-0.3954248366013072,-0.3137254901960784,-0.4934640522875817,-0.434640522875817,-0.49019607843137253,-0.5130718954248366,-0.47058823529411764,-0.17973856209150327,-0.3202614379084967,-0.34967320261437906,-0.33986928104575165,-0.4215686274509804,-0.2973856209150327,-0.4738562091503268,-0.25163398692810457
2,0.0,0.0,0.14225941422594143,-0.10460251046025104,0.17154811715481172,-0.2803347280334728,0.05439330543933055,-0.4225941422594142,-0.0502092050209205,-0.502092050209205,0.25523012552301255,-0.4476987447698745,0.35564853556485354,-0.6443514644351465,0.41422594142259417,-0.7740585774058577,0.4602510460251046,-0.8828451882845189,0.1297071129707113,-0.48535564853556484,0.1297071129707113,-0.7154811715481172,0.11715481171548117,-0.8702928870292888,0.10460251046025104,-1.0,0.012552301255230125,-0.4560669456066946,-0.03347280334728033,-0.5774058577405857,-0.03347280334728033,-0.46443514644351463,-0.029288702928870293,-0.3682008368200837,-0.09205020920502092,-0.39330543933054396,-0.11297071129707113,-0.4769874476987448,-0.09623430962343096,-0.39748953974895396,-0.07531380753138076,-0.3179916317991632
2,0.0,0.0,0.11196911196911197,-0.09266409266409266,0.13127413127413126,-0.277992277992278,0.02702702702702703,-0.4247104247104247,-0.04247104247104247,-0.5521235521235521,0.23938223938223938,-0.4749034749034749,0.3281853281853282,-0.6718146718146718,0.3745173745173745,-0.806949806949807,0.41312741312741313,-0.915057915057915,0.12355212355212356,-0.4980694980694981,0.11583011583011583,-0.7335907335907336,0.11196911196911197,-0.8841698841698842,0.11196911196911197,-1.0,0.007722007722007722,-0.4671814671814672,-0.03861003861003861,-0.61003861003861,-0.05019305019305019,-0.4749034749034749,-0.05791505791505792,-0.37065637065637064,-0.0888030888030888,-0.40540540540540543,-0.11583011583011583,-0.5212355212355212,-0.10810810810810811,-0.43243243243243246,-0.10038610038610038,-0.3552123552123552
2,0.0,0.0,0.12213740458015267,-0.08778625954198473,0.14122137404580154,-0.26717557251908397,0.03816793893129771,-0.41603053435114506,-0.030534351145038167,-0.549618320610687,0.24045801526717558,-0.4770992366412214,0.3320610687022901,-0.6755725190839694,0.3816793893129771,-0.8053435114503816,0.4198473282442748,-0.9083969465648855,0.12213740458015267,-0.5,0.11450381679389313,-0.7366412213740458,0.11450381679389313,-0.8854961832061069,0.11450381679389313,-1.0,0.007633587786259542,-0.46564885496183206,-0.03435114503816794,-0.5992366412213741,-0.03435114503816794,-0.4580152671755725,-0.03435114503816794,-0.3549618320610687,-0.0916030534351145,-0.4083969465648855,-0.11068702290076336,-0.5114503816793893,-0.0916030534351145,-0.42366412213740456,-0.07633587786259542,-0.3549618320610687
2,0.0,0.0,0.12167300380228137,-0.08365019011406843,0.13688212927756654,-0.2585551330798479,0.04182509505703422,-0.40304182509505704,-0.022813688212927757,-0.5475285171102662,0.24334600760456274,-0.4714828897338403,0.33840304182509506,-0.6730038022813688,0.39543726235741444,-0.8098859315589354,0.4372623574144487,-0.9125475285171103,0.12927756653992395,-0.49049429657794674,0.11787072243346007,-0.7262357414448669,0.11406844106463879,-0.8821292775665399,0.11026615969581749,-1.0,0.019011406844106463,-0.4600760456273764,-0.03802281368821293,-0.5817490494296578,-0.04182509505703422,-0.44866920152091255,-0.04182509505703422,-0.34600760456273766,-0.07984790874524715,-0.41825095057034223,-0.11026615969581749,-0.5095057034220533,-0.09505703422053231,-0.4296577946768061,-0.08365019011406843,-0.3612167300380228
2,0.0,0.0,0.16228070175438597,-0.10087719298245613,0.2324561403508772,-0.2982456140350877,0.19298245614035087,-0.5043859649122807,0.18421052631578946,-0.6666666666666666,0.3201754385964912,-0.4824561403508772,0.3508771929824561,-0.7192982456140351,0.35526315789473684,-0.8771929824561403,0.35964912280701755,-1.0,0.18421052631578946,-0.4780701754385965,0.16228070175438597,-0.6271929824561403,0.13157894736842105,-0.5,0.11842105263157894,-0.37719298245614036,0.05701754385964912,-0.45614035087719296,0.039473684210526314,-0.5614035087719298,0.02631578947368421,-0.39473684210526316,0.02631578947368421,-0.27631578947368424,-0.06578947368421052,-0.4166666666666667,-0.06578947368421052,-0.5087719298245614,-0.06140350877192982,-0.3815789473684211,-0.05263157894736842,-0.2850877192982456
2,0.0,0.0,0.1375,-0.1,0.1875,-0.2916666666666667,0.10833333333333334,-0.4791666666666667,0.041666666666666664,-0.6083333333333333,0.25416666666666665,-0.5125,0.29583333333333334,-0.7333333333333333,0.3125,-0.8791666666666667,0.32083333333333336,-1.0,0.12083333333333333,-0.5,0.075,-0.6375,0.07083333333333333,-0.5166666666666667,0.08333333333333333,-0.4166666666666667,-0.008333333333333333,-0.45416666666666666,-0.0375,-0.5416666666666666,-0.0125,-0.37916666666666665,0.004166666666666667,-0.2791666666666667,-0.12083333333333333,-0.375,-0.12916666666666668,-0.4583333333333333,-0.09583333333333334,-0.3458333333333333,-0.075,-0.2625
2,0.0,0.0,0.13253012048192772,-0.10843373493975904,0.17670682730923695,-0.285140562248996,0.11244979919678715,-0.46184738955823296,0.05220883534136546,-0.6104417670682731,0.23694779116465864,-0.5140562248995983,0.26907630522088355,-0.7309236947791165,0.285140562248996,-0.8795180722891566,0.2891566265060241,-1.0,0.10441767068273092,-0.4979919678714859,0.060240963855421686,-0.6586345381526104,0.05220883534136546,-0.570281124497992,0.060240963855421686,-0.4819277108433735,-0.020080321285140562,-0.44176706827309237,-0.040160642570281124,-0.5341365461847389,-0.012048192771084338,-0.3855421686746988,0.004016064257028112,-0.2891566265060241,-0.1285140562248996,-0.3654618473895582,-0.1285140562248996,-0.4578313253012048,-0.0963855421686747,-0.3453815261044177,-0.07228915662650602,-0.26907630522088355
2,0.0,0.0,0.16877637130801687,-0.11814345991561181,0.25316455696202533,-0.31645569620253167,0.21940928270042195,-0.47257383966244726,0.14767932489451477,-0.5569620253164557,0.24472573839662448,-0.5232067510548524,0.31645569620253167,-0.7426160337552743,0.35443037974683544,-0.8776371308016878,0.3670886075949367,-1.0,0.1350210970464135,-0.5232067510548524,0.16455696202531644,-0.6033755274261603,0.15611814345991562,-0.45569620253164556,0.12658227848101267,-0.35443037974683544,0.029535864978902954,-0.4936708860759494,0.06751054852320675,-0.5358649789029536,0.08016877637130802,-0.379746835443038,0.07172995780590717,-0.28270042194092826,-0.06751054852320675,-0.4472573839662447,-0.004219409282700422,-0.5147679324894515,0.04219409282700422,-0.47257383966244726,0.05907172995780591,-0.45147679324894513
2,0.0,0.0,0.19469026548672566,-0.10619469026548672,0.3185840707964602,-0.29646017699115046,0.3805309734513274,-0.4469026548672566,0.45132743362831856,-0.5663716814159292,0.23008849557522124,-0.5619469026548672,0.3141592920353982,-0.7566371681415929,0.3672566371681416,-0.8849557522123894,0.40707964601769914,-1.0,0.12831858407079647,-0.5796460176991151,0.3141592920353982,-0.584070796460177,0.3407079646017699,-0.40707964601769914,0.30973451327433627,-0.2920353982300885,0.03982300884955752,-0.5530973451327433,0.23893805309734514,-0.5132743362831859,0.24778761061946902,-0.34513274336283184,0.2079646017699115,-0.24778761061946902,-0.04424778761061947,-0.48672566371681414,0.13274336283185842,-0.45132743362831856,0.1592920353982301,-0.3230088495575221,0.13274336283185842,-0.24778761061946902
2,0.0,0.0,-0.02857142857142857,-0.22857142857142856,0.06666666666666667,-0.4,0.23333333333333334,-0.46190476190476193,0.37142857142857144,-0.4523809523809524,0.009523809523809525,-0.5285714285714286,0.10952380952380952,-0.7523809523809524,0.1619047619047619,-0.8904761904761904,0.19523809523809524,-1.0,0.10952380952380952,-0.5238095238095238,0.3142857142857143,-0.5238095238095238,0.319047619047619,-0.43333333333333335,0.2714285714285714,-0.4,0.22857142857142856,-0.45714285714285713,0.3904761904761905,-0.42857142857142855,0.3619047619047619,-0.3476190476190476,0.3047619047619048,-0.32857142857142857,0.3380952380952381,-0.37142857142857144,0.4523809523809524,-0.32857142857142857,0.4142857142857143,-0.2571428571428571,0.3523809523809524,-0.23333333333333334
2,0.0,0.0,-0.13537117903930132,-0.1703056768558952,-0.12663755458515283,-0.34497816593886466,-0.034934497816593885,-0.4366812227074236,0.06550218340611354,-0.4410480349344978,-0.10043668122270742,-0.519650655021834,-0.08733624454148471,-0.7467248908296943,-0.07423580786026202,-0.8951965065502183,-0.0611353711790393,-1.0,0.043668122270742356,-0.5327510917030568,0.10480349344978165,-0.5240174672489083,0.09606986899563319,-0.45414847161572053,0.07423580786026202,-0.40611353711790393,0.18340611353711792,-0.4759825327510917,0.19213973799126638,-0.4497816593886463,0.17467248908296942,-0.3930131004366812,0.14847161572052403,-0.3537117903930131,0.2925764192139738,-0.40611353711790393,0.30131004366812225,-0.38427947598253276,0.2838427947598253,-0.33624454148471616,0.2576419213973799,-0.2925764192139738
2,0.0,0.0,-0.16740088105726872,-0.16740088105726872,-0.17180616740088106,-0.34801762114537443,-0.1013215859030837,-0.44933920704845814,0.0,-0.4669603524229075,-0.15418502202643172,-0.5066079295154186,-0.15418502202643172,-0.748898678414097,-0.15859030837004406,-0.8898678414096917,-0.15859030837004406,-1.0,-0.013215859030837005,-0.5330396475770925,0.0,-0.5374449339207048,-0.013215859030837005,-0.4713656387665198,-0.01762114537444934,-0.42290748898678415,0.1277533039647577,-0.4801762114537445,0.0881057268722467,-0.4713656387665198,0.06607929515418502,-0.41409691629955947,0.05726872246696035,-0.36123348017621143,0.23788546255506607,-0.41409691629955947,0.21145374449339208,-0.41409691629955947,0.19383259911894274,-0.3700440528634361,0.18502202643171806,-0.31718061674008813
2,0.0,0.0,-0.1762114537444934,-0.16299559471365638,-0.18502202643171806,-0.3436123348017621,-0.11894273127753303,-0.45374449339207046,-0.01762114537444934,-0.4801762114537445,-0.17180616740088106,-0.5110132158590308,-0.1762114537444934,-0.7533039647577092,-0.18061674008810572,-0.8942731277533039,-0.18061674008810572,-1.0,-0.02643171806167401,-0.5418502202643172,-0.01762114537444934,-0.5462555066079295,-0.022026431718061675,-0.47577092511013214,-0.02643171806167401,-0.42731277533039647,0.1145374449339207,-0.4845814977973568,0.07048458149779736,-0.4801762114537445,0.05286343612334802,-0.42290748898678415,0.05286343612334802,-0.3700440528634361,0.2290748898678414,-0.41409691629955947,0.19823788546255505,-0.42290748898678415,0.18061674008810572,-0.3788546255506608,0.1762114537444934,-0.32599118942731276
2,0.0,0.0,0.028225806451612902,-0.20161290322580644,0.0967741935483871,-0.3951612903225806,0.23790322580645162,-0.5120967741935484,0.3629032258064516,-0.5483870967741935,-0.04435483870967742,-0.5241935483870968,0.008064516129032258,-0.75,0.024193548387096774,-0.8830645161290323,0.04032258064516129,-1.0,-0.004032258064516129,-0.5241935483870968,0.25,-0.592741935483871,0.2701612903225806,-0.4838709677419355,0.21774193548387097,-0.43951612903225806,0.07258064516129033,-0.4838709677419355,0.3346774193548387,-0.5040322580645161,0.31451612903225806,-0.3911290322580645,0.24596774193548387,-0.3548387096774194,0.16532258064516128,-0.4274193548387097,0.38306451612903225,-0.40725806451612906,0.3588709677419355,-0.3064516129032258,0.29435483870967744,-0.2661290322580645
2,0.0,0.0,0.19642857142857142,-0.12946428571428573,0.2767857142857143,-0.36160714285714285,0.29910714285714285,-0.5669642857142857,0.34375,-0.71875,0.16517857142857142,-0.5357142857142857,0.1875,-0.75,0.19196428571428573,-0.8839285714285714,0.19642857142857142,-1.0,0.07142857142857142,-0.5401785714285714,0.17410714285714285,-0.6741071428571429,0.20535714285714285,-0.5089285714285714,0.19642857142857142,-0.36607142857142855,-0.022321428571428572,-0.5223214285714286,0.09821428571428571,-0.6205357142857143,0.11607142857142858,-0.4419642857142857,0.10267857142857142,-0.29910714285714285,-0.125,-0.48214285714285715,0.013392857142857142,-0.5580357142857143,0.05357142857142857,-0.4330357142857143,0.05357142857142857,-0.32142857142857145
2,0.0,0.0,0.21962616822429906,-0.10747663551401869,0.3130841121495327,-0.3411214953271028,0.3177570093457944,-0.5560747663551402,0.3317757009345794,-0.7242990654205608,0.22429906542056074,-0.5280373831775701,0.2757009345794392,-0.7383177570093458,0.29439252336448596,-0.8785046728971962,0.29439252336448596,-1.0,0.12149532710280374,-0.5233644859813084,0.18691588785046728,-0.6869158878504673,0.205607476635514,-0.5280373831775701,0.19626168224299065,-0.38317757009345793,0.009345794392523364,-0.4953271028037383,0.08411214953271028,-0.6214953271028038,0.11682242990654206,-0.4439252336448598,0.10747663551401869,-0.308411214953271,-0.11682242990654206,-0.4485981308411215,-0.014018691588785047,-0.5560747663551402,0.037383177570093455,-0.43457943925233644,0.04672897196261682,-0.32710280373831774
2,0.0,0.0,0.19626168224299065,-0.11682242990654206,0.2897196261682243,-0.35046728971962615,0.29439252336448596,-0.5887850467289719,0.2803738317757009,-0.7570093457943925,0.3598130841121495,-0.5093457943925234,0.4672897196261682,-0.7336448598130841,0.5186915887850467,-0.8785046728971962,0.5514018691588785,-1.0,0.22897196261682243,-0.5233644859813084,0.21962616822429906,-0.6915887850467289,0.1822429906542056,-0.5747663551401869,0.16355140186915887,-0.4532710280373832,0.09813084112149532,-0.5046728971962616,0.08411214953271028,-0.6355140186915887,0.07009345794392523,-0.48598130841121495,0.06074766355140187,-0.3691588785046729,-0.037383177570093455,-0.4672897196261682,-0.02336448598130841,-0.5700934579439252,-0.018691588785046728,-0.46261682242990654,-0.009345794392523364,-0.3691588785046729
2,0.0,0.0,0.08906882591093117,-0.1659919028340081,0.0931174089068826,-0.39271255060728744,-0.008097165991902834,-0.5789473684210527,-0.08502024291497975,-0.7004048582995951,0.2631578947368421,-0.5141700404858299,0.3319838056680162,-0.7368421052631579,0.3805668016194332,-0.8825910931174089,0.4251012145748988,-1.0,0.14979757085020243,-0.5020242914979757,0.016194331983805668,-0.6194331983805668,-0.048582995951417005,-0.4898785425101215,-0.044534412955465584,-0.3684210526315789,0.044534412955465584,-0.47368421052631576,-0.06477732793522267,-0.5587044534412956,-0.08906882591093117,-0.43724696356275305,-0.06882591093117409,-0.3441295546558704,-0.02834008097165992,-0.41700404858299595,-0.11740890688259109,-0.48582995951417,-0.12955465587044535,-0.4008097165991903,-0.10121457489878542,-0.32388663967611336
2,0.0,0.0,-0.018115942028985508,-0.13768115942028986,-0.06884057971014493,-0.33695652173913043,-0.14130434782608695,-0.4927536231884058,-0.2028985507246377,-0.6086956521739131,0.17028985507246377,-0.5108695652173914,0.1956521739130435,-0.7318840579710145,0.2246376811594203,-0.8659420289855072,0.2572463768115942,-1.0,0.09782608695652174,-0.4855072463768116,-0.06159420289855073,-0.5797101449275363,-0.09057971014492754,-0.45652173913043476,-0.03985507246376811,-0.3804347826086957,0.018115942028985508,-0.463768115942029,-0.10869565217391304,-0.5398550724637681,-0.10869565217391304,-0.4166666666666667,-0.043478260869565216,-0.37318840579710144,-0.036231884057971016,-0.4384057971014493,-0.12681159420289856,-0.4927536231884058,-0.13043478260869565,-0.4166666666666667,-0.09420289855072464,-0.358695652173913
2,0.0,0.0,-0.07194244604316546,-0.12949640287769784,-0.14028776978417265,-0.3273381294964029,-0.21942446043165467,-0.4748201438848921,-0.2949640287769784,-0.5863309352517986,0.08633093525179857,-0.5071942446043165,0.08273381294964029,-0.7410071942446043,0.09352517985611511,-0.8776978417266187,0.11510791366906475,-1.0,0.05755395683453238,-0.4712230215827338,-0.08992805755395683,-0.5935251798561151,-0.14388489208633093,-0.5287769784172662,-0.12589928057553956,-0.4676258992805755,0.014388489208633094,-0.43884892086330934,-0.12589928057553956,-0.539568345323741,-0.17266187050359713,-0.42805755395683454,-0.1474820143884892,-0.3669064748201439,-0.014388489208633094,-0.4244604316546763,-0.12949640287769784,-0.4748201438848921,-0.16546762589928057,-0.4064748201438849,-0.15827338129496402,-0.34532374100719426
2,0.0,0.0,-0.08394160583941605,-0.12408759124087591,-0.15328467153284672,-0.32116788321167883,-0.22627737226277372,-0.48175182481751827,-0.29927007299270075,-0.5985401459854015,0.08029197080291971,-0.5036496350364964,0.08029197080291971,-0.7445255474452555,0.0948905109489051,-0.8795620437956204,0.11678832116788321,-1.0,0.06204379562043796,-0.4781021897810219,-0.11678832116788321,-0.5912408759124088,-0.1678832116788321,-0.5036496350364964,-0.13503649635036497,-0.4343065693430657,0.01824817518248175,-0.4489051094890511,-0.13503649635036497,-0.5437956204379562,-0.17518248175182483,-0.4343065693430657,-0.1386861313868613,-0.38321167883211676,-0.0072992700729927005,-0.42700729927007297,-0.12408759124087591,-0.48175182481751827,-0.14963503649635038,-0.4051094890510949,-0.13138686131386862,-0.34306569343065696
2,0.0,0.0,0.1794871794871795,-0.13675213675213677,0.2948717948717949,-0.3418803418803419,0.28205128205128205,-0.5598290598290598,0.2863247863247863,-0.7350427350427351,0.5470085470085471,-0.405982905982906,0.717948717948718,-0.5897435897435898,0.8247863247863247,-0.7222222222222222,0.9102564102564102,-0.8290598290598291,0.4188034188034188,-0.46153846153846156,0.49572649572649574,-0.717948717948718,0.5128205128205128,-0.8846153846153846,0.5341880341880342,-1.0,0.2777777777777778,-0.4829059829059829,0.25213675213675213,-0.6581196581196581,0.14957264957264957,-0.5299145299145299,0.11538461538461539,-0.43162393162393164,0.16666666666666666,-0.47435897435897434,0.11965811965811966,-0.5769230769230769,0.05555555555555555,-0.47863247863247865,0.042735042735042736,-0.39316239316239315
2,0.0,0.0,0.22767857142857142,-0.07589285714285714,0.36607142857142855,-0.28125,0.375,-0.5089285714285714,0.36160714285714285,-0.6964285714285714,0.5,-0.42410714285714285,0.6830357142857143,-0.6026785714285714,0.7857142857142857,-0.71875,0.8705357142857143,-0.8258928571428571,0.38839285714285715,-0.5044642857142857,0.53125,-0.7455357142857143,0.625,-0.8839285714285714,0.6964285714285714,-1.0,0.24553571428571427,-0.5267857142857143,0.3392857142857143,-0.6919642857142857,0.29464285714285715,-0.5357142857142857,0.24553571428571427,-0.42857142857142855,0.10267857142857142,-0.5178571428571429,0.19196428571428573,-0.6473214285714286,0.17410714285714285,-0.5401785714285714,0.14732142857142858,-0.44642857142857145
2,0.0,0.0,0.2109704641350211,-0.08860759493670886,0.31645569620253167,-0.2911392405063291,0.2911392405063291,-0.4978902953586498,0.23628691983122363,-0.6582278481012658,0.4050632911392405,-0.4430379746835443,0.5780590717299579,-0.6033755274261603,0.6751054852320675,-0.7130801687763713,0.7468354430379747,-0.8059071729957806,0.2911392405063291,-0.510548523206751,0.379746835443038,-0.7468354430379747,0.4430379746835443,-0.890295358649789,0.48523206751054854,-1.0,0.16033755274261605,-0.5147679324894515,0.2109704641350211,-0.6708860759493671,0.20675105485232068,-0.5232067510548524,0.18565400843881857,-0.4219409282700422,0.02531645569620253,-0.4978902953586498,0.06329113924050633,-0.6371308016877637,0.08860759493670886,-0.5443037974683544,0.10548523206751055,-0.4472573839662447
2,0.0,0.0,0.17490494296577946,-0.09505703422053231,0.2813688212927757,-0.2813688212927757,0.30038022813688214,-0.4296577946768061,0.29277566539923955,-0.5551330798479087,0.21292775665399238,-0.467680608365019,0.2965779467680608,-0.6425855513307985,0.34980988593155893,-0.7414448669201521,0.38022813688212925,-0.8288973384030418,0.12547528517110265,-0.49809885931558934,0.17870722433460076,-0.7452471482889734,0.23193916349809887,-0.8859315589353612,0.2661596958174905,-1.0,0.03802281368821293,-0.4866920152091255,0.14068441064638784,-0.6007604562737643,0.22433460076045628,-0.4828897338403042,0.2623574144486692,-0.3840304182509506,-0.034220532319391636,-0.44106463878326996,0.07984790874524715,-0.5247148288973384,0.17870722433460076,-0.44866920152091255,0.23574144486692014,-0.35361216730038025
2,0.0,0.0,0.19831223628691982,-0.15611814345991562,0.3080168776371308,-0.3080168776371308,0.4388185654008439,-0.42616033755274263,0.5443037974683544,-0.5063291139240507,0.08438818565400844,-0.540084388185654,0.1729957805907173,-0.7383966244725738,0.21940928270042195,-0.8649789029535865,0.22784810126582278,-0.9789029535864979,0.08860759493670886,-0.5485232067510548,0.27848101265822783,-0.7721518987341772,0.39662447257383965,-0.9029535864978903,0.47257383966244726,-1.0,0.11814345991561181,-0.5063291139240507,0.4008438818565401,-0.6033755274261603,0.42616033755274263,-0.45569620253164556,0.4008438818565401,-0.3459915611814346,0.189873417721519,-0.43037974683544306,0.42616033755274263,-0.45569620253164556,0.45147679324894513,-0.350210970464135,0.4388185654008439,-0.25316455696202533
2,0.0,0.0,-0.031007751937984496,-0.23255813953488372,0.027131782945736434,-0.3643410852713178,0.12790697674418605,-0.4573643410852713,0.2248062015503876,-0.5,-0.011627906976744186,-0.5155038759689923,-0.007751937984496124,-0.7441860465116279,-0.027131782945736434,-0.8837209302325582,-0.04263565891472868,-1.0,0.06976744186046512,-0.5038759689922481,0.18604651162790697,-0.7441860465116279,0.2596899224806202,-0.8798449612403101,0.3023255813953488,-0.9689922480620154,0.15891472868217055,-0.4573643410852713,0.32558139534883723,-0.5658914728682171,0.32170542635658916,-0.49612403100775193,0.2868217054263566,-0.437984496124031,0.2558139534883721,-0.38372093023255816,0.38372093023255816,-0.4573643410852713,0.3682170542635659,-0.39147286821705424,0.3333333333333333,-0.3372093023255814
2,0.0,0.0,-0.045112781954887216,-0.22556390977443608,-0.018796992481203006,-0.3533834586466165,0.04887218045112782,-0.47368421052631576,0.10902255639097744,-0.5413533834586466,-0.041353383458646614,-0.518796992481203,-0.06766917293233082,-0.7406015037593985,-0.09774436090225563,-0.8834586466165414,-0.12406015037593984,-1.0,0.04887218045112782,-0.5075187969924813,0.15037593984962405,-0.7556390977443609,0.22556390977443608,-0.9022556390977443,0.2631578947368421,-0.9887218045112782,0.14661654135338345,-0.462406015037594,0.2819548872180451,-0.5789473684210527,0.2857142857142857,-0.5150375939849624,0.2631578947368421,-0.462406015037594,0.2518796992481203,-0.39097744360902253,0.34962406015037595,-0.48120300751879697,0.3383458646616541,-0.41729323308270677,0.31203007518796994,-0.3609022556390977
2,0.0,0.0,-0.06844106463878327,-0.22053231939163498,-0.057034220532319393,-0.3650190114068441,0.0038022813688212928,-0.4790874524714829,0.057034220532319393,-0.5361216730038023,-0.06463878326996197,-0.5133079847908745,-0.09125475285171103,-0.7376425855513308,-0.12927756653992395,-0.8859315589353612,-0.1596958174904943,-1.0,0.030418250950570342,-0.5133079847908745,0.12927756653992395,-0.7604562737642585,0.19011406844106463,-0.908745247148289,0.22813688212927757,-1.0,0.13307984790874525,-0.4752851711026616,0.2661596958174905,-0.5855513307984791,0.2661596958174905,-0.5209125475285171,0.24714828897338403,-0.467680608365019,0.23954372623574144,-0.4068441064638783,0.33460076045627374,-0.49429657794676807,0.3231939163498099,-0.43346007604562736,0.3041825095057034,-0.376425855513308
2,0.0,0.0,0.07865168539325842,-0.18726591760299627,0.16853932584269662,-0.3595505617977528,0.299625468164794,-0.4756554307116105,0.41947565543071164,-0.5355805243445693,-0.0149812734082397,-0.5093632958801498,-0.018726591760299626,-0.7265917602996255,-0.03745318352059925,-0.8651685393258427,-0.06367041198501873,-0.9775280898876404,0.00749063670411985,-0.49812734082397003,0.14606741573033707,-0.7340823970037453,0.23220973782771537,-0.8876404494382022,0.2883895131086142,-1.0,0.052434456928838954,-0.4419475655430712,0.2958801498127341,-0.5880149812734082,0.31835205992509363,-0.4794007490636704,0.2846441947565543,-0.4044943820224719,0.13108614232209737,-0.3707865168539326,0.352059925093633,-0.44569288389513106,0.36704119850187267,-0.3595505617977528,0.3445692883895131,-0.299625468164794
2,0.0,0.0,0.16541353383458646,-0.09774436090225563,0.24060150375939848,-0.2819548872180451,0.23684210526315788,-0.4398496240601504,0.21052631578947367,-0.575187969924812,0.16541353383458646,-0.45112781954887216,0.22556390977443608,-0.631578947368421,0.2556390977443609,-0.7330827067669173,0.2669172932330827,-0.8233082706766918,0.07894736842105263,-0.4774436090225564,0.08646616541353383,-0.7368421052631579,0.10526315789473684,-0.8834586466165414,0.10902255639097744,-1.0,-0.0037593984962406013,-0.45864661654135336,0.06766917293233082,-0.6052631578947368,0.14285714285714285,-0.49624060150375937,0.16917293233082706,-0.39849624060150374,-0.06766917293233082,-0.41353383458646614,0.03007518796992481,-0.518796992481203,0.12406015037593984,-0.4548872180451128,0.18421052631578946,-0.37218045112781956
2,0.0,0.0,0.196,-0.112,0.26,-0.316,0.22,-0.496,0.152,-0.62,0.244,-0.452,0.34,-0.612,0.388,-0.716,0.42,-0.804,0.136,-0.496,0.128,-0.76,0.136,-0.9,0.128,-1.0,0.032,-0.48,0.068,-0.656,0.136,-0.528,0.16,-0.424,-0.064,-0.436,-0.004,-0.56,0.064,-0.488,0.1,-0.408
2,0.0,0.0,0.12133891213389121,-0.16317991631799164,0.15481171548117154,-0.38493723849372385,0.07531380753138076,-0.5815899581589958,0.012552301255230125,-0.7280334728033473,0.3389121338912134,-0.5146443514644351,0.45188284518828453,-0.7238493723849372,0.5188284518828452,-0.8451882845188284,0.5774058577405857,-0.9497907949790795,0.21338912133891214,-0.5439330543933054,0.22594142259414227,-0.7615062761506276,0.22594142259414227,-0.895397489539749,0.2384937238493724,-1.0,0.09623430962343096,-0.5146443514644351,0.03347280334728033,-0.6652719665271967,-0.02092050209205021,-0.5815899581589958,-0.03765690376569038,-0.5062761506276151,-0.0041841004184100415,-0.45188284518828453,-0.04602510460251046,-0.5732217573221757,-0.08368200836820083,-0.5230125523012552,-0.100418410041841,-0.4560669456066946
2,0.0,0.0,0.10569105691056911,-0.1910569105691057,0.10975609756097561,-0.3902439024390244,0.016260162601626018,-0.5609756097560976,-0.04878048780487805,-0.7032520325203252,0.3252032520325203,-0.524390243902439,0.4186991869918699,-0.7560975609756098,0.47560975609756095,-0.8943089430894309,0.5284552845528455,-1.0,0.1991869918699187,-0.540650406504065,0.18292682926829268,-0.7601626016260162,0.17073170731707318,-0.8983739837398373,0.1910569105691057,-1.0,0.08536585365853659,-0.5121951219512195,0.012195121951219513,-0.6504065040650406,-0.024390243902439025,-0.5365853658536586,-0.016260162601626018,-0.45121951219512196,0.0,-0.45934959349593496,-0.056910569105691054,-0.573170731707317,-0.07723577235772358,-0.524390243902439,-0.07723577235772358,-0.4634146341463415
2,0.0,0.0,0.06870229007633588,-0.17557251908396945,0.0648854961832061,-0.3893129770992366,-0.026717557251908396,-0.5572519083969466,-0.07251908396946564,-0.6946564885496184,0.31297709923664124,-0.5152671755725191,0.4083969465648855,-0.7442748091603053,0.46946564885496184,-0.8816793893129771,0.5267175572519084,-1.0,0.2099236641221374,-0.5267175572519084,0.21374045801526717,-0.7519083969465649,0.21374045801526717,-0.8931297709923665,0.22900763358778625,-1.0,0.11068702290076336,-0.5076335877862596,0.019083969465648856,-0.648854961832061,-0.030534351145038167,-0.5114503816793893,-0.019083969465648856,-0.42366412213740456,0.04198473282442748,-0.48091603053435117,-0.03816793893129771,-0.5877862595419847,-0.08396946564885496,-0.549618320610687,-0.09923664122137404,-0.5190839694656488
2,0.0,0.0,0.12452830188679245,-0.15471698113207547,0.20754716981132076,-0.38113207547169814,0.18867924528301888,-0.569811320754717,0.1660377358490566,-0.7245283018867924,0.4037735849056604,-0.47547169811320755,0.45660377358490567,-0.7094339622641509,0.47924528301886793,-0.8528301886792453,0.5018867924528302,-0.969811320754717,0.2981132075471698,-0.4981132075471698,0.30943396226415093,-0.7283018867924528,0.30566037735849055,-0.8867924528301887,0.32452830188679244,-1.0,0.18867924528301888,-0.4830188679245283,0.1018867924528302,-0.6150943396226415,0.01509433962264151,-0.4981132075471698,-0.007547169811320755,-0.41509433962264153,0.10566037735849057,-0.44528301886792454,0.022641509433962263,-0.5245283018867924,-0.03773584905660377,-0.44528301886792454,-0.05660377358490566,-0.3849056603773585
2,0.0,0.0,0.15079365079365079,-0.18253968253968253,0.24206349206349206,-0.38095238095238093,0.2261904761904762,-0.5714285714285714,0.21031746031746032,-0.7341269841269841,0.4444444444444444,-0.4642857142857143,0.5119047619047619,-0.6904761904761905,0.5317460317460317,-0.8412698412698413,0.5476190476190477,-0.9642857142857143,0.3373015873015873,-0.48412698412698413,0.3611111111111111,-0.7023809523809523,0.36507936507936506,-0.8690476190476191,0.38095238095238093,-1.0,0.21825396825396826,-0.46825396825396826,0.16666666666666666,-0.626984126984127,0.09126984126984126,-0.5833333333333334,0.06349206349206349,-0.5476190476190477,0.12698412698412698,-0.42857142857142855,0.06746031746031746,-0.5396825396825397,0.011904761904761904,-0.5277777777777778,-0.01984126984126984,-0.5119047619047619
2,0.0,0.0,0.2727272727272727,-0.06060606060606061,0.45454545454545453,-0.26262626262626265,0.5151515151515151,-0.5,0.5656565656565656,-0.6919191919191919,0.5858585858585859,-0.32323232323232326,0.7878787878787878,-0.4595959595959596,0.9090909090909091,-0.5505050505050505,1.0,-0.6313131313131313,0.46464646464646464,-0.43434343434343436,0.6111111111111112,-0.6717171717171717,0.6565656565656566,-0.7676767676767676,0.6868686868686869,-0.8181818181818182,0.3383838383838384,-0.4898989898989899,0.494949494949495,-0.7121212121212122,0.601010101010101,-0.8434343434343434,0.6919191919191919,-0.9646464646464646,0.21717171717171718,-0.5050505050505051,0.35858585858585856,-0.6111111111111112,0.45454545454545453,-0.6515151515151515,0.5454545454545454,-0.702020202020202
2,0.0,0.0,0.25,-0.11842105263157894,0.35526315789473684,-0.2982456140350877,0.47368421052631576,-0.41228070175438597,0.5789473684210527,-0.5350877192982456,0.19298245614035087,-0.5175438596491229,0.27631578947368424,-0.6754385964912281,0.34210526315789475,-0.7894736842105263,0.37280701754385964,-0.8728070175438597,0.14473684210526316,-0.5394736842105263,0.13596491228070176,-0.7763157894736842,0.12719298245614036,-0.9035087719298246,0.12280701754385964,-1.0,0.11403508771929824,-0.5263157894736842,0.2675438596491228,-0.7280701754385965,0.39035087719298245,-0.8552631578947368,0.4692982456140351,-0.9429824561403509,0.12280701754385964,-0.4780701754385965,0.3333333333333333,-0.5307017543859649,0.49122807017543857,-0.5043859649122807,0.5921052631578947,-0.47368421052631576
2,0.0,0.0,0.21912350597609562,-0.12350597609561753,0.3107569721115538,-0.26693227091633465,0.41832669322709165,-0.36254980079681276,0.5298804780876494,-0.4342629482071713,0.0796812749003984,-0.47808764940239046,0.13545816733067728,-0.6613545816733067,0.1593625498007968,-0.7808764940239044,0.16334661354581673,-0.8764940239043825,0.04780876494023904,-0.4940239043824701,0.08764940239043825,-0.7370517928286853,0.10358565737051793,-0.8804780876494024,0.10756972111553785,-1.0,0.06374501992031872,-0.4581673306772908,0.250996015936255,-0.6533864541832669,0.35856573705179284,-0.7569721115537849,0.4262948207171315,-0.8446215139442231,0.13147410358565736,-0.3904382470119522,0.350597609561753,-0.4541832669322709,0.4541832669322709,-0.42231075697211157,0.5338645418326693,-0.38645418326693226
2,0.0,0.0,-0.0661764705882353,-0.20955882352941177,-0.04044117647058824,-0.3639705882352941,0.029411764705882353,-0.4264705882352941,0.10661764705882353,-0.44485294117647056,-0.05514705882352941,-0.47058823529411764,-0.08088235294117647,-0.6727941176470589,-0.10661764705882353,-0.8014705882352942,-0.13602941176470587,-0.9044117647058824,0.03308823529411765,-0.4742647058823529,0.058823529411764705,-0.7352941176470589,0.07352941176470588,-0.8860294117647058,0.0661764705882353,-1.0,0.13602941176470587,-0.4375,0.25,-0.625,0.29411764705882354,-0.7242647058823529,0.3272058823529412,-0.8088235294117647,0.23529411764705882,-0.3602941176470588,0.33088235294117646,-0.44485294117647056,0.31985294117647056,-0.4007352941176471,0.3088235294117647,-0.34191176470588236
2,0.0,0.0,-0.06451612903225806,-0.1971326164874552,-0.007168458781362007,-0.3655913978494624,0.11827956989247312,-0.4121863799283154,0.2222222222222222,-0.41935483870967744,-0.08243727598566308,-0.4551971326164875,-0.13978494623655913,-0.6666666666666666,-0.1935483870967742,-0.7992831541218638,-0.23655913978494625,-0.9032258064516129,0.021505376344086023,-0.46953405017921146,0.02867383512544803,-0.7347670250896058,0.043010752688172046,-0.8853046594982079,0.05017921146953405,-1.0,0.12903225806451613,-0.4444444444444444,0.2114695340501792,-0.6379928315412187,0.25089605734767023,-0.7526881720430108,0.2831541218637993,-0.8494623655913979,0.22580645161290322,-0.37992831541218636,0.24372759856630824,-0.4444444444444444,0.20430107526881722,-0.3870967741935484,0.1935483870967742,-0.32616487455197135
2,0.0,0.0,-0.07801418439716312,-0.20212765957446807,-0.0425531914893617,-0.35815602836879434,0.06028368794326241,-0.4219858156028369,0.15602836879432624,-0.450354609929078,-0.08865248226950355,-0.4574468085106383,-0.13829787234042554,-0.6737588652482269,-0.18439716312056736,-0.8014184397163121,-0.22340425531914893,-0.9078014184397163,0.010638297872340425,-0.4574468085106383,0.0425531914893617,-0.7340425531914894,0.0673758865248227,-0.8900709219858156,0.07446808510638298,-1.0,0.11702127659574468,-0.42907801418439717,0.24113475177304963,-0.6205673758865248,0.29432624113475175,-0.723404255319149,0.32978723404255317,-0.8049645390070922,0.21631205673758866,-0.3617021276595745,0.26595744680851063,-0.4397163120567376,0.22340425531914893,-0.39361702127659576,0.20567375886524822,-0.34397163120567376
2,0.0,0.0,-0.0636042402826855,-0.20141342756183744,-0.045936395759717315,-0.36042402826855124,0.04240282685512368,-0.43462897526501765,0.13074204946996468,-0.46996466431095407,-0.0706713780918728,-0.45936395759717313,-0.13074204946996468,-0.6713780918727915,-0.18021201413427562,-0.7950530035335689,-0.22614840989399293,-0.8975265017667845,0.0176678445229682,-0.4558303886925795,0.045936395759717315,-0.7314487632508834,0.06007067137809187,-0.8833922261484098,0.05653710247349823,-1.0,0.12014134275618374,-0.4204946996466431,0.24381625441696114,-0.6148409893992933,0.303886925795053,-0.7137809187279152,0.3462897526501767,-0.7985865724381626,0.21554770318021202,-0.3462897526501767,0.30742049469964666,-0.4664310954063604,0.3003533568904594,-0.43109540636042404,0.3003533568904594,-0.38869257950530034
2,0.0,0.0,0.2,-0.12444444444444444,0.24,-0.3333333333333333,0.28,-0.5244444444444445,0.29777777777777775,-0.6844444444444444,0.057777777777777775,-0.4711111111111111,0.017777777777777778,-0.6222222222222222,-0.013333333333333334,-0.72,-0.04888888888888889,-0.7866666666666666,-0.013333333333333334,-0.48444444444444446,-0.1111111111111111,-0.6755555555555556,-0.17333333333333334,-0.7777777777777778,-0.2222222222222222,-0.88,-0.06222222222222222,-0.47555555555555556,-0.017777777777777778,-0.7111111111111111,0.02666666666666667,-0.8711111111111111,0.044444444444444446,-1.0,-0.08,-0.4533333333333333,0.08888888888888889,-0.5688888888888889,0.24444444444444444,-0.6088888888888889,0.3466666666666667,-0.6133333333333333
2,0.0,0.0,0.27722772277227725,-0.13366336633663367,0.3069306930693069,-0.38613861386138615,0.2871287128712871,-0.5792079207920792,0.2722772277227723,-0.7673267326732673,0.27722772277227725,-0.4306930693069307,0.31683168316831684,-0.5742574257425742,0.33663366336633666,-0.6683168316831684,0.3465346534653465,-0.7277227722772277,0.17326732673267325,-0.4603960396039604,0.18316831683168316,-0.6683168316831684,0.21782178217821782,-0.7574257425742574,0.26732673267326734,-0.8168316831683168,0.06930693069306931,-0.4752475247524752,0.0891089108910891,-0.7326732673267327,0.12871287128712872,-0.8762376237623762,0.15841584158415842,-1.0,-0.019801980198019802,-0.5,0.08415841584158416,-0.6435643564356436,0.19306930693069307,-0.6683168316831684,0.26732673267326734,-0.693069306930693
2,0.0,0.0,0.2028301886792453,-0.13679245283018868,0.25,-0.3867924528301887,0.20754716981132076,-0.6084905660377359,0.18396226415094338,-0.7924528301886793,0.419811320754717,-0.42924528301886794,0.5566037735849056,-0.5424528301886793,0.6509433962264151,-0.6462264150943396,0.7169811320754716,-0.7122641509433962,0.2688679245283019,-0.4858490566037736,0.28773584905660377,-0.7028301886792453,0.3018867924528302,-0.7547169811320755,0.330188679245283,-0.7783018867924528,0.1320754716981132,-0.49528301886792453,0.13679245283018868,-0.7216981132075472,0.1650943396226415,-0.8632075471698113,0.19339622641509435,-1.0,0.018867924528301886,-0.45754716981132076,0.04716981132075472,-0.6273584905660378,0.08018867924528301,-0.6981132075471698,0.1179245283018868,-0.7641509433962265
2,0.0,0.0,0.06614785992217899,-0.12062256809338522,0.07392996108949416,-0.3229571984435798,-0.019455252918287938,-0.5097276264591439,-0.11284046692607004,-0.6459143968871596,0.32684824902723736,-0.5097276264591439,0.4669260700389105,-0.7120622568093385,0.5603112840466926,-0.8404669260700389,0.642023346303502,-0.9416342412451362,0.22568093385214008,-0.5447470817120622,0.3346303501945525,-0.7354085603112841,0.40077821011673154,-0.8599221789883269,0.46303501945525294,-0.953307392996109,0.10894941634241245,-0.5214007782101168,0.07003891050583658,-0.7354085603112841,0.023346303501945526,-0.8793774319066148,0.0,-1.0,0.007782101167315175,-0.4591439688715953,-0.0622568093385214,-0.5875486381322957,-0.10894941634241245,-0.5992217898832685,-0.1517509727626459,-0.5797665369649806
2,0.0,0.0,0.08095238095238096,-0.06666666666666667,0.06666666666666667,-0.23809523809523808,-0.07142857142857142,-0.40476190476190477,-0.19523809523809524,-0.5571428571428572,0.2904761904761905,-0.4523809523809524,0.4380952380952381,-0.6857142857142857,0.5238095238095238,-0.8428571428571429,0.5952380952380952,-0.9714285714285714,0.18571428571428572,-0.49523809523809526,0.3761904761904762,-0.7142857142857143,0.49047619047619045,-0.8714285714285714,0.5904761904761905,-0.9904761904761905,0.06190476190476191,-0.45714285714285713,0.02857142857142857,-0.7047619047619048,-0.03333333333333333,-0.8666666666666667,-0.05714285714285714,-1.0,-0.06666666666666667,-0.37142857142857144,-0.15714285714285714,-0.48095238095238096,-0.20952380952380953,-0.5190476190476191,-0.23809523809523808,-0.5571428571428572
2,0.0,0.0,0.06976744186046512,-0.12403100775193798,0.06976744186046512,-0.32558139534883723,-0.03488372093023256,-0.5038759689922481,-0.11627906976744186,-0.6395348837209303,0.29457364341085274,-0.5193798449612403,0.43410852713178294,-0.7325581395348837,0.5155038759689923,-0.8604651162790697,0.5852713178294574,-0.9728682170542635,0.19767441860465115,-0.5581395348837209,0.32170542635658916,-0.7596899224806202,0.39147286821705424,-0.8875968992248062,0.4496124031007752,-0.9922480620155039,0.08914728682170543,-0.5387596899224806,0.06589147286821706,-0.748062015503876,0.027131782945736434,-0.8837209302325582,0.011627906976744186,-1.0,-0.007751937984496124,-0.4728682170542636,-0.06589147286821706,-0.5968992248062015,-0.09689922480620156,-0.5968992248062015,-0.1124031007751938,-0.5813953488372093
2,0.0,0.0,0.056451612903225805,-0.08064516129032258,0.06451612903225806,-0.2701612903225806,-0.024193548387096774,-0.4717741935483871,-0.10887096774193548,-0.625,0.29435483870967744,-0.5282258064516129,0.43548387096774194,-0.7258064516129032,0.5282258064516129,-0.8548387096774194,0.6088709677419355,-0.9596774193548387,0.18951612903225806,-0.5887096774193549,0.3185483870967742,-0.7862903225806451,0.3951612903225806,-0.9112903225806451,0.4596774193548387,-1.0,0.07258064516129033,-0.5766129032258065,0.05241935483870968,-0.7540322580645161,-0.012096774193548387,-0.7782258064516129,-0.04435483870967742,-0.7782258064516129,-0.028225806451612902,-0.5120967741935484,-0.08870967741935484,-0.6330645161290323,-0.12096774193548387,-0.6088709677419355,-0.125,-0.5645161290322581
2,0.0,0.0,0.09090909090909091,-0.03463203463203463,0.14285714285714285,-0.23376623376623376,0.0735930735930736,-0.4675324675324675,-0.012987012987012988,-0.6493506493506493,0.42857142857142855,-0.5238095238095238,0.6363636363636364,-0.7229437229437229,0.7619047619047619,-0.8398268398268398,0.8614718614718615,-0.9393939393939394,0.3246753246753247,-0.5974025974025974,0.5497835497835498,-0.8008658008658008,0.6883116883116883,-0.9134199134199135,0.8051948051948052,-1.0,0.21645021645021645,-0.6060606060606061,0.3939393939393939,-0.7878787878787878,0.5238095238095238,-0.8874458874458875,0.6233766233766234,-0.9696969696969697,0.08658008658008658,-0.5800865800865801,0.15584415584415584,-0.7142857142857143,0.18614718614718614,-0.7705627705627706,0.21212121212121213,-0.8008658008658008
2,0.0,0.0,0.17716535433070865,0.027559055118110236,0.37401574803149606,-0.05511811023622047,0.4251968503937008,-0.24803149606299213,0.421259842519685,-0.38976377952755903,0.5787401574803149,-0.23622047244094488,0.7913385826771654,-0.2992125984251969,0.905511811023622,-0.3425196850393701,1.0,-0.38188976377952755,0.5,-0.36220472440944884,0.6850393700787402,-0.5,0.7795275590551181,-0.5866141732283464,0.8503937007874016,-0.6535433070866141,0.3858267716535433,-0.43700787401574803,0.5,-0.5787401574803149,0.5748031496062992,-0.6614173228346457,0.6417322834645669,-0.7165354330708661,0.24015748031496062,-0.48031496062992124,0.27165354330708663,-0.6220472440944882,0.2874015748031496,-0.7086614173228346,0.3110236220472441,-0.7755905511811023
2,0.0,0.0,0.2683982683982684,-0.03896103896103896,0.45021645021645024,-0.17316017316017315,0.5497835497835498,-0.3203463203463203,0.6536796536796536,-0.4199134199134199,0.4588744588744589,-0.44155844155844154,0.47186147186147187,-0.6493506493506493,0.4588744588744589,-0.7878787878787878,0.45021645021645024,-0.9090909090909091,0.4025974025974026,-0.4935064935064935,0.38095238095238093,-0.7316017316017316,0.38095238095238093,-0.8701298701298701,0.36796536796536794,-0.9956709956709957,0.3463203463203463,-0.5238095238095238,0.31601731601731603,-0.7532467532467533,0.30735930735930733,-0.8874458874458875,0.29004329004329005,-1.0,0.2813852813852814,-0.5281385281385281,0.24675324675324675,-0.7272727272727273,0.22510822510822512,-0.8441558441558441,0.19913419913419914,-0.948051948051948
2,0.0,0.0,-0.003952569169960474,-0.20553359683794467,0.05533596837944664,-0.33992094861660077,0.16600790513833993,-0.42292490118577075,0.2490118577075099,-0.4624505928853755,0.02766798418972332,-0.466403162055336,0.023715415019762844,-0.6877470355731226,0.011857707509881422,-0.8221343873517787,0.003952569169960474,-0.924901185770751,0.08695652173913043,-0.4743083003952569,0.08695652173913043,-0.7351778656126482,0.08695652173913043,-0.8853754940711462,0.07905138339920949,-1.0,0.16996047430830039,-0.4505928853754941,0.17391304347826086,-0.6956521739130435,0.16600790513833993,-0.8616600790513834,0.1422924901185771,-0.9762845849802372,0.2885375494071146,-0.39920948616600793,0.383399209486166,-0.5573122529644269,0.43873517786561267,-0.6482213438735178,0.4743083003952569,-0.7312252964426877
2,0.0,0.0,-0.08243727598566308,-0.2078853046594982,-0.06451612903225806,-0.3548387096774194,-0.017921146953405017,-0.4551971326164875,0.025089605734767026,-0.5125448028673835,-0.06451612903225806,-0.46953405017921146,-0.14336917562724014,-0.6559139784946236,-0.20430107526881722,-0.7777777777777778,-0.25089605734767023,-0.8637992831541219,0.02867383512544803,-0.4731182795698925,-0.010752688172043012,-0.7383512544802867,-0.02867383512544803,-0.8853046594982079,-0.04659498207885305,-1.0,0.12903225806451613,-0.4444444444444444,0.12903225806451613,-0.6738351254480287,0.12544802867383512,-0.8172043010752689,0.12903225806451613,-0.921146953405018,0.24731182795698925,-0.3870967741935484,0.3333333333333333,-0.5268817204301075,0.3978494623655914,-0.6021505376344086,0.4551971326164875,-0.6702508960573477
2,0.0,0.0,-0.10714285714285714,-0.21071428571428572,-0.09642857142857143,-0.36428571428571427,-0.02857142857142857,-0.44642857142857145,0.05,-0.48214285714285715,-0.09285714285714286,-0.4642857142857143,-0.19642857142857142,-0.6428571428571429,-0.26785714285714285,-0.7607142857142857,-0.32857142857142857,-0.8571428571428571,0.010714285714285714,-0.4714285714285714,-0.02857142857142857,-0.7285714285714285,-0.05714285714285714,-0.8785714285714286,-0.08571428571428572,-1.0,0.12142857142857143,-0.44285714285714284,0.14642857142857144,-0.675,0.16071428571428573,-0.8142857142857143,0.17857142857142858,-0.9214285714285714,0.2357142857142857,-0.38571428571428573,0.34285714285714286,-0.5178571428571429,0.41785714285714287,-0.5857142857142857,0.48214285714285715,-0.6464285714285715
2,0.0,0.0,-0.09252669039145907,-0.20284697508896798,-0.07829181494661921,-0.35587188612099646,-0.014234875444839857,-0.4199288256227758,0.03202846975088968,-0.4234875444839858,-0.07473309608540925,-0.45907473309608543,-0.16725978647686832,-0.6441281138790036,-0.23487544483985764,-0.7686832740213523,-0.28825622775800713,-0.8683274021352313,0.03202846975088968,-0.4697508896797153,-0.0035587188612099642,-0.7259786476868327,-0.03202846975088968,-0.8790035587188612,-0.060498220640569395,-1.0,0.1423487544483986,-0.4412811387900356,0.17793594306049823,-0.6654804270462633,0.20284697508896798,-0.800711743772242,0.2206405693950178,-0.9110320284697508,0.2491103202846975,-0.3736654804270463,0.35587188612099646,-0.49110320284697506,0.43416370106761565,-0.5551601423487544,0.498220640569395,-0.6120996441281139
2,0.0,0.0,0.21161825726141079,-0.1037344398340249,0.29045643153526973,-0.26141078838174275,0.3278008298755187,-0.3983402489626556,0.4024896265560166,-0.5186721991701245,0.17842323651452283,-0.47717842323651455,0.25311203319502074,-0.6556016597510373,0.3153526970954357,-0.7593360995850622,0.3775933609958506,-0.8423236514522822,0.12033195020746888,-0.5186721991701245,0.0912863070539419,-0.7510373443983402,0.0912863070539419,-0.8921161825726142,0.0995850622406639,-1.0,0.08298755186721991,-0.5186721991701245,0.03734439834024896,-0.7427385892116183,0.016597510373443983,-0.8796680497925311,0.0,-0.995850622406639,0.07468879668049792,-0.49377593360995853,0.058091286307053944,-0.6763485477178424,0.058091286307053944,-0.7842323651452282,0.04979253112033195,-0.8755186721991701
2,0.0,0.0,0.2894736842105263,-0.14736842105263157,0.4105263157894737,-0.39473684210526316,0.4105263157894737,-0.6105263157894737,0.3894736842105263,-0.7894736842105263,0.48947368421052634,-0.4105263157894737,0.6526315789473685,-0.4842105263157895,0.7368421052631579,-0.5526315789473685,0.7894736842105263,-0.5947368421052631,0.35789473684210527,-0.4842105263157895,0.4052631578947368,-0.631578947368421,0.4421052631578947,-0.7052631578947368,0.4789473684210526,-0.7578947368421053,0.21578947368421053,-0.531578947368421,0.22105263157894736,-0.7157894736842105,0.2578947368421053,-0.8052631578947368,0.28421052631578947,-0.8736842105263158,0.06315789473684211,-0.5684210526315789,-0.010526315789473684,-0.7631578947368421,-0.04736842105263158,-0.8947368421052632,-0.07368421052631578,-1.0
2,0.0,0.0,0.3055555555555556,-0.16666666666666666,0.4166666666666667,-0.4222222222222222,0.38333333333333336,-0.6388888888888888,0.35555555555555557,-0.8333333333333334,0.6166666666666667,-0.46111111111111114,0.8055555555555556,-0.5777777777777777,0.9222222222222223,-0.6666666666666666,1.0,-0.7166666666666667,0.45,-0.55,0.5888888888888889,-0.6777777777777778,0.6722222222222223,-0.7444444444444445,0.7277777777777777,-0.8,0.2777777777777778,-0.5777777777777777,0.3333333333333333,-0.7444444444444445,0.36666666666666664,-0.7833333333333333,0.3888888888888889,-0.8444444444444444,0.08333333333333333,-0.5833333333333334,0.044444444444444446,-0.7666666666666667,-0.005555555555555556,-0.8666666666666667,-0.06666666666666667,-0.9555555555555556
2,0.0,0.0,0.09009009009009009,-0.11711711711711711,0.12612612612612611,-0.36036036036036034,0.04954954954954955,-0.5630630630630631,0.0045045045045045045,-0.7342342342342343,0.34684684684684686,-0.5540540540540541,0.527027027027027,-0.7477477477477478,0.6576576576576577,-0.8648648648648649,0.7657657657657657,-0.9684684684684685,0.24774774774774774,-0.5900900900900901,0.42342342342342343,-0.8063063063063063,0.5495495495495496,-0.9234234234234234,0.6486486486486487,-1.0,0.12612612612612611,-0.5720720720720721,0.14414414414414414,-0.7432432432432432,0.05855855855855856,-0.6351351351351351,0.013513513513513514,-0.545045045045045,0.02252252252252252,-0.5225225225225225,0.013513513513513514,-0.6576576576576577,-0.013513513513513514,-0.6081081081081081,-0.03153153153153153,-0.545045045045045
2,0.0,0.0,0.08733624454148471,-0.11353711790393013,0.11353711790393013,-0.34497816593886466,0.0611353711790393,-0.5545851528384279,0.03056768558951965,-0.7074235807860262,0.2794759825327511,-0.5589519650655022,0.45414847161572053,-0.759825327510917,0.5633187772925764,-0.8733624454148472,0.6506550218340611,-0.9694323144104804,0.20087336244541484,-0.6026200873362445,0.37117903930131,-0.8122270742358079,0.48034934497816595,-0.9126637554585153,0.5764192139737991,-1.0,0.11353711790393013,-0.6026200873362445,0.20087336244541484,-0.7729257641921398,0.24017467248908297,-0.7816593886462883,0.27074235807860264,-0.7903930131004366,0.021834061135371178,-0.5633187772925764,0.05240174672489083,-0.7074235807860262,0.056768558951965066,-0.6812227074235808,0.056768558951965066,-0.62882096069869
2,0.0,0.0,0.18324607329842932,-0.020942408376963352,0.3403141361256545,-0.19895287958115182,0.44502617801047123,-0.3612565445026178,0.5759162303664922,-0.4816753926701571,0.34554973821989526,-0.5026178010471204,0.5078534031413613,-0.7172774869109948,0.6282722513089005,-0.8691099476439791,0.7172774869109948,-0.9738219895287958,0.225130890052356,-0.5497382198952879,0.39790575916230364,-0.7696335078534031,0.5130890052356021,-0.9109947643979057,0.612565445026178,-1.0,0.09947643979057591,-0.5235602094240838,0.24083769633507854,-0.7068062827225131,0.3193717277486911,-0.8272251308900523,0.4083769633507853,-0.9162303664921466,-0.031413612565445025,-0.450261780104712,0.015706806282722512,-0.5497382198952879,0.031413612565445025,-0.5654450261780105,0.04712041884816754,-0.5497382198952879
2,0.0,0.0,0.16289592760180996,-0.10407239819004525,0.248868778280543,-0.3076923076923077,0.19457013574660634,-0.502262443438914,0.167420814479638,-0.6425339366515838,0.3665158371040724,-0.5565610859728507,0.502262443438914,-0.746606334841629,0.583710407239819,-0.8687782805429864,0.6470588235294118,-0.9638009049773756,0.2579185520361991,-0.5972850678733032,0.4117647058823529,-0.8009049773755657,0.502262443438914,-0.9049773755656109,0.583710407239819,-1.0,0.1493212669683258,-0.583710407239819,0.2895927601809955,-0.7782805429864253,0.38009049773755654,-0.8823529411764706,0.46153846153846156,-0.9728506787330317,0.02262443438914027,-0.5203619909502263,0.07239819004524888,-0.6334841628959276,0.09502262443438914,-0.6334841628959276,0.1085972850678733,-0.6153846153846154
2,0.0,0.0,0.3037383177570093,-0.02336448598130841,0.5560747663551402,-0.09813084112149532,0.780373831775701,-0.09813084112149532,0.9205607476635514,-0.056074766355140186,0.4953271028037383,-0.5327102803738317,0.6588785046728972,-0.7242990654205608,0.7476635514018691,-0.8457943925233645,0.8130841121495327,-0.9392523364485982,0.34579439252336447,-0.5981308411214953,0.4672897196261682,-0.7990654205607477,0.5373831775700935,-0.9205607476635514,0.5887850467289719,-1.0,0.2102803738317757,-0.6121495327102804,0.2757009345794392,-0.7897196261682243,0.3411214953271028,-0.8691588785046729,0.3878504672897196,-0.9392523364485982,0.04672897196261682,-0.5934579439252337,0.037383177570093455,-0.705607476635514,0.03271028037383177,-0.7757009345794392,0.028037383177570093,-0.8271028037383178
2,0.0,0.0,0.29596412556053814,-0.004484304932735426,0.5336322869955157,-0.04932735426008968,0.7399103139013453,-0.03587443946188341,0.8789237668161435,0.004484304932735426,0.49327354260089684,-0.48878923766816146,0.6636771300448431,-0.6771300448430493,0.7533632286995515,-0.7982062780269058,0.8161434977578476,-0.8923766816143498,0.34977578475336324,-0.5560538116591929,0.4618834080717489,-0.7668161434977578,0.5291479820627802,-0.9103139013452914,0.5739910313901345,-1.0,0.21076233183856502,-0.5739910313901345,0.273542600896861,-0.757847533632287,0.3273542600896861,-0.852017937219731,0.36771300448430494,-0.9417040358744395,0.053811659192825115,-0.5650224215246636,0.03139013452914798,-0.6905829596412556,0.017937219730941704,-0.7802690582959642,0.004484304932735426,-0.852017937219731
2,0.0,0.0,0.20614035087719298,0.03070175438596491,0.38596491228070173,-0.013157894736842105,0.5307017543859649,-0.03070175438596491,0.631578947368421,0.0,0.5175438596491229,-0.39035087719298245,0.6754385964912281,-0.5657894736842105,0.7456140350877193,-0.6885964912280702,0.7894736842105263,-0.7982456140350878,0.41228070175438597,-0.4824561403508772,0.5087719298245614,-0.7192982456140351,0.5526315789473685,-0.868421052631579,0.5745614035087719,-0.9912280701754386,0.29385964912280704,-0.5087719298245614,0.3157894736842105,-0.7412280701754386,0.3333333333333333,-0.881578947368421,0.33771929824561403,-1.0,0.16228070175438597,-0.4868421052631579,0.08771929824561403,-0.6710526315789473,0.04824561403508772,-0.793859649122807,0.017543859649122806,-0.8991228070175439
2,0.0,0.0,-0.09523809523809523,-0.10952380952380952,-0.13333333333333333,-0.19047619047619047,-0.19523809523809524,-0.24761904761904763,-0.28095238095238095,-0.28095238095238095,0.1761904761904762,-0.44761904761904764,0.21904761904761905,-0.6619047619047619,0.23809523809523808,-0.7952380952380952,0.24285714285714285,-0.9,0.2761904761904762,-0.45714285714285713,0.3761904761904762,-0.7142857142857143,0.4380952380952381,-0.8761904761904762,0.48095238095238096,-1.0,0.36666666666666664,-0.4095238095238095,0.4714285714285714,-0.6523809523809524,0.5380952380952381,-0.8,0.580952380952381,-0.9142857142857143,0.46190476190476193,-0.319047619047619,0.6047619047619047,-0.44285714285714284,0.7047619047619048,-0.5238095238095238,0.780952380952381,-0.5904761904761905
2,0.0,0.0,-0.125,-0.10775862068965517,-0.1853448275862069,-0.2025862068965517,-0.27586206896551724,-0.2672413793103448,-0.3706896551724138,-0.30603448275862066,0.09051724137931035,-0.4525862068965517,0.07327586206896551,-0.6853448275862069,0.0603448275862069,-0.8275862068965517,0.04741379310344827,-0.9353448275862069,0.1939655172413793,-0.45689655172413796,0.2543103448275862,-0.7241379310344828,0.28448275862068967,-0.8836206896551724,0.30603448275862066,-1.0,0.28879310344827586,-0.41379310344827586,0.375,-0.6681034482758621,0.4224137931034483,-0.8146551724137931,0.45689655172413796,-0.9310344827586207,0.38362068965517243,-0.33189655172413796,0.5129310344827587,-0.4698275862068966,0.5991379310344828,-0.5517241379310345,0.6637931034482759,-0.6206896551724138
2,0.0,0.0,-0.112,-0.124,-0.176,-0.22,-0.26,-0.308,-0.352,-0.364,0.076,-0.464,0.06,-0.7,0.044,-0.84,0.04,-0.948,0.176,-0.464,0.248,-0.74,0.292,-0.892,0.32,-1.0,0.272,-0.416,0.348,-0.668,0.396,-0.804,0.432,-0.916,0.364,-0.336,0.492,-0.468,0.576,-0.536,0.648,-0.6
2,0.0,0.0,-0.06451612903225806,-0.12903225806451613,-0.09274193548387097,-0.22983870967741934,-0.15725806451612903,-0.3024193548387097,-0.2540322580645161,-0.3346774193548387,0.0846774193548387,-0.4475806451612903,0.07661290322580645,-0.6733870967741935,0.06854838709677419,-0.8064516129032258,0.056451612903225805,-0.9112903225806451,0.16532258064516128,-0.4637096774193548,0.2540322580645161,-0.7338709677419355,0.29838709677419356,-0.8870967741935484,0.32661290322580644,-1.0,0.2540322580645161,-0.4314516129032258,0.31451612903225806,-0.6814516129032258,0.3467741935483871,-0.8306451612903226,0.36693548387096775,-0.9475806451612904,0.3548387096774194,-0.36693548387096775,0.4717741935483871,-0.5161290322580645,0.5483870967741935,-0.5967741935483871,0.6048387096774194,-0.6693548387096774
2,0.0,0.0,0.19689119170984457,0.07253886010362694,0.3471502590673575,0.07772020725388601,0.48704663212435234,0.07772020725388601,0.5803108808290155,0.11398963730569948,0.31088082901554404,-0.36787564766839376,0.40414507772020725,-0.5129533678756477,0.47150259067357514,-0.5906735751295337,0.5181347150259067,-0.6424870466321243,0.21761658031088082,-0.47668393782383417,0.29533678756476683,-0.694300518134715,0.32642487046632124,-0.8186528497409327,0.35751295336787564,-0.9222797927461139,0.11917098445595854,-0.533678756476684,0.18134715025906736,-0.7564766839378239,0.22797927461139897,-0.8911917098445595,0.2694300518134715,-1.0,0.0051813471502590676,-0.5595854922279793,0.015544041450777202,-0.7461139896373057,0.031088082901554404,-0.8704663212435233,0.05699481865284974,-0.9740932642487047
2,0.0,0.0,0.32085561497326204,-0.0481283422459893,0.5989304812834224,-0.053475935828877004,0.8021390374331551,-0.0213903743315508,0.9732620320855615,-0.016042780748663103,0.5187165775401069,-0.22459893048128343,0.732620320855615,-0.2727272727272727,0.8877005347593583,-0.27807486631016043,1.0,-0.26737967914438504,0.4117647058823529,-0.2192513368983957,0.5882352941176471,-0.23529411764705882,0.7165775401069518,-0.23529411764705882,0.8235294117647058,-0.21390374331550802,0.3048128342245989,-0.20855614973262032,0.45454545454545453,-0.1925133689839572,0.5561497326203209,-0.17647058823529413,0.6417112299465241,-0.1497326203208556,0.21390374331550802,-0.18181818181818182,0.32620320855614976,-0.18716577540106952,0.39037433155080214,-0.1711229946524064,0.44385026737967914,-0.16042780748663102
2,0.0,0.0,0.3111111111111111,-0.13333333333333333,0.5666666666666667,-0.23333333333333334,0.7888888888888889,-0.2722222222222222,1.0,-0.3111111111111111,0.5222222222222223,-0.49444444444444446,0.7222222222222222,-0.6055555555555555,0.8555555555555555,-0.6611111111111111,0.95,-0.7,0.46111111111111114,-0.4111111111111111,0.6444444444444445,-0.5,0.7722222222222223,-0.5166666666666667,0.8611111111111112,-0.5222222222222223,0.40555555555555556,-0.3111111111111111,0.5722222222222222,-0.3611111111111111,0.6944444444444444,-0.3888888888888889,0.7833333333333333,-0.3888888888888889,0.36666666666666664,-0.2222222222222222,0.48333333333333334,-0.25555555555555554,0.5777777777777777,-0.2722222222222222,0.65,-0.2777777777777778
2,0.0,0.0,0.19913419913419914,-0.03463203463203463,0.3593073593073593,-0.12554112554112554,0.5238095238095238,-0.19480519480519481,0.658008658008658,-0.21645021645021645,0.11688311688311688,-0.47186147186147187,0.0735930735930736,-0.6796536796536796,0.030303030303030304,-0.8008658008658008,0.004329004329004329,-0.9004329004329005,-0.004329004329004329,-0.5151515151515151,-0.047619047619047616,-0.7445887445887446,-0.0735930735930736,-0.8874458874458875,-0.09523809523809523,-1.0,-0.09956709956709957,-0.5108225108225108,-0.1341991341991342,-0.7359307359307359,-0.15151515151515152,-0.8744588744588745,-0.16883116883116883,-0.9913419913419913,-0.16017316017316016,-0.47619047619047616,-0.15151515151515152,-0.645021645021645,-0.15584415584415584,-0.7575757575757576,-0.15151515151515152,-0.8528138528138528
2,0.0,0.0,0.2631578947368421,0.04678362573099415,0.543859649122807,0.029239766081871343,0.7777777777777778,-0.011695906432748537,1.0,-0.06432748538011696,0.5087719298245614,-0.23976608187134502,0.5263157894736842,0.07017543859649122,0.5087719298245614,0.24561403508771928,0.5146198830409356,0.38011695906432746,0.32748538011695905,-0.32748538011695905,0.32748538011695905,0.14619883040935672,0.29239766081871343,0.40350877192982454,0.29239766081871343,0.6081871345029239,0.14035087719298245,-0.34502923976608185,0.15789473684210525,0.10526315789473684,0.14035087719298245,0.38011695906432746,0.15204678362573099,0.5906432748538012,-0.05263157894736842,-0.3216374269005848,0.005847953216374269,-0.07017543859649122,0.03508771929824561,0.15204678362573099,0.06432748538011696,0.3567251461988304
2,0.0,0.0,0.2676767676767677,0.050505050505050504,0.5353535353535354,0.11616161616161616,0.7323232323232324,0.15151515151515152,0.9090909090909091,0.15151515151515152,0.6565656565656566,0.08080808080808081,0.8080808080808081,0.3282828282828283,0.9090909090909091,0.494949494949495,1.0,0.6161616161616161,0.5505050505050505,0.03535353535353535,0.6767676767676768,0.3333333333333333,0.7525252525252525,0.5303030303030303,0.8282828282828283,0.6767676767676768,0.40404040404040403,0.04040404040404041,0.48484848484848486,0.35353535353535354,0.5,0.5909090909090909,0.5252525252525253,0.7575757575757576,0.2474747474747475,0.08080808080808081,0.3181818181818182,0.3686868686868687,0.3333333333333333,0.5505050505050505,0.3484848484848485,0.6767676767676768
2,0.0,0.0,0.2558139534883721,0.040697674418604654,0.5523255813953488,0.05232558139534884,0.7790697674418605,0.05232558139534884,0.9651162790697675,0.05232558139534884,0.6511627906976745,-0.10465116279069768,0.7790697674418605,0.03488372093023256,0.8953488372093024,0.1511627906976744,1.0,0.2616279069767442,0.5523255813953488,-0.16279069767441862,0.7267441860465116,0.0755813953488372,0.8488372093023255,0.28488372093023256,0.9186046511627907,0.47674418604651164,0.4186046511627907,-0.16279069767441862,0.5232558139534884,0.18604651162790697,0.5813953488372093,0.4011627906976744,0.627906976744186,0.5697674418604651,0.2616279069767442,-0.10465116279069768,0.3372093023255814,0.18023255813953487,0.3430232558139535,0.3430232558139535,0.3546511627906977,0.45348837209302323
2,0.0,0.0,0.19540229885057472,-0.05747126436781609,0.3793103448275862,-0.03065134099616858,0.5172413793103449,0.007662835249042145,0.6360153256704981,0.0038314176245210726,0.5095785440613027,0.0038314176245210726,0.7318007662835249,0.13026819923371646,0.8773946360153256,0.19923371647509577,1.0,0.2413793103448276,0.4329501915708812,0.022988505747126436,0.5708812260536399,0.3065134099616858,0.6475095785440613,0.47509578544061304,0.6973180076628352,0.5900383141762452,0.32567049808429116,0.07662835249042145,0.42528735632183906,0.3524904214559387,0.47509578544061304,0.5172413793103449,0.5057471264367817,0.6283524904214559,0.2260536398467433,0.13026819923371646,0.26436781609195403,0.36015325670498083,0.26053639846743293,0.4674329501915709,0.25287356321839083,0.5402298850574713
2,0.0,0.0,0.1781818181818182,-0.08,0.36,-0.07636363636363637,0.4909090909090909,-0.06181818181818182,0.5890909090909091,-0.08727272727272728,0.5272727272727272,-0.08,0.7490909090909091,0.014545454545454545,0.8872727272727273,0.05090909090909091,1.0,0.06545454545454546,0.4618181818181818,-0.04727272727272727,0.6290909090909091,0.18545454545454546,0.7127272727272728,0.32727272727272727,0.7818181818181819,0.43636363636363634,0.38545454545454544,0.01090909090909091,0.49454545454545457,0.26181818181818184,0.5454545454545454,0.4,0.5818181818181818,0.49818181818181817,0.3054545454545455,0.08,0.32727272727272727,0.28363636363636363,0.3090909090909091,0.36,0.29818181818181816,0.4109090909090909
2,0.0,0.0,0.17578125,-0.12890625,0.390625,-0.13671875,0.5234375,-0.06640625,0.6171875,0.0234375,0.5234375,-0.21484375,0.75390625,-0.22265625,0.89453125,-0.25390625,1.0,-0.29296875,0.5078125,-0.14453125,0.7578125,-0.0078125,0.890625,0.0703125,0.9921875,0.12109375,0.46875,-0.05859375,0.6640625,0.12109375,0.76953125,0.2265625,0.8515625,0.30078125,0.41015625,0.03125,0.47265625,0.18359375,0.44921875,0.2265625,0.4375,0.25390625
2,0.0,0.0,0.06882591093117409,-0.14979757085020243,0.1700404858299595,-0.22672064777327935,0.20242914979757085,-0.2874493927125506,0.2145748987854251,-0.3481781376518219,0.4251012145748988,-0.32388663967611336,0.582995951417004,-0.47368421052631576,0.680161943319838,-0.582995951417004,0.7489878542510121,-0.6761133603238867,0.46153846153846156,-0.25101214574898784,0.728744939271255,-0.2793522267206478,0.8866396761133604,-0.3076923076923077,1.0,-0.3360323886639676,0.4574898785425101,-0.15789473684210525,0.6963562753036437,-0.08906882591093117,0.8340080971659919,-0.03643724696356275,0.9433198380566802,0.0,0.4251012145748988,-0.05668016194331984,0.5222672064777328,0.08906882591093117,0.5303643724696356,0.1659919028340081,0.5344129554655871,0.23076923076923078
2,0.0,0.0,0.06938775510204082,-0.1469387755102041,0.19591836734693877,-0.22448979591836735,0.23673469387755103,-0.30612244897959184,0.24489795918367346,-0.37142857142857144,0.46122448979591835,-0.3224489795918367,0.636734693877551,-0.46530612244897956,0.7346938775510204,-0.5836734693877551,0.8040816326530612,-0.6653061224489796,0.5102040816326531,-0.24489795918367346,0.763265306122449,-0.2163265306122449,0.8979591836734694,-0.20816326530612245,1.0,-0.20408163265306123,0.5061224489795918,-0.13877551020408163,0.7061224489795919,-0.02040816326530612,0.8326530612244898,0.0653061224489796,0.9306122448979591,0.1346938775510204,0.46530612244897956,-0.02857142857142857,0.5224489795918368,0.11020408163265306,0.5142857142857142,0.18775510204081633,0.5061224489795918,0.2530612244897959
2,0.0,0.0,0.20072992700729927,-0.072992700729927,0.39416058394160586,-0.032846715328467155,0.5255474452554745,0.04744525547445255,0.6094890510948905,0.12773722627737227,0.5693430656934306,-0.029197080291970802,0.7554744525547445,0.1386861313868613,0.8941605839416058,0.2116788321167883,1.0,0.26277372262773724,0.48905109489051096,0.0,0.635036496350365,0.2737226277372263,0.7335766423357665,0.4306569343065693,0.8175182481751825,0.5255474452554745,0.3795620437956204,0.04744525547445255,0.46715328467153283,0.3102189781021898,0.5255474452554745,0.4416058394160584,0.5802919708029197,0.5255474452554745,0.2591240875912409,0.10583941605839416,0.291970802919708,0.28832116788321166,0.27007299270072993,0.31386861313868614,0.2591240875912409,0.30656934306569344
2,0.0,0.0,0.32608695652173914,0.021739130434782608,0.6032608695652174,0.10869565217391304,0.8152173913043478,0.17391304347826086,1.0,0.2391304347826087,0.5706521739130435,0.010869565217391304,0.7010869565217391,0.29347826086956524,0.7989130434782609,0.4945652173913043,0.8532608695652174,0.6902173913043478,0.3641304347826087,-0.03260869565217391,0.40217391304347827,0.375,0.44021739130434784,0.6630434782608695,0.47282608695652173,0.8967391304347826,0.1358695652173913,-0.02717391304347826,0.14673913043478262,0.3423913043478261,0.19021739130434784,0.6086956521739131,0.2391304347826087,0.8152173913043478,-0.07608695652173914,0.0,-0.08695652173913043,0.27717391304347827,-0.07065217391304347,0.4782608695652174,-0.05434782608695652,0.6358695652173914
2,0.0,0.0,0.25806451612903225,0.03870967741935484,0.5548387096774193,0.0,0.8,-0.012903225806451613,1.0,-0.0064516129032258064,0.5096774193548387,-0.25806451612903225,0.6064516129032258,-0.2,0.6129032258064516,-0.03870967741935484,0.6064516129032258,0.09032258064516129,0.3161290322580645,-0.36129032258064514,0.4,-0.1935483870967742,0.36129032258064514,0.012903225806451613,0.3096774193548387,0.12258064516129032,0.1032258064516129,-0.4,0.16129032258064516,-0.23225806451612904,0.14193548387096774,-0.03225806451612903,0.11612903225806452,0.07741935483870968,-0.12258064516129032,-0.3935483870967742,-0.07741935483870968,-0.2645161290322581,-0.07741935483870968,-0.11612903225806452,-0.09032258064516129,-0.03225806451612903
2,0.0,0.0,0.3389830508474576,0.11016949152542373,0.6186440677966102,0.00847457627118644,0.5847457627118644,-0.1864406779661017,0.3559322033898305,-0.3474576271186441,0.6101694915254238,-0.6186440677966102,0.1271186440677966,-0.652542372881356,-0.1694915254237288,-0.4915254237288136,-0.3813559322033898,-0.2711864406779661,0.3559322033898305,-0.8559322033898306,-0.2711864406779661,-0.6440677966101694,-0.6016949152542372,-0.3050847457627119,-0.8220338983050848,0.00847457627118644,0.0847457627118644,-0.9661016949152542,-0.4745762711864407,-0.6949152542372882,-0.7457627118644068,-0.3898305084745763,-0.940677966101695,-0.09322033898305085,-0.1864406779661017,-0.9830508474576272,-0.5932203389830508,-0.847457627118644,-0.8305084745762712,-0.576271186440678,-1.0,-0.3474576271186441
2,0.0,0.0,-0.09239130434782608,-0.27717391304347827,-0.30978260869565216,-0.5,-0.5815217391304348,-0.6195652173913043,-0.8097826086956522,-0.7228260869565217,-0.125,-0.8260869565217391,-0.42391304347826086,-0.9782608695652174,-0.6630434782608695,-1.0,-0.8369565217391305,-0.9836956521739131,-0.1793478260869565,-0.7554347826086957,-0.5869565217391305,-0.842391304347826,-0.8315217391304348,-0.8097826086956522,-0.9891304347826086,-0.7445652173913043,-0.2554347826086957,-0.6467391304347826,-0.6141304347826086,-0.6956521739130435,-0.8315217391304348,-0.6413043478260869,-0.9510869565217391,-0.5597826086956522,-0.32065217391304346,-0.532608695652174,-0.5597826086956522,-0.6032608695652174,-0.717391304347826,-0.6195652173913043,-0.8043478260869565,-0.6195652173913043
2,0.0,0.0,-0.19923371647509577,-0.14559386973180077,-0.3716475095785441,-0.3103448275862069,-0.5517241379310345,-0.4329501915708812,-0.7126436781609196,-0.5325670498084292,-0.14942528735632185,-0.5900383141762452,-0.32567049808429116,-0.7777777777777778,-0.4099616858237548,-0.8812260536398467,-0.46360153256704983,-0.9808429118773946,-0.038314176245210725,-0.6015325670498084,-0.25287356321839083,-0.7854406130268199,-0.37547892720306514,-0.9118773946360154,-0.47126436781609193,-1.0,0.034482758620689655,-0.5670498084291188,-0.18773946360153257,-0.6819923371647509,-0.28735632183908044,-0.6436781609195402,-0.3524904214559387,-0.5823754789272031,0.0842911877394636,-0.5287356321839081,0.011494252873563218,-0.6513409961685823,-0.02681992337164751,-0.6819923371647509,-0.05363984674329502,-0.6781609195402298
2,0.0,0.0,-0.09398496240601503,-0.16165413533834586,-0.18045112781954886,-0.33458646616541354,-0.30451127819548873,-0.4849624060150376,-0.41729323308270677,-0.6090225563909775,0.16541353383458646,-0.5488721804511278,0.3007518796992481,-0.7669172932330827,0.39473684210526316,-0.8984962406015038,0.48872180451127817,-1.0,0.24812030075187969,-0.5,0.42105263157894735,-0.6842105263157895,0.5488721804511278,-0.8082706766917294,0.6766917293233082,-0.8872180451127819,0.2819548872180451,-0.42105263157894735,0.45864661654135336,-0.5451127819548872,0.6015037593984962,-0.6165413533834586,0.7330827067669173,-0.6616541353383458,0.2706766917293233,-0.3308270676691729,0.39097744360902253,-0.37969924812030076,0.48120300751879697,-0.39849624060150374,0.5789473684210527,-0.41353383458646614
2,0.0,0.0,-0.11926605504587157,-0.10091743119266056,-0.11009174311926606,-0.19724770642201836,-0.0779816513761468,-0.3302752293577982,-0.06422018348623854,-0.48623853211009177,0.26146788990825687,-0.3623853211009174,0.47706422018348627,-0.518348623853211,0.6513761467889908,-0.6376146788990825,0.7935779816513762,-0.7064220183486238,0.3486238532110092,-0.3394495412844037,0.6238532110091743,-0.4724770642201835,0.8119266055045872,-0.5642201834862385,1.0,-0.6330275229357798,0.38990825688073394,-0.3165137614678899,0.6376146788990825,-0.41284403669724773,0.8256880733944955,-0.463302752293578,0.981651376146789,-0.481651376146789,0.4036697247706422,-0.28440366972477066,0.6100917431192661,-0.3440366972477064,0.7614678899082569,-0.3623853211009174,0.8899082568807339,-0.37155963302752293
2,0.0,0.0,-0.0871559633027523,-0.09174311926605505,-0.05504587155963303,-0.21559633027522937,-0.009174311926605505,-0.3532110091743119,0.009174311926605505,-0.5275229357798165,0.3532110091743119,-0.45871559633027525,0.6146788990825688,-0.6238532110091743,0.7844036697247706,-0.7201834862385321,0.9311926605504587,-0.7660550458715596,0.4036697247706422,-0.41284403669724773,0.6743119266055045,-0.573394495412844,0.8394495412844036,-0.6376146788990825,1.0,-0.6834862385321101,0.43119266055045874,-0.3532110091743119,0.6651376146788991,-0.4541284403669725,0.8394495412844036,-0.48623853211009177,0.9862385321100917,-0.48623853211009177,0.43577981651376146,-0.2981651376146789,0.6330275229357798,-0.37155963302752293,0.7706422018348624,-0.38073394495412843,0.8990825688073395,-0.3669724770642202
2,0.0,0.0,0.2696629213483146,0.0,0.4438202247191011,-0.03932584269662921,0.4943820224719101,-0.11797752808988764,0.47191011235955055,-0.21348314606741572,0.550561797752809,-0.3258426966292135,0.7134831460674157,-0.46629213483146065,0.7752808988764045,-0.5561797752808989,0.7752808988764045,-0.6235955056179775,0.4438202247191011,-0.4606741573033708,0.5112359550561798,-0.6853932584269663,0.5224719101123596,-0.8370786516853933,0.47191011235955055,-0.9325842696629213,0.29775280898876405,-0.5393258426966292,0.21348314606741572,-0.7584269662921348,0.12359550561797752,-0.8426966292134831,0.03932584269662921,-0.8820224719101124,0.11797752808988764,-0.5617977528089888,0.0,-0.7865168539325843,-0.08426966292134831,-0.9101123595505618,-0.15168539325842698,-1.0
2,0.0,0.0,-0.02727272727272727,-0.17727272727272728,-0.00909090909090909,-0.36363636363636365,0.07727272727272727,-0.4727272727272727,0.18636363636363637,-0.4818181818181818,-0.16818181818181818,-0.5136363636363637,-0.2590909090909091,-0.7454545454545455,-0.33636363636363636,-0.8909090909090909,-0.40454545454545454,-1.0,-0.12727272727272726,-0.5,-0.24545454545454545,-0.7272727272727273,-0.33181818181818185,-0.8636363636363636,-0.4090909090909091,-0.9636363636363636,-0.06818181818181818,-0.45,-0.004545454545454545,-0.6045454545454545,0.022727272727272728,-0.6272727272727273,0.0,-0.6454545454545455,0.01818181818181818,-0.38636363636363635,0.12272727272727273,-0.5045454545454545,0.21363636363636362,-0.4818181818181818,0.2545454545454545,-0.42272727272727273
2,0.0,0.0,-0.13114754098360656,-0.09180327868852459,-0.20327868852459016,-0.19344262295081968,-0.2721311475409836,-0.26557377049180325,-0.3475409836065574,-0.31475409836065577,-0.08196721311475409,-0.46557377049180326,-0.15081967213114755,-0.6688524590163935,-0.2,-0.7967213114754098,-0.2459016393442623,-0.8918032786885246,0.03278688524590164,-0.46557377049180326,0.029508196721311476,-0.7147540983606557,0.019672131147540985,-0.8754098360655738,0.009836065573770493,-1.0,0.13442622950819672,-0.4098360655737705,0.21311475409836064,-0.6098360655737705,0.25245901639344265,-0.7475409836065574,0.2754098360655738,-0.8590163934426229,0.21967213114754097,-0.3180327868852459,0.36721311475409835,-0.38688524590163936,0.4459016393442623,-0.42950819672131146,0.5049180327868853,-0.4721311475409836
2,0.0,0.0,-0.12302839116719243,-0.12302839116719243,-0.17665615141955837,-0.23974763406940064,-0.25236593059936907,-0.3280757097791798,-0.3280757097791798,-0.3785488958990536,-0.0473186119873817,-0.47003154574132494,-0.11041009463722397,-0.7097791798107256,-0.15772870662460567,-0.8454258675078864,-0.19558359621451105,-0.9495268138801262,0.056782334384858045,-0.4668769716088328,0.10725552050473186,-0.7413249211356467,0.13249211356466878,-0.8927444794952681,0.14511041009463724,-1.0,0.15772870662460567,-0.41324921135646686,0.2870662460567823,-0.5993690851735016,0.35646687697160884,-0.6908517350157729,0.416403785488959,-0.7665615141955836,0.2302839116719243,-0.3249211356466877,0.3501577287066246,-0.3753943217665615,0.38801261829652994,-0.35646687697160884,0.42586750788643535,-0.33753943217665616
2,0.0,0.0,-0.08843537414965986,-0.13945578231292516,-0.13945578231292516,-0.2619047619047619,-0.19727891156462585,-0.3435374149659864,-0.2789115646258503,-0.3741496598639456,-0.04421768707482993,-0.48299319727891155,-0.09523809523809523,-0.717687074829932,-0.13945578231292516,-0.8605442176870748,-0.18027210884353742,-0.9693877551020408,0.05442176870748299,-0.46598639455782315,0.1292517006802721,-0.7380952380952381,0.17006802721088435,-0.891156462585034,0.19047619047619047,-1.0,0.14965986394557823,-0.40816326530612246,0.2891156462585034,-0.5782312925170068,0.37755102040816324,-0.6598639455782312,0.4489795918367347,-0.7278911564625851,0.22108843537414966,-0.3163265306122449,0.36054421768707484,-0.35714285714285715,0.41836734693877553,-0.3435374149659864,0.46938775510204084,-0.3299319727891156
2,0.0,0.0,0.1291390728476821,-0.17218543046357615,0.13245033112582782,-0.2814569536423841,0.1357615894039735,-0.37748344370860926,0.12582781456953643,-0.4271523178807947,-0.009933774834437087,-0.4768211920529801,-0.016556291390728478,-0.6688741721854304,-0.019867549668874173,-0.7814569536423841,-0.016556291390728478,-0.8741721854304636,-0.039735099337748346,-0.4867549668874172,-0.0728476821192053,-0.7317880794701986,-0.08278145695364239,-0.8807947019867549,-0.07947019867549669,-1.0,-0.06622516556291391,-0.4735099337748344,-0.09933774834437085,-0.7052980132450332,-0.10927152317880795,-0.847682119205298,-0.09602649006622517,-0.9701986754966887,-0.06291390728476821,-0.4370860927152318,-0.08278145695364239,-0.6357615894039735,-0.0728476821192053,-0.7483443708609272,-0.052980132450331126,-0.8410596026490066
2,0.0,0.0,0.41025641025641024,-0.09743589743589744,0.6461538461538462,-0.20512820512820512,0.8461538461538461,-0.3230769230769231,1.0,-0.4256410256410256,0.5025641025641026,-0.48717948717948717,0.6871794871794872,-0.6615384615384615,0.7897435897435897,-0.7487179487179487,0.8564102564102564,-0.8153846153846154,0.31794871794871793,-0.5333333333333333,0.5025641025641026,-0.676923076923077,0.6051282051282051,-0.7333333333333333,0.676923076923077,-0.7692307692307693,0.15384615384615385,-0.5230769230769231,0.2923076923076923,-0.6102564102564103,0.358974358974359,-0.6102564102564103,0.4,-0.6102564102564103,0.015384615384615385,-0.48717948717948717,0.1076923076923077,-0.5333333333333333,0.1641025641025641,-0.5128205128205128,0.2,-0.48205128205128206
2,0.0,0.0,0.06532663316582915,-0.23618090452261306,0.2562814070351759,-0.4321608040201005,0.4271356783919598,-0.5628140703517588,0.5577889447236181,-0.6884422110552764,0.4623115577889447,-0.5527638190954773,0.6331658291457286,-0.7336683417085427,0.7437185929648241,-0.8693467336683417,0.8241206030150754,-0.9597989949748744,0.4824120603015075,-0.5577889447236181,0.6532663316582915,-0.7487437185929648,0.7386934673366834,-0.8793969849246231,0.8190954773869347,-0.9899497487437185,0.49748743718592964,-0.5628140703517588,0.6532663316582915,-0.7587939698492462,0.7437185929648241,-0.8894472361809045,0.8140703517587939,-1.0,0.49748743718592964,-0.5829145728643216,0.6432160804020101,-0.7738693467336684,0.7386934673366834,-0.8944723618090452,0.8140703517587939,-0.9899497487437185
2,0.0,0.0,-0.07296137339055794,-0.2017167381974249,-0.15450643776824036,-0.34763948497854075,-0.27467811158798283,-0.4034334763948498,-0.3905579399141631,-0.4291845493562232,-0.034334763948497854,-0.648068669527897,-0.02145922746781116,-0.8240343347639485,0.008583690987124463,-0.9313304721030042,0.034334763948497854,-1.0,0.060085836909871244,-0.6051502145922747,0.11587982832618025,-0.7982832618025751,0.15879828326180256,-0.8841201716738197,0.2145922746781116,-0.9570815450643777,0.15021459227467812,-0.5493562231759657,0.24034334763948498,-0.721030042918455,0.2918454935622318,-0.8240343347639485,0.34763948497854075,-0.9055793991416309,0.22746781115879827,-0.47639484978540775,0.34763948497854075,-0.6008583690987125,0.4334763948497854,-0.6738197424892703,0.5236051502145923,-0.7381974248927039
2,0.0,0.0,0.3333333333333333,0.01694915254237288,0.672316384180791,0.2655367231638418,0.8813559322033898,0.5084745762711864,1.0,0.7288135593220338,0.655367231638418,0.288135593220339,0.8418079096045198,0.655367231638418,0.9378531073446328,0.7966101694915254,0.9774011299435028,0.7966101694915254,0.423728813559322,0.3446327683615819,0.4915254237288136,0.7966101694915254,0.4858757062146893,0.7966101694915254,0.4971751412429379,0.7966101694915254,0.1694915254237288,0.4124293785310734,0.22598870056497175,0.7966101694915254,0.24858757062146894,0.7966101694915254,0.2598870056497175,0.7966101694915254,-0.04519774011299435,0.4689265536723164,0.01694915254237288,0.7966101694915254,0.03389830508474576,0.7966101694915254,0.05084745762711865,0.7966101694915254
2,0.0,0.0,0.23550724637681159,-0.043478260869565216,0.44565217391304346,0.03260869565217391,0.5688405797101449,0.17028985507246377,0.6159420289855072,0.3115942028985507,0.5507246376811594,0.018115942028985508,0.7572463768115942,0.16666666666666666,0.8913043478260869,0.2717391304347826,1.0,0.35507246376811596,0.44565217391304346,0.057971014492753624,0.5543478260869565,0.38768115942028986,0.5905797101449275,0.572463768115942,0.6231884057971014,0.5942028985507246,0.31521739130434784,0.12318840579710146,0.37318840579710144,0.427536231884058,0.37318840579710144,0.5471014492753623,0.35144927536231885,0.5942028985507246,0.18840579710144928,0.1956521739130435,0.2427536231884058,0.4166666666666667,0.2536231884057971,0.5,0.2644927536231884,0.5579710144927537
2,0.0,0.0,0.20209059233449478,-0.07665505226480836,0.4076655052264808,-0.04878048780487805,0.5400696864111498,0.04529616724738676,0.6236933797909407,0.14634146341463414,0.5574912891986062,-0.1289198606271777,0.759581881533101,0.0,0.89198606271777,0.0627177700348432,1.0,0.11149825783972125,0.4738675958188153,-0.10104529616724739,0.5993031358885017,0.1602787456445993,0.6689895470383276,0.3240418118466899,0.7212543554006968,0.4564459930313589,0.37282229965156793,-0.03484320557491289,0.4529616724738676,0.22996515679442509,0.4634146341463415,0.3623693379790941,0.4564459930313589,0.44947735191637633,0.2787456445993031,0.04878048780487805,0.3554006968641115,0.25435540069686413,0.37282229965156793,0.34843205574912894,0.3867595818815331,0.4181184668989547
2,0.0,0.0,0.1896551724137931,-0.08620689655172414,0.38620689655172413,-0.07931034482758621,0.5241379310344828,-0.0034482758620689655,0.6172413793103448,0.09310344827586207,0.5241379310344828,-0.16206896551724137,0.7482758620689656,-0.05172413793103448,0.8896551724137931,-0.006896551724137931,1.0,0.03103448275862069,0.4517241379310345,-0.13448275862068965,0.593103448275862,0.11724137931034483,0.6689655172413793,0.27241379310344827,0.7206896551724138,0.39655172413793105,0.3620689655172414,-0.06551724137931035,0.4517241379310345,0.2,0.4724137931034483,0.3137931034482759,0.4724137931034483,0.3896551724137931,0.27241379310344827,0.020689655172413793,0.3448275862068966,0.22413793103448276,0.36551724137931035,0.3137931034482759,0.3793103448275862,0.3793103448275862
2,0.0,0.0,0.17647058823529413,-0.07958477508650519,0.36678200692041524,-0.08996539792387544,0.5051903114186851,-0.03806228373702422,0.6020761245674741,0.04498269896193772,0.5121107266435986,-0.20761245674740483,0.740484429065744,-0.15570934256055363,0.8858131487889274,-0.1384083044982699,1.0,-0.12802768166089964,0.4463667820069204,-0.17647058823529413,0.6055363321799307,0.05190311418685121,0.6851211072664359,0.19377162629757785,0.7439446366782007,0.3079584775086505,0.3633217993079585,-0.10380622837370242,0.4740484429065744,0.1453287197231834,0.5224913494809689,0.27335640138408307,0.5501730103806228,0.36678200692041524,0.28719723183391005,-0.01730103806228374,0.3633217993079585,0.18685121107266436,0.3771626297577855,0.27335640138408307,0.39100346020761245,0.33217993079584773
2,0.0,0.0,0.1509433962264151,-0.15849056603773584,0.35094339622641507,-0.24150943396226415,0.5169811320754717,-0.23773584905660378,0.6415094339622641,-0.2,0.44150943396226416,-0.37735849056603776,0.6452830188679245,-0.49433962264150944,0.7660377358490567,-0.5811320754716981,0.8641509433962264,-0.6490566037735849,0.44528301886792454,-0.3169811320754717,0.7169811320754716,-0.2641509433962264,0.8716981132075472,-0.23773584905660378,1.0,-0.2037735849056604,0.4226415094339623,-0.22641509433962265,0.6377358490566037,-0.05660377358490566,0.7509433962264151,0.045283018867924525,0.8415094339622642,0.13584905660377358,0.3849056603773585,-0.1169811320754717,0.4867924528301887,0.06415094339622641,0.5169811320754717,0.1660377358490566,0.5547169811320755,0.24528301886792453
2,0.0,0.0,-0.04198473282442748,-0.14885496183206107,-0.04580152671755725,-0.27099236641221375,-0.03435114503816794,-0.31297709923664124,-0.03435114503816794,-0.3244274809160305,-0.030534351145038167,-0.4732824427480916,-0.08015267175572519,-0.6793893129770993,-0.12213740458015267,-0.8129770992366412,-0.16412213740458015,-0.9122137404580153,0.05725190839694656,-0.46946564885496184,0.13740458015267176,-0.7290076335877863,0.17938931297709923,-0.8854961832061069,0.21374045801526717,-1.0,0.14122137404580154,-0.4198473282442748,0.31679389312977096,-0.5687022900763359,0.42366412213740456,-0.648854961832061,0.5152671755725191,-0.7251908396946565,0.20610687022900764,-0.3320610687022901,0.3702290076335878,-0.30916030534351147,0.44656488549618323,-0.25572519083969464,0.5190839694656488,-0.21374045801526717
2,0.0,0.0,-0.04633204633204633,-0.1776061776061776,-0.11583011583011583,-0.36293436293436293,-0.16216216216216217,-0.49034749034749037,-0.18146718146718147,-0.5752895752895753,-0.23938223938223938,-0.4555984555984556,-0.3474903474903475,-0.6447876447876448,-0.42084942084942084,-0.7644787644787645,-0.4826254826254826,-0.8532818532818532,-0.22393822393822393,-0.4671814671814672,-0.29343629343629346,-0.722007722007722,-0.3474903474903475,-0.8803088803088803,-0.3783783783783784,-1.0,-0.16988416988416988,-0.44015444015444016,-0.08108108108108109,-0.6833976833976834,-0.03474903474903475,-0.8416988416988417,0.003861003861003861,-0.9768339768339769,-0.07722007722007722,-0.3861003861003861,0.10810810810810811,-0.47104247104247104,0.2277992277992278,-0.4980694980694981,0.3281853281853282,-0.5212355212355212
2,0.0,0.0,0.35353535353535354,0.015151515151515152,0.6060606060606061,-0.025252525252525252,0.8383838383838383,-0.06565656565656566,1.0,-0.06060606060606061,0.4444444444444444,-0.31313131313131315,0.5606060606060606,-0.32323232323232326,0.6161616161616161,-0.3181818181818182,0.6515151515151515,-0.3383838383838384,0.2878787878787879,-0.3939393939393939,0.3838383838383838,-0.3838383838383838,0.398989898989899,-0.3939393939393939,0.43434343434343436,-0.41414141414141414,0.14646464646464646,-0.4292929292929293,0.16161616161616163,-0.5353535353535354,0.16161616161616163,-0.6717171717171717,0.17676767676767677,-0.7929292929292929,0.0,-0.4292929292929293,0.005050505050505051,-0.5858585858585859,0.020202020202020204,-0.7070707070707071,0.030303030303030304,-0.803030303030303
2,0.0,0.0,0.34328358208955223,0.0,0.582089552238806,-0.05472636815920398,0.8109452736318408,-0.05970149253731343,1.0,-0.03980099502487562,0.42786069651741293,-0.3034825870646766,0.6019900497512438,-0.34328358208955223,0.7014925373134329,-0.36318407960199006,0.7711442786069652,-0.3681592039800995,0.2835820895522388,-0.3781094527363184,0.3781094527363184,-0.4228855721393035,0.4228855721393035,-0.43283582089552236,0.4626865671641791,-0.42786069651741293,0.12935323383084577,-0.4129353233830846,0.13930348258706468,-0.5522388059701493,0.15422885572139303,-0.6865671641791045,0.17412935323383086,-0.7910447761194029,-0.01990049751243781,-0.4079601990049751,-0.05472636815920398,-0.572139303482587,-0.06467661691542288,-0.6865671641791045,-0.07462686567164178,-0.7860696517412935
2,0.0,0.0,0.3010204081632653,-0.08163265306122448,0.5612244897959183,-0.1683673469387755,0.8112244897959183,-0.15816326530612246,1.0,-0.14285714285714285,0.45918367346938777,-0.41836734693877553,0.673469387755102,-0.5153061224489796,0.8163265306122449,-0.5459183673469388,0.9132653061224489,-0.5612244897959183,0.3112244897959184,-0.4744897959183674,0.4642857142857143,-0.5867346938775511,0.5561224489795918,-0.6173469387755102,0.6275510204081632,-0.6122448979591837,0.15306122448979592,-0.4846938775510204,0.1836734693877551,-0.6785714285714286,0.21428571428571427,-0.826530612244898,0.24489795918367346,-0.9387755102040817,-0.015306122448979591,-0.45918367346938777,-0.08163265306122448,-0.6224489795918368,-0.1377551020408163,-0.75,-0.18877551020408162,-0.8520408163265306
2,0.0,0.0,0.2336448598130841,-0.08411214953271028,0.45794392523364486,-0.19158878504672897,0.7009345794392523,-0.19158878504672897,0.883177570093458,-0.16355140186915887,0.38317757009345793,-0.5186915887850467,0.5327102803738317,-0.6915887850467289,0.6308411214953271,-0.7990654205607477,0.705607476635514,-0.8738317757009346,0.2336448598130841,-0.5560747663551402,0.29439252336448596,-0.6822429906542056,0.3317757009345794,-0.6869158878504673,0.38317757009345793,-0.677570093457944,0.09345794392523364,-0.5420560747663551,0.14018691588785046,-0.7383177570093458,0.17757009345794392,-0.8785046728971962,0.205607476635514,-1.0,-0.04205607476635514,-0.4719626168224299,-0.13551401869158877,-0.5981308411214953,-0.21962616822429906,-0.6915887850467289,-0.2897196261682243,-0.7710280373831776
2,0.0,0.0,0.03546099290780142,-0.0035460992907801418,0.12056737588652482,-0.05673758865248227,0.2765957446808511,-0.05673758865248227,0.4148936170212766,-0.031914893617021274,0.0673758865248227,-0.42907801418439717,0.014184397163120567,-0.6843971631205674,-0.010638297872340425,-0.8617021276595744,-0.014184397163120567,-0.9964539007092199,0.08156028368794327,-0.46808510638297873,0.09929078014184398,-0.7198581560283688,0.1595744680851064,-0.8865248226950354,0.22340425531914893,-1.0,0.08865248226950355,-0.4645390070921986,0.08156028368794327,-0.6737588652482269,0.11347517730496454,-0.8333333333333334,0.1524822695035461,-0.950354609929078,0.09219858156028368,-0.4574468085106383,0.07801418439716312,-0.5921985815602837,0.07446808510638298,-0.7021276595744681,0.08156028368794327,-0.7907801418439716
2,0.0,0.0,0.044534412955465584,0.08502024291497975,0.0931174089068826,0.09716599190283401,0.21052631578947367,0.10931174089068826,0.340080971659919,0.13360323886639677,-0.05668016194331984,-0.340080971659919,-0.21862348178137653,-0.5425101214574899,-0.3117408906882591,-0.7125506072874493,-0.3724696356275304,-0.8461538461538461,-0.012145748987854251,-0.4251012145748988,-0.07692307692307693,-0.680161943319838,-0.08502024291497975,-0.8623481781376519,-0.08097165991902834,-1.0,0.032388663967611336,-0.4534412955465587,0.016194331983805668,-0.6558704453441295,0.048582995951417005,-0.7732793522267206,0.08097165991902834,-0.8582995951417004,0.06882591093117409,-0.4574898785425101,0.08097165991902834,-0.6194331983805668,0.10121457489878542,-0.7206477732793523,0.1214574898785425,-0.8016194331983806
2,0.0,0.0,0.024291497975708502,-0.016194331983805668,0.044534412955465584,-0.06882591093117409,0.15384615384615385,-0.06477732793522267,0.2874493927125506,-0.02834008097165992,-0.15789473684210525,-0.4574898785425101,-0.42105263157894735,-0.562753036437247,-0.5910931174089069,-0.6275303643724697,-0.7165991902834008,-0.7004048582995951,-0.13360323886639677,-0.5263157894736842,-0.3522267206477733,-0.6882591093117408,-0.4817813765182186,-0.8016194331983806,-0.5668016194331984,-0.8987854251012146,-0.06882591093117409,-0.5222672064777328,-0.145748987854251,-0.7408906882591093,-0.18218623481781376,-0.8785425101214575,-0.19838056680161945,-1.0,-0.004048582995951417,-0.4898785425101215,0.06882591093117409,-0.611336032388664,0.145748987854251,-0.7004048582995951,0.23076923076923078,-0.7894736842105263
2,0.0,0.0,0.11891891891891893,0.032432432432432434,0.23783783783783785,0.0,0.4648648648648649,-0.021621621621621623,0.6486486486486487,0.0,-0.12432432432432433,-0.5405405405405406,-0.518918918918919,-0.5405405405405406,-0.7891891891891892,-0.5459459459459459,-1.0,-0.5513513513513514,-0.1891891891891892,-0.5945945945945946,-0.5135135135135135,-0.32432432432432434,-0.5837837837837838,-0.04864864864864865,-0.6,0.16216216216216217,-0.24864864864864866,-0.5837837837837838,-0.5351351351351351,-0.33513513513513515,-0.5891891891891892,-0.10270270270270271,-0.6108108108108108,0.03783783783783784,-0.2972972972972973,-0.5945945945945946,-0.4918918918918919,-0.43243243243243246,-0.5405405405405406,-0.2864864864864865,-0.5513513513513514,-0.1837837837837838
2,0.0,0.0,0.2696629213483146,0.06741573033707865,0.4943820224719101,0.0,0.7415730337078652,-0.11235955056179775,1.0,-0.1797752808988764,0.11235955056179775,-0.43820224719101125,-0.15730337078651685,-0.2696629213483146,-0.37640449438202245,-0.16292134831460675,-0.5393258426966292,-0.06741573033707865,-0.10112359550561797,-0.5730337078651685,-0.33146067415730335,-0.1348314606741573,-0.37640449438202245,0.09550561797752809,-0.398876404494382,0.24719101123595505,-0.25280898876404495,-0.5955056179775281,-0.4606741573033708,-0.2247191011235955,-0.4157303370786517,-0.011235955056179775,-0.3651685393258427,0.14606741573033707,-0.3651685393258427,-0.5561797752808989,-0.5561797752808989,-0.6067415730337079,-0.7247191011235955,-0.6685393258426966,-0.8876404494382022,-0.702247191011236
2,0.0,0.0,0.2994652406417112,-0.026737967914438502,0.5561497326203209,-0.12834224598930483,0.786096256684492,-0.25133689839572193,1.0,-0.37967914438502676,0.21390374331550802,-0.45989304812834225,0.0481283422459893,-0.18716577540106952,-0.03208556149732621,0.0053475935828877,-0.08021390374331551,0.18716577540106952,-0.0213903743315508,-0.5187165775401069,-0.13368983957219252,-0.09090909090909091,-0.0855614973262032,0.11229946524064172,-0.0374331550802139,0.27807486631016043,-0.20855614973262032,-0.5026737967914439,-0.3048128342245989,-0.21390374331550802,-0.24064171122994651,-0.0053475935828877,-0.1657754010695187,0.17647058823529413,-0.35294117647058826,-0.44385026737967914,-0.5561497326203209,-0.5080213903743316,-0.7486631016042781,-0.5133689839572193,-0.9090909090909091,-0.4919786096256685
2,0.0,0.0,0.2807017543859649,-0.09941520467836257,0.5555555555555556,-0.09941520467836257,0.7192982456140351,-0.011695906432748537,0.8421052631578947,0.03508771929824561,0.5789473684210527,-0.2982456140350877,0.7602339181286549,-0.25146198830409355,0.8947368421052632,-0.2631578947368421,1.0,-0.27485380116959063,0.36257309941520466,-0.24561403508771928,0.5380116959064327,0.17543859649122806,0.631578947368421,0.4502923976608187,0.7017543859649122,0.6608187134502924,0.16374269005847952,-0.09941520467836257,0.36257309941520466,0.3391812865497076,0.4853801169590643,0.5730994152046783,0.5555555555555556,0.7309941520467836,0.017543859649122806,0.06432748538011696,0.22807017543859648,0.3684210526315789,0.3567251461988304,0.5029239766081871,0.43859649122807015,0.5964912280701754
2,0.0,0.0,0.24545454545454545,-0.09090909090909091,0.40454545454545454,-0.23636363636363636,0.45454545454545453,-0.37727272727272726,0.44545454545454544,-0.5,0.33636363636363636,-0.5545454545454546,0.40454545454545454,-0.7045454545454546,0.45,-0.8727272727272727,0.45,-1.0,0.21363636363636362,-0.55,0.4590909090909091,-0.4636363636363636,0.42272727272727273,-0.35454545454545455,0.36363636363636365,-0.32727272727272727,0.1,-0.4409090909090909,0.37272727272727274,-0.21818181818181817,0.30454545454545456,-0.16363636363636364,0.22272727272727272,-0.19545454545454546,0.00909090909090909,-0.2681818181818182,0.2818181818181818,0.0,0.40454545454545454,0.10454545454545454,0.4727272727272727,0.17272727272727273
2,0.0,0.0,0.1724137931034483,-0.09404388714733543,0.2727272727272727,-0.25391849529780564,0.3448275862068966,-0.3448275862068966,0.38557993730407525,-0.3887147335423197,0.09404388714733543,-0.5611285266457681,0.09090909090909091,-0.7492163009404389,0.07210031347962383,-0.8652037617554859,0.050156739811912224,-0.9561128526645768,-0.0219435736677116,-0.5611285266457681,-0.11598746081504702,-0.768025078369906,-0.16927899686520376,-0.9028213166144201,-0.21630094043887146,-1.0,-0.10658307210031348,-0.5141065830721003,-0.22884012539184953,-0.7021943573667712,-0.29153605015673983,-0.8181818181818182,-0.3448275862068966,-0.9216300940438872,-0.15987460815047022,-0.4200626959247649,-0.25391849529780564,-0.5611285266457681,-0.29780564263322884,-0.64576802507837,-0.335423197492163,-0.7241379310344828
2,0.0,0.0,0.1935483870967742,-0.1032258064516129,0.3032258064516129,-0.2709677419354839,0.3870967741935484,-0.3741935483870968,0.4483870967741935,-0.4129032258064516,0.08709677419354839,-0.5806451612903226,0.08709677419354839,-0.7774193548387097,0.06451612903225806,-0.8935483870967742,0.03225806451612903,-0.9838709677419355,-0.041935483870967745,-0.5806451612903226,-0.13870967741935483,-0.7870967741935484,-0.2,-0.9096774193548387,-0.26129032258064516,-1.0,-0.13225806451612904,-0.5258064516129032,-0.27419354838709675,-0.6967741935483871,-0.3580645161290323,-0.8,-0.432258064516129,-0.9,-0.19032258064516128,-0.4290322580645161,-0.3161290322580645,-0.5258064516129032,-0.3870967741935484,-0.5870967741935483,-0.44516129032258067,-0.6516129032258065
2,0.0,0.0,0.2857142857142857,-0.10714285714285714,0.5,-0.25,0.7103174603174603,-0.31746031746031744,0.873015873015873,-0.3253968253968254,0.3531746031746032,-0.6071428571428571,0.44841269841269843,-0.7857142857142857,0.49603174603174605,-0.8849206349206349,0.5277777777777778,-0.9404761904761905,0.18253968253968253,-0.6428571428571429,0.21825396825396826,-0.8373015873015873,0.2261904761904762,-0.9246031746031746,0.2261904761904762,-0.9761904761904762,0.03571428571428571,-0.626984126984127,0.0,-0.8174603174603174,-0.01984126984126984,-0.9206349206349206,-0.031746031746031744,-1.0,-0.13095238095238096,-0.5753968253968254,-0.25,-0.6944444444444444,-0.3253968253968254,-0.7777777777777778,-0.36904761904761907,-0.8412698412698413
2,0.0,0.0,0.3080168776371308,0.08016877637130802,0.5611814345991561,-0.05907172995780591,0.7426160337552743,-0.18143459915611815,0.9367088607594937,-0.2489451476793249,0.5232067510548524,-0.270042194092827,0.7468354430379747,-0.3755274261603376,0.8945147679324894,-0.43037974683544306,1.0,-0.46835443037974683,0.4219409282700422,-0.34177215189873417,0.6455696202531646,-0.4219409282700422,0.7974683544303798,-0.45147679324894513,0.9240506329113924,-0.4641350210970464,0.3206751054852321,-0.35864978902953587,0.5358649789029536,-0.4092827004219409,0.6877637130801688,-0.4177215189873418,0.8143459915611815,-0.41350210970464135,0.2320675105485232,-0.3628691983122363,0.41350210970464135,-0.4008438818565401,0.5443037974683544,-0.3924050632911392,0.6497890295358649,-0.3755274261603376
2,0.0,0.0,0.31906614785992216,-0.054474708171206226,0.556420233463035,-0.16342412451361868,0.7470817120622568,-0.26848249027237353,0.9299610894941635,-0.31906614785992216,0.5097276264591439,-0.3852140077821012,0.7587548638132295,-0.4785992217898833,0.8988326848249028,-0.5058365758754864,1.0,-0.5369649805447471,0.4163424124513619,-0.4396887159533074,0.6614785992217899,-0.4980544747081712,0.8132295719844358,-0.5175097276264592,0.9299610894941635,-0.5252918287937743,0.3346303501945525,-0.45136186770428016,0.5447470817120622,-0.49416342412451364,0.6848249027237354,-0.5019455252918288,0.7976653696498055,-0.49416342412451364,0.2607003891050584,-0.43190661478599224,0.4280155642023346,-0.47470817120622566,0.5369649805447471,-0.4669260700389105,0.6147859922178989,-0.4474708171206226
2,0.0,0.0,0.1419141914191419,-0.039603960396039604,0.3201320132013201,-0.0165016501650165,0.48184818481848185,0.033003300330033,0.6303630363036303,0.0891089108910891,0.5214521452145214,-0.09900990099009901,0.7491749174917491,-0.0231023102310231,0.8877887788778878,0.026402640264026403,1.0,0.07590759075907591,0.49174917491749176,-0.066006600660066,0.6996699669966997,0.0,0.8184818481848185,0.039603960396039604,0.8976897689768977,0.066006600660066,0.4521452145214521,-0.0429042904290429,0.5808580858085809,0.056105610561056105,0.5016501650165016,0.066006600660066,0.43234323432343236,0.0462046204620462,0.41914191419141916,-0.019801980198019802,0.49504950495049505,0.0297029702970297,0.46204620462046203,0.0594059405940594,0.41254125412541254,0.056105610561056105
2,0.0,0.0,0.016286644951140065,0.16938110749185667,0.09771986970684039,0.2899022801302932,0.17263843648208468,0.4169381107491857,0.24429967426710097,0.5439739413680782,0.4788273615635179,0.15309446254071662,0.6970684039087948,0.2736156351791531,0.8338762214983714,0.3583061889250814,0.9348534201954397,0.42671009771986973,0.504885993485342,0.06514657980456026,0.745928338762215,0.15960912052117263,0.8925081433224755,0.23127035830618892,1.0,0.2996742671009772,0.48859934853420195,-0.003257328990228013,0.6970684039087948,0.08469055374592833,0.8241042345276873,0.1498371335504886,0.9185667752442996,0.21172638436482086,0.4560260586319218,-0.07166123778501629,0.5863192182410424,-0.026058631921824105,0.6710097719869706,-0.009771986970684038,0.739413680781759,0.013029315960912053
2,0.0,0.0,-0.06181818181818182,0.1709090909090909,-0.06545454545454546,0.3236363636363636,-0.06545454545454546,0.4690909090909091,-0.06181818181818182,0.5636363636363636,0.3418181818181818,0.3236363636363636,0.5018181818181818,0.5127272727272727,0.6036363636363636,0.5636363636363636,0.7018181818181818,0.5636363636363636,0.45454545454545453,0.2109090909090909,0.6945454545454546,0.3563636363636364,0.8545454545454545,0.44363636363636366,1.0,0.5127272727272727,0.5018181818181818,0.08,0.7272727272727273,0.18545454545454546,0.8727272727272727,0.2581818181818182,0.9927272727272727,0.31636363636363635,0.5054545454545455,-0.06545454545454546,0.6872727272727273,-0.03272727272727273,0.8145454545454546,-0.007272727272727273,0.9272727272727272,0.01818181818181818
2,0.0,0.0,-0.06741573033707865,0.1797752808988764,-0.07865168539325842,0.3595505617977528,-0.10486891385767791,0.5468164794007491,-0.13108614232209737,0.5917602996254682,0.30711610486891383,0.37453183520599254,0.4681647940074906,0.5730337078651685,0.5730337078651685,0.5917602996254682,0.6629213483146067,0.5917602996254682,0.43820224719101125,0.250936329588015,0.6704119850187266,0.41947565543071164,0.8239700374531835,0.5243445692883895,0.9588014981273408,0.5917602996254682,0.5056179775280899,0.11610486891385768,0.7303370786516854,0.2546816479400749,0.8801498127340824,0.3445692883895131,1.0,0.4232209737827715,0.5205992509363296,-0.02247191011235955,0.7116104868913857,0.02247191011235955,0.8389513108614233,0.052434456928838954,0.951310861423221,0.08239700374531835
2,0.0,0.0,0.2,0.1657142857142857,0.41714285714285715,0.18285714285714286,0.5771428571428572,0.09714285714285714,0.6971428571428572,-0.011428571428571429,0.3142857142857143,-0.011428571428571429,0.5714285714285714,0.017142857142857144,0.7542857142857143,0.005714285714285714,0.92,-0.017142857142857144,0.25142857142857145,-0.26857142857142857,0.6114285714285714,-0.4228571428571429,0.8285714285714286,-0.5428571428571428,1.0,-0.6457142857142857,0.17714285714285713,-0.4742857142857143,0.48,-0.68,0.6914285714285714,-0.8057142857142857,0.8628571428571429,-0.8971428571428571,0.09714285714285714,-0.6057142857142858,0.28,-0.8171428571428572,0.41714285714285715,-0.9257142857142857,0.5257142857142857,-0.9942857142857143
2,0.0,0.0,0.08780487804878048,-0.2097560975609756,0.28780487804878047,-0.3804878048780488,0.4585365853658537,-0.5219512195121951,0.5804878048780487,-0.6048780487804878,0.3804878048780488,-0.2682926829268293,0.6829268292682927,-0.3463414634146341,0.8634146341463415,-0.3951219512195122,1.0,-0.43902439024390244,0.35121951219512193,-0.03902439024390244,0.6585365853658537,0.004878048780487805,0.8390243902439024,0.02926829268292683,0.9951219512195122,0.04390243902439024,0.2780487804878049,0.16585365853658537,0.526829268292683,0.28780487804878047,0.6829268292682927,0.32682926829268294,0.8097560975609757,0.34146341463414637,0.18536585365853658,0.33658536585365856,0.2975609756097561,0.4878048780487805,0.3902439024390244,0.5609756097560976,0.47317073170731705,0.5609756097560976
2,0.0,0.0,0.2757201646090535,0.02880658436213992,0.5720164609053497,0.06172839506172839,0.7942386831275721,0.1111111111111111,1.0,0.13168724279835392,0.29218106995884774,0.06995884773662552,0.3950617283950617,0.0,0.4567901234567901,-0.07407407407407407,0.5185185185185185,-0.1646090534979424,0.1111111111111111,-0.00411522633744856,0.18930041152263374,-0.09053497942386832,0.21810699588477367,-0.23868312757201646,0.22633744855967078,-0.3868312757201646,-0.0411522633744856,-0.08641975308641975,0.037037037037037035,-0.20987654320987653,0.06172839506172839,-0.3497942386831276,0.07407407407407407,-0.48559670781893005,-0.16872427983539096,-0.16872427983539096,-0.24279835390946503,-0.27983539094650206,-0.3168724279835391,-0.38271604938271603,-0.37037037037037035,-0.4732510288065844
2,0.0,0.0,0.17222222222222222,-0.03333333333333333,0.3277777777777778,-0.07222222222222222,0.40555555555555556,-0.08333333333333333,0.49444444444444446,-0.15,0.43333333333333335,0.0,0.6888888888888889,0.08888888888888889,0.8388888888888889,0.09444444444444444,1.0,0.07222222222222222,0.31666666666666665,0.022222222222222223,0.4722222222222222,0.09444444444444444,0.5333333333333333,0.027777777777777776,0.5722222222222222,-0.06666666666666667,0.16111111111111112,0.03333333333333333,0.1111111111111111,0.03888888888888889,0.06111111111111111,-0.016666666666666666,0.022222222222222223,-0.08333333333333333,-0.03333333333333333,0.044444444444444446,-0.2833333333333333,0.07777777777777778,-0.5,0.1111111111111111,-0.6444444444444445,0.12222222222222222
2,0.0,0.0,0.35797665369649806,-0.023346303501945526,0.6264591439688716,0.0311284046692607,0.8365758754863813,0.038910505836575876,1.0,0.05058365758754864,0.33852140077821014,0.0311284046692607,0.35797665369649806,0.023346303501945526,0.3968871595330739,-0.038910505836575876,0.4396887159533074,-0.10894941634241245,0.14785992217898833,0.011673151750972763,0.08171206225680934,0.0038910505836575876,0.0622568093385214,-0.07003891050583658,0.038910505836575876,-0.14007782101167315,-0.05058365758754864,-0.023346303501945526,-0.1556420233463035,-0.0311284046692607,-0.26848249027237353,-0.08171206225680934,-0.311284046692607,-0.1245136186770428,-0.22957198443579765,-0.058365758754863814,-0.36964980544747084,-0.058365758754863814,-0.5058365758754864,-0.06614785992217899,-0.603112840466926,-0.0622568093385214
2,0.0,0.0,0.2594142259414226,0.029288702928870293,0.4895397489539749,0.07531380753138076,0.7364016736401674,0.06694560669456066,1.0,0.04602510460251046,0.23430962343096234,-0.05439330543933055,0.24686192468619247,0.28451882845188287,0.2301255230125523,0.40585774058577406,0.23430962343096234,0.4602510460251046,0.06276150627615062,-0.0794979079497908,0.02092050209205021,0.33472803347280333,0.012552301255230125,0.4686192468619247,0.008368200836820083,0.4686192468619247,-0.09205020920502092,-0.05439330543933055,-0.19246861924686193,0.30962343096234307,-0.24686192468619247,0.4560669456066946,-0.2803347280334728,0.4686192468619247,-0.22594142259414227,0.0041841004184100415,-0.4225941422594142,0.1589958158995816,-0.5774058577405857,0.24686192468619247,-0.698744769874477,0.3179916317991632
2,0.0,0.0,0.25136612021857924,0.14207650273224043,0.5136612021857924,0.31693989071038253,0.7650273224043715,0.4644808743169399,1.0,0.546448087431694,0.11475409836065574,0.43169398907103823,0.03278688524590164,0.8142076502732241,-0.01092896174863388,0.8142076502732241,-0.0273224043715847,0.8142076502732241,-0.12568306010928962,0.40437158469945356,-0.22404371584699453,0.8142076502732241,-0.28415300546448086,0.8142076502732241,-0.33879781420765026,0.8142076502732241,-0.3333333333333333,0.36065573770491804,-0.47540983606557374,0.7759562841530054,-0.5573770491803278,0.8142076502732241,-0.6229508196721312,0.8142076502732241,-0.5081967213114754,0.3005464480874317,-0.6830601092896175,0.6174863387978142,-0.7868852459016393,0.8142076502732241,-0.8633879781420765,0.8142076502732241
2,0.0,0.0,0.2982456140350877,0.15789473684210525,0.5497076023391813,0.38596491228070173,0.7426900584795322,0.5906432748538012,0.8830409356725146,0.7894736842105263,0.2222222222222222,0.5555555555555556,0.07602339181286549,1.0,0.07602339181286549,1.0,0.09941520467836257,1.0,-0.04093567251461988,0.5029239766081871,-0.16374269005847952,0.9824561403508771,-0.1695906432748538,1.0,-0.18128654970760233,1.0,-0.26900584795321636,0.43859649122807015,-0.38596491228070173,0.9064327485380117,-0.43859649122807015,1.0,-0.4853801169590643,1.0,-0.45614035087719296,0.3742690058479532,-0.6257309941520468,0.6900584795321637,-0.7368421052631579,0.8888888888888888,-0.8304093567251462,1.0
2,0.0,0.0,0.2958579881656805,0.1952662721893491,0.5562130177514792,0.39644970414201186,0.7633136094674556,0.6094674556213018,0.9053254437869822,0.8047337278106509,0.1893491124260355,0.5443786982248521,0.09467455621301775,0.9526627218934911,0.05325443786982249,1.0,0.05917159763313609,1.0,-0.0650887573964497,0.4970414201183432,-0.15384615384615385,0.9644970414201184,-0.20710059171597633,1.0,-0.22485207100591717,1.0,-0.28402366863905326,0.4437869822485207,-0.42011834319526625,0.9053254437869822,-0.48520710059171596,1.0,-0.5266272189349113,1.0,-0.47928994082840237,0.3727810650887574,-0.6745562130177515,0.7159763313609467,-0.7869822485207101,0.9349112426035503,-0.8698224852071006,1.0
2,0.0,0.0,0.19327731092436976,0.14705882352941177,0.33613445378151263,0.3277310924369748,0.40756302521008403,0.5042016806722689,0.3907563025210084,0.6638655462184874,0.1134453781512605,0.3697478991596639,0.012605042016806723,0.7100840336134454,-0.04201680672268908,0.907563025210084,-0.09663865546218488,1.0,-0.0546218487394958,0.3319327731092437,-0.13445378151260504,0.6890756302521008,-0.20168067226890757,0.9033613445378151,-0.25630252100840334,1.0,-0.20168067226890757,0.2857142857142857,-0.27310924369747897,0.6008403361344538,-0.3277310924369748,0.8067226890756303,-0.36134453781512604,0.9453781512605042,-0.3277310924369748,0.23949579831932774,-0.4327731092436975,0.4789915966386555,-0.49159663865546216,0.6302521008403361,-0.5336134453781513,0.7478991596638656
2,0.0,0.0,0.1752988047808765,0.11155378486055777,0.3107569721115538,0.26294820717131473,0.3705179282868526,0.41832669322709165,0.33067729083665337,0.5657370517928287,0.06374501992031872,0.3904382470119522,0.0,0.6892430278884463,-0.0398406374501992,0.8565737051792829,-0.0796812749003984,0.9880478087649402,-0.06374501992031872,0.3665338645418327,-0.13545816733067728,0.6772908366533864,-0.1752988047808765,0.8645418326693227,-0.21115537848605578,1.0,-0.18326693227091634,0.32669322709163345,-0.26294820717131473,0.6055776892430279,-0.29880478087649404,0.7888446215139442,-0.32270916334661354,0.9282868525896414,-0.2908366533864542,0.2749003984063745,-0.4063745019920319,0.4860557768924303,-0.46613545816733065,0.6215139442231076,-0.5179282868525896,0.7370517928286853
2,0.0,0.0,0.19767441860465115,0.1124031007751938,0.3372093023255814,0.2596899224806202,0.4069767441860465,0.4263565891472868,0.40310077519379844,0.5813953488372093,0.1124031007751938,0.3875968992248062,0.06976744186046512,0.6976744186046512,0.04263565891472868,0.872093023255814,0.015503875968992248,1.0,-0.03875968992248062,0.3798449612403101,-0.06976744186046512,0.7093023255813954,-0.09302325581395349,0.9031007751937985,-0.1124031007751938,1.0,-0.1744186046511628,0.35658914728682173,-0.20155038759689922,0.6472868217054264,-0.21705426356589147,0.8217054263565892,-0.2248062015503876,0.9457364341085271,-0.27906976744186046,0.32170542635658916,-0.3488372093023256,0.5503875968992248,-0.3875968992248062,0.6821705426356589,-0.4186046511627907,0.7906976744186046
2,0.0,0.0,0.19636363636363635,0.10909090909090909,0.33454545454545453,0.2509090909090909,0.4109090909090909,0.41454545454545455,0.3927272727272727,0.5563636363636364,0.12727272727272726,0.3709090909090909,0.09090909090909091,0.6836363636363636,0.07272727272727272,0.8545454545454545,0.05090909090909091,0.9781818181818182,-0.02181818181818182,0.36,-0.03272727272727273,0.6836363636363636,-0.04363636363636364,0.8690909090909091,-0.05090909090909091,1.0,-0.15272727272727274,0.3381818181818182,-0.1709090909090909,0.6181818181818182,-0.18181818181818182,0.7927272727272727,-0.19272727272727272,0.9163636363636364,-0.2581818181818182,0.3054545454545455,-0.3054545454545455,0.5272727272727272,-0.33090909090909093,0.6581818181818182,-0.34545454545454546,0.7672727272727272
2,0.0,0.0,0.20072992700729927,0.09854014598540146,0.35036496350364965,0.24452554744525548,0.43795620437956206,0.4051094890510949,0.41605839416058393,0.5437956204379562,0.145985401459854,0.354014598540146,0.10948905109489052,0.6605839416058394,0.08759124087591241,0.8284671532846716,0.06204379562043796,0.9525547445255474,-0.0036496350364963502,0.35036496350364965,-0.025547445255474453,0.6678832116788321,-0.040145985401459854,0.8613138686131386,-0.058394160583941604,1.0,-0.1386861313868613,0.3284671532846715,-0.14963503649635038,0.6058394160583942,-0.15693430656934307,0.781021897810219,-0.1678832116788321,0.9087591240875912,-0.24087591240875914,0.30656934306569344,-0.28102189781021897,0.5255474452554745,-0.29927007299270075,0.656934306569343,-0.3175182481751825,0.7627737226277372
2,0.0,0.0,0.25742574257425743,0.06435643564356436,0.4603960396039604,0.19306930693069307,0.5792079207920792,0.3217821782178218,0.6138613861386139,0.47029702970297027,0.17326732673267325,0.1485148514851485,0.09405940594059406,0.4900990099009901,0.039603960396039604,0.693069306930693,-0.01485148514851485,0.8514851485148515,-0.0297029702970297,0.13861386138613863,-0.11386138613861387,0.5544554455445545,-0.16336633663366337,0.8118811881188119,-0.21287128712871287,1.0,-0.19801980198019803,0.14356435643564355,-0.29207920792079206,0.5346534653465347,-0.3415841584158416,0.7722772277227723,-0.3811881188118812,0.9504950495049505,-0.31683168316831684,0.15346534653465346,-0.4752475247524752,0.40594059405940597,-0.5841584158415841,0.5643564356435643,-0.6732673267326733,0.698019801980198
2,0.0,0.0,0.25,-0.02358490566037736,0.42452830188679247,-0.1179245283018868,0.5801886792452831,-0.22641509433962265,0.7028301886792453,-0.32547169811320753,0.22169811320754718,-0.44339622641509435,0.22169811320754718,-0.7075471698113207,0.17452830188679244,-0.8632075471698113,0.12735849056603774,-1.0,0.0047169811320754715,-0.4386792452830189,-0.08018867924528301,-0.660377358490566,-0.16037735849056603,-0.7783018867924528,-0.23113207547169812,-0.8867924528301887,-0.16981132075471697,-0.38207547169811323,-0.27358490566037735,-0.5518867924528302,-0.33490566037735847,-0.6084905660377359,-0.38207547169811323,-0.6367924528301887,-0.3113207547169811,-0.28773584905660377,-0.4811320754716981,-0.419811320754717,-0.6084905660377359,-0.4528301886792453,-0.7169811320754716,-0.4669811320754717
2,0.0,0.0,0.15753424657534246,0.0,0.3184931506849315,-0.0684931506849315,0.4520547945205479,-0.1643835616438356,0.5753424657534246,-0.2363013698630137,0.3698630136986301,-0.4212328767123288,0.4965753424657534,-0.6027397260273972,0.5582191780821918,-0.7294520547945206,0.613013698630137,-0.8493150684931506,0.2876712328767123,-0.5034246575342466,0.3732876712328767,-0.726027397260274,0.4178082191780822,-0.8732876712328768,0.4623287671232877,-1.0,0.18835616438356165,-0.5273972602739726,0.24315068493150685,-0.7294520547945206,0.2602739726027397,-0.8698630136986302,0.2773972602739726,-0.9828767123287672,0.07191780821917808,-0.5102739726027398,0.0547945205479452,-0.6678082191780822,0.03424657534246575,-0.7773972602739726,0.010273972602739725,-0.8767123287671232
2,0.0,0.0,0.16605166051660517,0.0036900369003690036,0.34686346863468637,-0.06642066420664207,0.4944649446494465,-0.16605166051660517,0.6383763837638377,-0.23985239852398524,0.47601476014760147,-0.4095940959409594,0.6383763837638377,-0.5793357933579336,0.7306273062730627,-0.7084870848708487,0.8044280442804428,-0.8265682656826568,0.3948339483394834,-0.5018450184501845,0.5461254612546126,-0.7195571955719557,0.6346863468634686,-0.8671586715867159,0.7121771217712177,-1.0,0.2952029520295203,-0.5461254612546126,0.4095940959409594,-0.7380073800738007,0.4797047970479705,-0.8634686346863468,0.5387453874538746,-0.9704797047970479,0.16974169741697417,-0.5571955719557196,0.2177121771217712,-0.7195571955719557,0.24354243542435425,-0.8154981549815498,0.2693726937269373,-0.9003690036900369
2,0.0,0.0,0.2907488986784141,0.0,0.5682819383259912,0.0,0.7973568281938326,0.0,0.9559471365638766,0.0,0.5991189427312775,-0.18502202643171806,0.801762114537445,-0.3788546255506608,0.9118942731277533,-0.5066079295154186,1.0,-0.6035242290748899,0.43612334801762115,-0.2775330396475771,0.5859030837004405,-0.5066079295154186,0.6960352422907489,-0.6343612334801763,0.7841409691629956,-0.7224669603524229,0.2643171806167401,-0.30837004405286345,0.4008810572687225,-0.5022026431718062,0.5066079295154186,-0.6079295154185022,0.5859030837004405,-0.6828193832599119,0.09251101321585903,-0.2907488986784141,0.15418502202643172,-0.4185022026431718,0.19383259911894274,-0.47577092511013214,0.22466960352422907,-0.5066079295154186
2,0.0,0.0,0.308411214953271,0.0,0.5327102803738317,0.0,0.7009345794392523,-0.08878504672897196,0.8457943925233645,-0.22429906542056074,0.2850467289719626,-0.37383177570093457,0.3364485981308411,-0.616822429906542,0.37383177570093457,-0.7616822429906542,0.3878504672897196,-0.883177570093458,0.08878504672897196,-0.40654205607476634,0.09345794392523364,-0.677570093457944,0.09813084112149532,-0.8691588785046729,0.09345794392523364,-1.0,-0.09345794392523364,-0.3878504672897196,-0.1261682242990654,-0.6495327102803738,-0.14018691588785046,-0.8271028037383178,-0.14485981308411214,-0.9672897196261683,-0.26635514018691586,-0.32242990654205606,-0.3598130841121495,-0.5280373831775701,-0.411214953271028,-0.6682242990654206,-0.4205607476635514,-0.7990654205607477
2,0.0,0.0,0.08571428571428572,-0.10793650793650794,0.08253968253968254,-0.24444444444444444,0.08571428571428572,-0.31746031746031744,0.10158730158730159,-0.4031746031746032,-0.10476190476190476,-0.4603174603174603,-0.1365079365079365,-0.6349206349206349,-0.16507936507936508,-0.7523809523809524,-0.19047619047619047,-0.8539682539682539,-0.12698412698412698,-0.48253968253968255,-0.20317460317460317,-0.7047619047619048,-0.23809523809523808,-0.8507936507936508,-0.2634920634920635,-0.9714285714285714,-0.13333333333333333,-0.4888888888888889,-0.19682539682539682,-0.7174603174603175,-0.2222222222222222,-0.8634920634920635,-0.24444444444444444,-1.0,-0.10476190476190476,-0.49206349206349204,-0.13968253968253969,-0.6825396825396826,-0.1492063492063492,-0.8063492063492064,-0.15555555555555556,-0.9206349206349206
2,0.0,0.0,-0.15454545454545454,-0.09090909090909091,-0.23636363636363636,-0.21363636363636362,-0.2727272727272727,-0.2863636363636364,-0.29545454545454547,-0.33636363636363636,-0.20454545454545456,-0.4318181818181818,-0.25,-0.6636363636363637,-0.2818181818181818,-0.7909090909090909,-0.32272727272727275,-0.8954545454545455,-0.05454545454545454,-0.44545454545454544,-0.08636363636363636,-0.7181818181818181,-0.10454545454545454,-0.8772727272727273,-0.1318181818181818,-1.0,0.08636363636363636,-0.39090909090909093,0.13636363636363635,-0.6,0.1590909090909091,-0.7363636363636363,0.1590909090909091,-0.85,0.22727272727272727,-0.2909090909090909,0.32272727272727275,-0.4090909090909091,0.35909090909090907,-0.4818181818181818,0.36818181818181817,-0.5454545454545454
2,0.0,0.0,-0.1295774647887324,-0.10140845070422536,-0.2112676056338028,-0.24788732394366197,-0.27323943661971833,-0.36338028169014086,-0.3464788732394366,-0.4394366197183099,-0.08450704225352113,-0.4394366197183099,-0.1295774647887324,-0.6901408450704225,-0.14929577464788732,-0.8338028169014085,-0.16338028169014085,-0.9464788732394366,0.016901408450704224,-0.43380281690140843,0.03380281690140845,-0.7126760563380282,0.04507042253521127,-0.8816901408450705,0.05070422535211268,-1.0,0.12394366197183099,-0.39436619718309857,0.18028169014084508,-0.6394366197183099,0.21971830985915494,-0.780281690140845,0.24788732394366197,-0.8929577464788733,0.22535211267605634,-0.3267605633802817,0.30140845070422534,-0.49577464788732395,0.3464788732394366,-0.5887323943661972,0.38873239436619716,-0.6732394366197183
2,0.0,0.0,-0.1440922190201729,-0.05763688760806916,-0.2334293948126801,-0.2132564841498559,-0.3025936599423631,-0.3400576368876081,-0.3861671469740634,-0.4207492795389049,-0.0893371757925072,-0.4207492795389049,-0.13256484149855907,-0.6772334293948127,-0.1585014409221902,-0.8270893371757925,-0.16714697406340057,-0.9452449567723343,0.020172910662824207,-0.41786743515850144,0.043227665706051875,-0.7118155619596542,0.05763688760806916,-0.8760806916426513,0.069164265129683,-1.0,0.13256484149855907,-0.3746397694524496,0.1988472622478386,-0.622478386167147,0.23919308357348704,-0.7694524495677233,0.2680115273775216,-0.8876080691642652,0.23054755043227665,-0.3025936599423631,0.30547550432276654,-0.4755043227665706,0.3515850144092219,-0.5648414985590778,0.3919308357348703,-0.6484149855907781
2,0.0,0.0,0.17295597484276728,-0.03773584905660377,0.2672955974842767,-0.18553459119496854,0.330188679245283,-0.29559748427672955,0.36163522012578614,-0.3710691823899371,0.10377358490566038,-0.4811320754716981,0.13836477987421383,-0.6698113207547169,0.17295597484276728,-0.779874213836478,0.20125786163522014,-0.8805031446540881,0.03773584905660377,-0.5062893081761006,0.0660377358490566,-0.7327044025157232,0.10377358490566038,-0.8773584905660378,0.14150943396226415,-1.0,-0.03773584905660377,-0.5,-0.006289308176100629,-0.720125786163522,0.040880503144654086,-0.8647798742138365,0.08490566037735849,-0.9937106918238994,-0.12578616352201258,-0.4591194968553459,-0.11949685534591195,-0.6320754716981132,-0.09748427672955975,-0.7515723270440252,-0.07232704402515723,-0.8616352201257862
2,0.0,0.0,0.2648221343873518,-0.1225296442687747,0.44664031620553357,-0.30039525691699603,0.5375494071146245,-0.4624505928853755,0.5691699604743083,-0.6007905138339921,0.48221343873517786,-0.48616600790513836,0.5652173913043478,-0.7114624505928854,0.6047430830039525,-0.8537549407114624,0.6284584980237155,-0.9723320158102767,0.3359683794466403,-0.5098814229249012,0.45454545454545453,-0.7272727272727273,0.5138339920948617,-0.8774703557312253,0.5731225296442688,-1.0,0.1976284584980237,-0.5138339920948617,0.2885375494071146,-0.691699604743083,0.35968379446640314,-0.8260869565217391,0.42292490118577075,-0.9288537549407114,0.043478260869565216,-0.4980237154150198,0.07905138339920949,-0.6324110671936759,0.10276679841897234,-0.7351778656126482,0.13043478260869565,-0.8142292490118577
2,0.0,0.0,0.021352313167259787,-0.05693950177935943,0.017793594306049824,-0.199288256227758,-0.05693950177935943,-0.35587188612099646,-0.1103202846975089,-0.505338078291815,0.18149466192170818,-0.4875444839857651,-0.010676156583629894,-0.6512455516014235,-0.18149466192170818,-0.6619217081850534,-0.31316725978647686,-0.6476868327402135,0.12811387900355872,-0.5658362989323843,-0.010676156583629894,-0.8042704626334519,-0.13167259786476868,-0.9145907473309609,-0.2491103202846975,-1.0,0.06405693950177936,-0.5907473309608541,-0.05338078291814947,-0.7900355871886121,-0.1494661921708185,-0.8825622775800712,-0.2491103202846975,-0.9644128113879004,-0.0035587188612099642,-0.5587188612099644,-0.07829181494661921,-0.6797153024911032,-0.17437722419928825,-0.697508896797153,-0.2918149466192171,-0.7117437722419929
2,0.0,0.0,0.24242424242424243,0.07272727272727272,0.5333333333333333,0.030303030303030304,0.7575757575757576,-0.03636363636363636,1.0,-0.04242424242424243,0.5515151515151515,-0.5818181818181818,0.34545454545454546,-0.6545454545454545,0.15757575757575756,-0.593939393939394,0.012121212121212121,-0.4727272727272727,0.32727272727272727,-0.7272727272727273,0.024242424242424242,-0.4303030303030303,-0.09090909090909091,-0.14545454545454545,-0.14545454545454545,0.07272727272727272,0.10909090909090909,-0.7515151515151515,-0.15757575757575756,-0.45454545454545453,-0.23030303030303031,-0.21212121212121213,-0.26666666666666666,0.006060606060606061,-0.08484848484848485,-0.703030303030303,-0.2606060606060606,-0.5272727272727272,-0.34545454545454546,-0.3212121212121212,-0.4,-0.15151515151515152
2,0.0,0.0,0.3070539419087137,0.03319502074688797,0.5684647302904564,0.024896265560165973,0.7676348547717843,0.05394190871369295,0.9626556016597511,0.0912863070539419,0.5892116182572614,-0.34024896265560167,0.7800829875518672,-0.26141078838174275,0.8962655601659751,-0.17842323651452283,1.0,-0.08298755186721991,0.44398340248962653,-0.3900414937759336,0.6016597510373444,-0.07468879668049792,0.6721991701244814,0.14937759336099585,0.7178423236514523,0.31950207468879666,0.27385892116182575,-0.35269709543568467,0.4149377593360996,-0.03319502074688797,0.4315352697095436,0.17012448132780084,0.4315352697095436,0.3029045643153527,0.12033195020746888,-0.27800829875518673,0.24066390041493776,-0.04564315352697095,0.2821576763485477,0.0954356846473029,0.2946058091286307,0.1908713692946058
2,0.0,0.0,0.2744186046511628,-0.05581395348837209,0.5255813953488372,-0.14883720930232558,0.7162790697674418,-0.18604651162790697,0.8558139534883721,-0.18604651162790697,0.6,-0.4511627906976744,0.9023255813953488,-0.4325581395348837,0.9953488372093023,-0.2558139534883721,1.0,-0.11162790697674418,0.5581395348837209,-0.42790697674418604,0.8930232558139535,-0.33488372093023255,0.9720930232558139,-0.13953488372093023,0.9674418604651163,0.004651162790697674,0.5023255813953489,-0.3302325581395349,0.8,-0.1813953488372093,0.8651162790697674,-0.009302325581395349,0.8558139534883721,0.10697674418604651,0.44651162790697674,-0.19534883720930232,0.6790697674418604,-0.023255813953488372,0.772093023255814,0.10232558139534884,0.813953488372093,0.19069767441860466
2,0.0,0.0,0.2422907488986784,-0.12334801762114538,0.42290748898678415,-0.2599118942731278,0.5770925110132159,-0.33480176211453744,0.7180616740088106,-0.36123348017621143,0.3964757709251101,-0.5374449339207048,0.6651982378854625,-0.7180616740088106,0.8414096916299559,-0.7180616740088106,0.9647577092511013,-0.6784140969162996,0.3744493392070485,-0.5242290748898678,0.7136563876651982,-0.6519823788546255,0.8986784140969163,-0.5462555066079295,1.0,-0.40969162995594716,0.3700440528634361,-0.43612334801762115,0.7092511013215859,-0.43171806167400884,0.8458149779735683,-0.28193832599118945,0.9074889867841409,-0.14096916299559473,0.3744493392070485,-0.29955947136563876,0.6123348017621145,-0.18061674008810572,0.7180616740088106,-0.07488986784140969,0.7797356828193832,0.01762114537444934
2,0.0,0.0,0.23423423423423423,-0.17567567567567569,0.34234234234234234,-0.3738738738738739,0.44594594594594594,-0.5045045045045045,0.5405405405405406,-0.5855855855855856,0.1891891891891892,-0.6351351351351351,0.3108108108108108,-0.9369369369369369,0.4774774774774775,-0.9954954954954955,0.6081081081081081,-0.972972972972973,0.16666666666666666,-0.6351351351351351,0.32882882882882886,-0.9864864864864865,0.527027027027027,-1.0,0.6666666666666666,-0.9234234234234234,0.19369369369369369,-0.5720720720720721,0.47297297297297297,-0.7747747747747747,0.6576576576576577,-0.6891891891891891,0.7522522522522522,-0.5585585585585585,0.26126126126126126,-0.45495495495495497,0.536036036036036,-0.4594594594594595,0.6666666666666666,-0.38288288288288286,0.7297297297297297,-0.2882882882882883
2,0.0,0.0,0.2857142857142857,-0.17733990147783252,0.4482758620689655,-0.3891625615763547,0.5517241379310345,-0.6009852216748769,0.5369458128078818,-0.7783251231527094,0.15270935960591134,-0.6699507389162561,0.1625615763546798,-0.9014778325123153,0.24630541871921183,-0.9507389162561576,0.2955665024630542,-0.916256157635468,0.06403940886699508,-0.6995073891625616,0.06896551724137931,-0.9605911330049262,0.18226600985221675,-1.0,0.2561576354679803,-0.9359605911330049,-0.024630541871921183,-0.7192118226600985,-0.019704433497536946,-0.9852216748768473,0.12315270935960591,-0.9901477832512315,0.20689655172413793,-0.8916256157635468,-0.11330049261083744,-0.7192118226600985,-0.11822660098522167,-0.9655172413793104,0.0,-0.9901477832512315,0.10344827586206896,-0.9014778325123153
2,0.0,0.0,0.5,0.0,0.8951612903225806,-0.29838709677419356,1.0,-0.7096774193548387,0.7338709677419355,-0.8629032258064516,0.75,-0.6451612903225806,0.967741935483871,-0.8467741935483871,0.9032258064516129,-0.5645161290322581,0.7741935483870968,-0.46774193548387094,0.5725806451612904,-0.7338709677419355,0.7983870967741935,-0.9758064516129032,0.717741935483871,-0.6209677419354839,0.5806451612903226,-0.5403225806451613,0.3709677419354839,-0.7903225806451613,0.6048387096774194,-0.9596774193548387,0.5483870967741935,-0.6048387096774194,0.4032258064516129,-0.532258064516129,0.14516129032258066,-0.8145161290322581,0.4274193548387097,-0.8951612903225806,0.3951612903225806,-0.6612903225806451,0.25,-0.6048387096774194
2,0.0,0.0,0.4452054794520548,0.0136986301369863,0.773972602739726,-0.19863013698630136,0.8835616438356164,-0.5,0.678082191780822,-0.6438356164383562,0.8287671232876712,-0.3013698630136986,1.0,-0.4589041095890411,0.8698630136986302,-0.3287671232876712,0.7876712328767124,-0.2465753424657534,0.6712328767123288,-0.410958904109589,0.8287671232876712,-0.6027397260273972,0.6986301369863014,-0.410958904109589,0.6301369863013698,-0.3219178082191781,0.4794520547945205,-0.5,0.589041095890411,-0.6643835616438356,0.4931506849315068,-0.4315068493150685,0.4246575342465753,-0.3493150684931507,0.2671232876712329,-0.5684931506849316,0.410958904109589,-0.6643835616438356,0.3561643835616438,-0.5068493150684932,0.2671232876712329,-0.4315068493150685
2,0.0,0.0,0.4315068493150685,-0.0273972602739726,0.7534246575342466,-0.23972602739726026,0.8493150684931506,-0.541095890410959,0.684931506849315,-0.7191780821917808,0.8082191780821918,-0.2876712328767123,1.0,-0.4863013698630137,0.8972602739726028,-0.4315068493150685,0.815068493150685,-0.3356164383561644,0.6643835616438356,-0.4246575342465753,0.8287671232876712,-0.6506849315068494,0.7054794520547946,-0.5205479452054794,0.6301369863013698,-0.4041095890410959,0.4931506849315068,-0.5205479452054794,0.5958904109589042,-0.7465753424657534,0.5,-0.5342465753424658,0.4246575342465753,-0.3835616438356164,0.2945205479452055,-0.589041095890411,0.4315068493150685,-0.7397260273972602,0.3767123287671233,-0.5753424657534246,0.3082191780821918,-0.4452054794520548
2,0.0,0.0,0.21634615384615385,-0.09615384615384616,0.3076923076923077,-0.28846153846153844,0.1971153846153846,-0.4423076923076923,0.038461538461538464,-0.5576923076923077,0.375,-0.625,0.4855769230769231,-0.8557692307692307,0.41346153846153844,-0.9182692307692307,0.32211538461538464,-0.875,0.21153846153846154,-0.6490384615384616,0.28846153846153844,-0.9471153846153846,0.22596153846153846,-1.0,0.1778846153846154,-0.9086538461538461,0.04326923076923077,-0.6346153846153846,0.07692307692307693,-0.8894230769230769,0.04807692307692308,-0.9375,0.028846153846153848,-0.8269230769230769,-0.125,-0.5769230769230769,-0.19230769230769232,-0.7692307692307693,-0.22115384615384615,-0.8269230769230769,-0.20673076923076922,-0.7836538461538461
2,0.0,0.0,0.23696682464454977,-0.02843601895734597,0.43601895734597157,-0.17061611374407584,0.35071090047393366,-0.3080568720379147,0.16113744075829384,-0.38388625592417064,0.3744075829383886,-0.5971563981042654,0.44075829383886256,-0.8672985781990521,0.3791469194312796,-0.7440758293838863,0.3175355450236967,-0.5924170616113744,0.18009478672985782,-0.6445497630331753,0.1990521327014218,-1.0,0.17061611374407584,-0.8483412322274881,0.17535545023696683,-0.6777251184834123,0.014218009478672985,-0.6208530805687204,-0.009478672985781991,-0.9052132701421801,0.004739336492890996,-0.7203791469194313,0.04265402843601896,-0.5497630331753555,-0.14691943127962084,-0.5308056872037915,-0.16113744075829384,-0.6587677725118484,-0.10900473933649289,-0.5497630331753555,-0.052132701421800945,-0.44075829383886256
2,0.0,0.0,0.2524271844660194,-0.02912621359223301,0.4320388349514563,-0.1796116504854369,0.3640776699029126,-0.33495145631067963,0.1796116504854369,-0.4029126213592233,0.38349514563106796,-0.6067961165048543,0.441747572815534,-0.8640776699029126,0.38349514563106796,-0.7281553398058253,0.33980582524271846,-0.6019417475728155,0.2087378640776699,-0.6456310679611651,0.2621359223300971,-1.0,0.21844660194174756,-0.8203883495145631,0.2087378640776699,-0.6650485436893204,0.05339805825242718,-0.616504854368932,0.06796116504854369,-0.9029126213592233,0.06310679611650485,-0.7135922330097088,0.0825242718446602,-0.558252427184466,-0.10679611650485436,-0.5242718446601942,-0.08737864077669903,-0.6796116504854369,-0.05339805825242718,-0.558252427184466,-0.009708737864077669,-0.4368932038834951
2,0.0,0.0,0.26732673267326734,-0.034653465346534656,0.4752475247524752,-0.19801980198019803,0.400990099009901,-0.3613861386138614,0.20297029702970298,-0.41089108910891087,0.4207920792079208,-0.6237623762376238,0.48514851485148514,-0.8811881188118812,0.4405940594059406,-0.7029702970297029,0.3910891089108911,-0.5643564356435643,0.23267326732673269,-0.6534653465346535,0.29207920792079206,-1.0,0.2722772277227723,-0.7871287128712872,0.2623762376237624,-0.6237623762376238,0.06435643564356436,-0.6138613861386139,0.0891089108910891,-0.8564356435643564,0.1188118811881188,-0.6435643564356436,0.13861386138613863,-0.5,-0.09900990099009901,-0.5247524752475248,-0.06435643564356436,-0.6435643564356436,-0.019801980198019802,-0.5,0.009900990099009901,-0.3910891089108911
2,0.0,0.0,0.36492890995260663,0.03317535545023697,0.5829383886255924,-0.014218009478672985,0.7298578199052133,-0.004739336492890996,0.7725118483412322,0.02843601895734597,0.6303317535545023,-0.4597156398104265,0.976303317535545,-0.4549763033175355,1.0,-0.2890995260663507,0.9146919431279621,-0.20853080568720378,0.5402843601895735,-0.46445497630331756,0.9478672985781991,-0.4312796208530806,0.9241706161137441,-0.24170616113744076,0.8199052132701422,-0.18009478672985782,0.4549763033175355,-0.3744075829383886,0.7677725118483413,-0.2132701421800948,0.7203791469194313,-0.07582938388625593,0.6208530805687204,-0.06635071090047394,0.38388625592417064,-0.21800947867298578,0.6208530805687204,-0.023696682464454975,0.6208530805687204,0.05687203791469194,0.5734597156398105,0.037914691943127965
2,0.0,0.0,0.2764976958525346,-0.013824884792626729,0.511520737327189,-0.041474654377880185,0.6774193548387096,-0.03686635944700461,0.8018433179723502,-0.08294930875576037,0.5483870967741935,-0.5161290322580645,0.7327188940092166,-0.7142857142857143,0.8755760368663594,-0.7235023041474654,1.0,-0.6682027649769585,0.42857142857142855,-0.5668202764976958,0.5161290322580645,-0.8986175115207373,0.6866359447004609,-0.9493087557603687,0.8433179723502304,-0.9170506912442397,0.2857142857142857,-0.543778801843318,0.34101382488479265,-0.8617511520737328,0.48847926267281105,-0.8110599078341014,0.6036866359447005,-0.6866359447004609,0.14746543778801843,-0.46543778801843316,0.1889400921658986,-0.631336405529954,0.3087557603686636,-0.6036866359447005,0.4055299539170507,-0.5161290322580645
2,0.0,0.0,0.26635514018691586,0.018691588785046728,0.5,0.014018691588785047,0.6682242990654206,0.04205607476635514,0.780373831775701,0.009345794392523364,0.5794392523364486,-0.48598130841121495,0.780373831775701,-0.6588785046728972,0.9065420560747663,-0.6635514018691588,1.0,-0.5934579439252337,0.4439252336448598,-0.5747663551401869,0.5373831775700935,-0.8691588785046729,0.6728971962616822,-0.9158878504672897,0.794392523364486,-0.8598130841121495,0.2803738317757009,-0.5700934579439252,0.3317757009345794,-0.8551401869158879,0.43457943925233644,-0.7850467289719626,0.5327102803738317,-0.6401869158878505,0.11214953271028037,-0.4953271028037383,0.1308411214953271,-0.6401869158878505,0.19158878504672897,-0.5887850467289719,0.24766355140186916,-0.4719626168224299
2,0.0,0.0,0.2731707317073171,0.014634146341463415,0.5219512195121951,0.00975609756097561,0.6926829268292682,0.02926829268292683,0.775609756097561,-0.02926829268292683,0.5756097560975609,-0.526829268292683,0.7707317073170732,-0.7170731707317073,0.8926829268292683,-0.7365853658536585,0.975609756097561,-0.6634146341463415,0.43414634146341463,-0.6195121951219512,0.5073170731707317,-0.9414634146341463,0.6341463414634146,-1.0,0.7317073170731707,-0.9317073170731708,0.2731707317073171,-0.6146341463414634,0.2975609756097561,-0.9219512195121952,0.40487804878048783,-0.8780487804878049,0.5024390243902439,-0.7463414634146341,0.0975609756097561,-0.5414634146341464,0.11707317073170732,-0.7024390243902439,0.17073170731707318,-0.6585365853658537,0.21951219512195122,-0.5365853658536586
2,0.0,0.0,0.28502415458937197,0.024154589371980676,0.5410628019323671,-0.01932367149758454,0.7294685990338164,-0.04830917874396135,0.6956521739130435,-0.13043478260869565,0.5217391304347826,-0.5410628019323671,0.6570048309178744,-0.7439613526570048,0.7198067632850241,-0.8067632850241546,0.714975845410628,-0.748792270531401,0.3526570048309179,-0.642512077294686,0.3864734299516908,-0.9516908212560387,0.4396135265700483,-1.0,0.45893719806763283,-0.8888888888888888,0.18357487922705315,-0.642512077294686,0.1642512077294686,-0.927536231884058,0.2028985507246377,-0.893719806763285,0.2463768115942029,-0.7439613526570048,0.0,-0.5845410628019324,-0.024154589371980676,-0.7584541062801933,0.004830917874396135,-0.7536231884057971,0.043478260869565216,-0.642512077294686
2,0.0,0.0,0.3430232558139535,0.023255813953488372,0.6395348837209303,-0.05813953488372093,0.8372093023255814,-0.22674418604651161,0.7441860465116279,-0.37209302325581395,0.6104651162790697,-0.5755813953488372,0.7790697674418605,-0.7965116279069767,0.7965116279069767,-0.8604651162790697,0.75,-0.813953488372093,0.45348837209302323,-0.6569767441860465,0.5523255813953488,-0.9418604651162791,0.5697674418604651,-1.0,0.5406976744186046,-0.9186046511627907,0.27906976744186046,-0.6744186046511628,0.32558139534883723,-0.9127906976744186,0.3430232558139535,-0.9534883720930233,0.3372093023255814,-0.8313953488372093,0.0755813953488372,-0.6395348837209303,0.05813953488372093,-0.8197674418604651,0.06395348837209303,-0.8604651162790697,0.0872093023255814,-0.7790697674418605
2,0.0,0.0,0.3684210526315789,-0.05263157894736842,0.6432748538011696,-0.10526315789473684,0.8596491228070176,-0.1286549707602339,1.0,-0.21052631578947367,0.5614035087719298,-0.6198830409356725,0.672514619883041,-0.8187134502923976,0.695906432748538,-0.9005847953216374,0.6608187134502924,-0.9005847953216374,0.391812865497076,-0.6608187134502924,0.4678362573099415,-0.9005847953216374,0.49122807017543857,-0.9941520467836257,0.4678362573099415,-0.9824561403508771,0.21637426900584794,-0.672514619883041,0.27485380116959063,-0.8713450292397661,0.2982456140350877,-0.9532163742690059,0.28654970760233917,-0.9415204678362573,0.04678362573099415,-0.6374269005847953,0.07017543859649122,-0.7543859649122807,0.08187134502923976,-0.7894736842105263,0.0935672514619883,-0.7719298245614035
2,0.0,0.0,0.30392156862745096,-0.049019607843137254,0.5343137254901961,-0.10294117647058823,0.7254901960784313,-0.09313725490196079,0.8676470588235294,-0.11274509803921569,0.46568627450980393,-0.5245098039215687,0.6127450980392157,-0.6617647058823529,0.6666666666666666,-0.7450980392156863,0.6764705882352942,-0.8137254901960784,0.3088235294117647,-0.5833333333333334,0.39215686274509803,-0.7843137254901961,0.4264705882352941,-0.9068627450980392,0.43137254901960786,-1.0,0.16176470588235295,-0.5833333333333334,0.18627450980392157,-0.7647058823529411,0.20588235294117646,-0.8627450980392157,0.20588235294117646,-0.9656862745098039,-0.004901960784313725,-0.5441176470588235,-0.06372549019607843,-0.6764705882352942,-0.10294117647058823,-0.7696078431372549,-0.1323529411764706,-0.8480392156862745
2,0.0,0.0,0.25,-0.02727272727272727,0.4727272727272727,-0.09090909090909091,0.6772727272727272,-0.09090909090909091,0.8272727272727273,-0.09545454545454546,0.42272727272727273,-0.5318181818181819,0.5863636363636363,-0.7181818181818181,0.6818181818181818,-0.8318181818181818,0.75,-0.9272727272727272,0.2772727272727273,-0.5863636363636363,0.38181818181818183,-0.7772727272727272,0.44545454545454544,-0.9045454545454545,0.4909090909090909,-1.0,0.13636363636363635,-0.5772727272727273,0.1590909090909091,-0.7454545454545455,0.19090909090909092,-0.8363636363636363,0.21363636363636362,-0.9227272727272727,-0.01818181818181818,-0.5318181818181819,-0.09090909090909091,-0.6409090909090909,-0.15,-0.7181818181818181,-0.18636363636363637,-0.7818181818181819
2,0.0,0.0,0.2364341085271318,-0.046511627906976744,0.42248062015503873,-0.13953488372093023,0.5697674418604651,-0.20155038759689922,0.6589147286821705,-0.2441860465116279,0.3023255813953488,-0.5077519379844961,0.39147286821705424,-0.6511627906976745,0.4418604651162791,-0.7364341085271318,0.46511627906976744,-0.8062015503875969,0.16279069767441862,-0.5581395348837209,0.20155038759689922,-0.7713178294573644,0.23255813953488372,-0.8914728682170543,0.24806201550387597,-0.9961240310077519,0.031007751937984496,-0.5503875968992248,0.003875968992248062,-0.751937984496124,-0.007751937984496124,-0.8798449612403101,-0.015503875968992248,-1.0,-0.09689922480620156,-0.49224806201550386,-0.1937984496124031,-0.6162790697674418,-0.26744186046511625,-0.7015503875968992,-0.32558139534883723,-0.7829457364341085
2,0.0,0.0,0.24691358024691357,-0.04938271604938271,0.448559670781893,-0.1522633744855967,0.5967078189300411,-0.2222222222222222,0.6790123456790124,-0.2880658436213992,0.3333333333333333,-0.5390946502057613,0.43621399176954734,-0.691358024691358,0.4691358024691358,-0.7695473251028807,0.4732510288065844,-0.823045267489712,0.18518518518518517,-0.5967078189300411,0.22633744855967078,-0.7983539094650206,0.24279835390946503,-0.9135802469135802,0.2345679012345679,-1.0,0.04938271604938271,-0.5925925925925926,0.02880658436213992,-0.7654320987654321,0.01646090534979424,-0.8724279835390947,-0.00823045267489712,-0.9711934156378601,-0.09465020576131687,-0.5432098765432098,-0.18518518518518517,-0.6419753086419753,-0.24691358024691357,-0.7119341563786008,-0.2962962962962963,-0.7695473251028807
2,0.0,0.0,0.2590909090909091,-0.045454545454545456,0.4772727272727273,-0.15,0.6409090909090909,-0.23636363636363636,0.7181818181818181,-0.32272727272727275,0.37272727272727274,-0.6,0.5,-0.7863636363636364,0.5272727272727272,-0.8590909090909091,0.5136363636363637,-0.85,0.20909090909090908,-0.6590909090909091,0.2318181818181818,-0.8909090909090909,0.2318181818181818,-1.0,0.21363636363636362,-0.9863636363636363,0.05454545454545454,-0.6363636363636364,0.013636363636363636,-0.8590909090909091,0.00909090909090909,-0.8954545454545455,0.013636363636363636,-0.8227272727272728,-0.10909090909090909,-0.5681818181818182,-0.19545454545454546,-0.7227272727272728,-0.22272727272727272,-0.759090909090909,-0.20909090909090908,-0.7045454545454546
2,0.0,0.0,0.2931937172774869,-0.005235602094240838,0.5654450261780105,-0.14136125654450263,0.7120418848167539,-0.35602094240837695,0.5445026178010471,-0.43455497382198954,0.5340314136125655,-0.6073298429319371,0.6649214659685864,-0.8219895287958116,0.6858638743455497,-0.8638743455497382,0.643979057591623,-0.7853403141361257,0.3612565445026178,-0.680628272251309,0.39790575916230364,-1.0,0.4083769633507853,-0.9738219895287958,0.41361256544502617,-0.8481675392670157,0.19895287958115182,-0.6910994764397905,0.20418848167539266,-0.9633507853403142,0.23036649214659685,-0.8952879581151832,0.2513089005235602,-0.7329842931937173,0.015706806282722512,-0.6544502617801047,0.031413612565445025,-0.8324607329842932,0.06282722513089005,-0.806282722513089,0.09947643979057591,-0.680628272251309
2,0.0,0.0,0.4435483870967742,-0.14516129032258066,0.7338709677419355,-0.4435483870967742,0.9274193548387096,-0.7096774193548387,0.9516129032258065,-0.967741935483871,0.5564516129032258,-0.8467741935483871,0.7580645161290323,-0.967741935483871,0.7016129032258065,-0.7016129032258065,0.6048387096774194,-0.6370967741935484,0.4032258064516129,-0.8951612903225806,0.6532258064516129,-1.0,0.5806451612903226,-0.6612903225806451,0.4596774193548387,-0.6209677419354839,0.23387096774193547,-0.9354838709677419,0.5,-0.9838709677419355,0.43548387096774194,-0.6451612903225806,0.3064516129032258,-0.6129032258064516,0.04032258064516129,-0.9435483870967742,0.3387096774193548,-0.9354838709677419,0.3064516129032258,-0.7016129032258065,0.1774193548387097,-0.6693548387096774
2,0.0,0.0,0.30303030303030304,-0.19696969696969696,0.5151515151515151,-0.5378787878787878,0.6515151515151515,-0.7878787878787878,0.7803030303030303,-1.0,0.14393939393939395,-0.9924242424242424,0.4621212121212121,-1.0,0.4621212121212121,-0.75,0.3712121212121212,-0.6515151515151515,0.0,-0.9696969696969697,0.3787878787878788,-0.9015151515151515,0.3712121212121212,-0.6515151515151515,0.2727272727272727,-0.5454545454545454,-0.09848484848484848,-0.8863636363636364,0.2878787878787879,-0.7803030303030303,0.2727272727272727,-0.5606060606060606,0.16666666666666666,-0.4696969696969697,-0.16666666666666666,-0.75,0.17424242424242425,-0.6515151515151515,0.16666666666666666,-0.4621212121212121,0.06818181818181818,-0.3712121212121212
2,0.0,0.0,0.30434782608695654,-0.010869565217391304,0.6086956521739131,-0.043478260869565216,0.782608695652174,0.0,0.8913043478260869,0.021739130434782608,0.7282608695652174,-0.6304347826086957,0.9456521739130435,-0.13043478260869565,0.9891304347826086,0.021739130434782608,1.0,0.021739130434782608,0.41304347826086957,-0.6521739130434783,0.5760869565217391,-0.07608695652173914,0.5978260869565217,0.021739130434782608,0.5978260869565217,0.021739130434782608,0.07608695652173914,-0.5652173913043478,0.20652173913043478,-0.021739130434782608,0.2391304347826087,0.021739130434782608,0.2608695652173913,0.021739130434782608,-0.2391304347826087,-0.41304347826086957,-0.16304347826086957,-0.05434782608695652,-0.07608695652173914,0.021739130434782608,-0.03260869565217391,0.021739130434782608
2,0.0,0.0,0.2094017094017094,0.10256410256410256,0.46153846153846156,0.12393162393162394,0.6538461538461539,0.17094017094017094,0.7777777777777778,0.23076923076923078,0.5470085470085471,-0.23931623931623933,0.7606837606837606,-0.2606837606837607,0.8931623931623932,-0.2692307692307692,1.0,-0.2863247863247863,0.47863247863247865,-0.4017094017094017,0.7136752136752137,-0.5811965811965812,0.8675213675213675,-0.6923076923076923,0.9829059829059829,-0.7905982905982906,0.358974358974359,-0.5042735042735043,0.5085470085470085,-0.7008547008547008,0.6153846153846154,-0.811965811965812,0.7008547008547008,-0.9102564102564102,0.18803418803418803,-0.5427350427350427,0.24786324786324787,-0.7307692307692307,0.28205128205128205,-0.8461538461538461,0.3162393162393162,-0.9487179487179487
2,0.0,0.0,0.23333333333333334,0.075,0.49166666666666664,0.09166666666666666,0.6958333333333333,0.1375,0.8416666666666667,0.2,0.575,-0.2625,0.7791666666666667,-0.2916666666666667,0.9041666666666667,-0.3,1.0,-0.30416666666666664,0.5083333333333333,-0.42083333333333334,0.7333333333333333,-0.5958333333333333,0.875,-0.7041666666666667,0.9875,-0.8,0.38333333333333336,-0.5125,0.5333333333333333,-0.7083333333333334,0.6375,-0.8125,0.7291666666666666,-0.8958333333333334,0.21666666666666667,-0.5541666666666667,0.2625,-0.7583333333333333,0.3,-0.8833333333333333,0.3375,-0.9833333333333333
2,0.0,0.0,0.23333333333333334,-0.037037037037037035,0.4444444444444444,-0.10740740740740741,0.5925925925925926,-0.16666666666666666,0.6962962962962963,-0.16666666666666666,0.5518518518518518,-0.16296296296296298,0.7666666666666667,-0.05185185185185185,0.8962962962962963,0.037037037037037035,1.0,0.1259259259259259,0.5037037037037037,-0.21851851851851853,0.7037037037037037,-0.1814814814814815,0.8555555555555555,-0.1111111111111111,0.9777777777777777,-0.044444444444444446,0.3925925925925926,-0.27037037037037037,0.5259259259259259,-0.48518518518518516,0.6074074074074074,-0.6592592592592592,0.6888888888888889,-0.8037037037037037,0.23333333333333334,-0.3037037037037037,0.22592592592592592,-0.5333333333333333,0.21481481481481482,-0.6962962962962963,0.23333333333333334,-0.8407407407407408
2,0.0,0.0,0.15719063545150502,-0.14381270903010032,0.27424749163879597,-0.19063545150501673,0.3277591973244147,-0.24414715719063546,0.35451505016722407,-0.3010033444816054,0.5117056856187291,-0.06354515050167224,0.7324414715719063,-0.020066889632107024,0.8729096989966555,-0.023411371237458192,0.9765886287625418,-0.020066889632107024,0.4782608695652174,-0.06354515050167224,0.7224080267558528,0.06354515050167224,0.8795986622073578,0.12040133779264214,1.0,0.1806020066889632,0.4080267558528428,-0.06688963210702341,0.6053511705685619,-0.043478260869565216,0.7391304347826086,-0.023411371237458192,0.8494983277591973,0.006688963210702341,0.3110367892976589,-0.11036789297658862,0.32441471571906355,-0.2040133779264214,0.2842809364548495,-0.2709030100334448,0.24749163879598662,-0.29431438127090304
2,0.0,0.0,0.2326388888888889,-0.09375,0.3993055555555556,-0.10069444444444445,0.5,-0.14930555555555555,0.6076388888888888,-0.19791666666666666,0.5520833333333334,-0.05555555555555555,0.7604166666666666,0.05555555555555555,0.8958333333333334,0.10416666666666667,1.0,0.15625,0.4965277777777778,-0.052083333333333336,0.7256944444444444,0.06597222222222222,0.8715277777777778,0.125,1.0,0.18055555555555555,0.3958333333333333,-0.06597222222222222,0.5902777777777778,-0.03819444444444445,0.7256944444444444,-0.034722222222222224,0.8472222222222222,-0.027777777777777776,0.2777777777777778,-0.10416666666666667,0.3055555555555556,-0.2048611111111111,0.2951388888888889,-0.2777777777777778,0.2777777777777778,-0.3194444444444444
2,0.0,0.0,0.23636363636363636,0.04,0.44,0.06909090909090909,0.5818181818181818,0.09818181818181818,0.7163636363636363,0.14181818181818182,0.5563636363636364,0.02909090909090909,0.7454545454545455,0.16727272727272727,0.88,0.2509090909090909,0.9963636363636363,0.33090909090909093,0.5018181818181818,0.01090909090909091,0.7236363636363636,0.16,0.8690909090909091,0.2690909090909091,1.0,0.36363636363636365,0.4254545454545455,-0.0036363636363636364,0.6363636363636364,0.10181818181818182,0.7781818181818182,0.19272727272727272,0.8945454545454545,0.2690909090909091,0.3490909090909091,-0.02181818181818182,0.4909090909090909,0.007272727272727273,0.5927272727272728,0.03636363636363636,0.68,0.06545454545454546
2,0.0,0.0,0.31862745098039214,-0.00980392156862745,0.6274509803921569,0.11764705882352941,0.8333333333333334,0.2549019607843137,1.0,0.3382352941176471,0.7450980392156863,0.10294117647058823,0.8529411764705882,0.4411764705882353,0.9264705882352942,0.6519607843137255,0.9754901960784313,0.7598039215686274,0.6078431372549019,0.11274509803921569,0.7107843137254902,0.5147058823529411,0.7696078431372549,0.7254901960784313,0.8137254901960784,0.7598039215686274,0.43137254901960786,0.1323529411764706,0.5294117647058824,0.5,0.553921568627451,0.6029411764705882,0.5882352941176471,0.6617647058823529,0.25,0.16666666666666666,0.31862745098039214,0.4019607843137255,0.31862745098039214,0.4117647058823529,0.31862745098039214,0.37254901960784315
2,0.0,0.0,0.2555066079295154,-0.23348017621145375,0.43171806167400884,-0.44493392070484583,0.5110132158590308,-0.6343612334801763,0.5770925110132159,-0.801762114537445,0.6475770925110133,-0.2643171806167401,0.8193832599118943,-0.2643171806167401,0.9295154185022027,-0.23348017621145375,1.0,-0.2026431718061674,0.5550660792951542,-0.22466960352422907,0.7180616740088106,-0.22466960352422907,0.8105726872246696,-0.19383259911894274,0.8898678414096917,-0.16299559471365638,0.46255506607929514,-0.1894273127753304,0.5991189427312775,-0.2026431718061674,0.6828193832599119,-0.18061674008810572,0.7400881057268722,-0.17180616740088106,0.3744493392070485,-0.16740088105726872,0.4845814977973568,-0.1894273127753304,0.5374449339207048,-0.1894273127753304,0.5814977973568282,-0.18061674008810572
2,0.0,0.0,0.23265306122448978,0.12244897959183673,0.4530612244897959,0.21224489795918366,0.6081632653061224,0.2816326530612245,0.7428571428571429,0.39591836734693875,0.6,0.10612244897959183,0.8040816326530612,0.23673469387755103,0.9102040816326531,0.30612244897959184,1.0,0.3673469387755102,0.5346938775510204,0.0326530612244898,0.7142857142857143,0.1673469387755102,0.8244897959183674,0.2530612244897959,0.9102040816326531,0.3183673469387755,0.4530612244897959,-0.02857142857142857,0.5469387755102041,0.07755102040816327,0.46122448979591835,0.1306122448979592,0.4,0.15510204081632653,0.3877551020408163,-0.07755102040816327,0.42857142857142855,-0.00816326530612245,0.39183673469387753,0.053061224489795916,0.35918367346938773,0.07755102040816327
2,0.0,0.0,0.2320675105485232,0.20253164556962025,0.4472573839662447,0.29957805907172996,0.6118143459915611,0.4050632911392405,0.7468354430379747,0.5358649789029536,0.6033755274261603,0.02531645569620253,0.8185654008438819,0.15611814345991562,0.919831223628692,0.23628691983122363,1.0,0.29535864978902954,0.5485232067510548,-0.08860759493670886,0.7172995780590717,0.05485232067510549,0.7890295358649789,0.13924050632911392,0.8396624472573839,0.189873417721519,0.46835443037974683,-0.16455696202531644,0.5527426160337553,-0.016877637130801686,0.4641350210970464,0.05063291139240506,0.3881856540084388,0.06751054852320675,0.4050632911392405,-0.2320675105485232,0.45569620253164556,-0.11814345991561181,0.4092827004219409,-0.046413502109704644,0.35443037974683544,-0.029535864978902954
2,0.0,0.0,0.35714285714285715,0.22077922077922077,0.6103896103896104,0.34415584415584416,0.8376623376623377,0.4935064935064935,1.0,0.6168831168831169,0.6428571428571429,-0.19480519480519481,0.7467532467532467,-0.22077922077922077,0.7792207792207793,-0.18831168831168832,0.7792207792207793,-0.17532467532467533,0.5324675324675324,-0.4025974025974026,0.6428571428571429,-0.512987012987013,0.7012987012987013,-0.5324675324675324,0.7207792207792207,-0.5454545454545454,0.4090909090909091,-0.5454545454545454,0.4805194805194805,-0.7077922077922078,0.5584415584415584,-0.7792207792207793,0.6103896103896104,-0.8246753246753247,0.2662337662337662,-0.6363636363636364,0.2532467532467532,-0.7922077922077922,0.2532467532467532,-0.8961038961038961,0.24025974025974026,-0.9805194805194806
2,0.0,0.0,0.242152466367713,-0.05829596412556054,0.4304932735426009,-0.11210762331838565,0.5650224215246636,-0.15695067264573992,0.6905829596412556,-0.18834080717488788,0.5829596412556054,-0.2825112107623318,0.7668161434977578,-0.4663677130044843,0.8609865470852018,-0.6233183856502242,0.9327354260089686,-0.7488789237668162,0.5605381165919282,-0.3004484304932735,0.7309417040358744,-0.5919282511210763,0.8071748878923767,-0.8161434977578476,0.8475336322869955,-1.0,0.5201793721973094,-0.31390134529147984,0.6905829596412556,-0.5829596412556054,0.7533632286995515,-0.7982062780269058,0.7892376681614349,-0.9775784753363229,0.4618834080717489,-0.30493273542600896,0.5919282511210763,-0.5022421524663677,0.6547085201793722,-0.6457399103139013,0.7040358744394619,-0.7713004484304933
2,0.0,0.0,0.21724137931034482,-0.03793103448275862,0.40344827586206894,-0.020689655172413793,0.5206896551724138,-0.017241379310344827,0.6068965517241379,-0.06896551724137931,0.5206896551724138,-0.006896551724137931,0.7275862068965517,0.11724137931034483,0.8758620689655172,0.17586206896551723,1.0,0.22758620689655173,0.4724137931034483,0.013793103448275862,0.6793103448275862,0.1310344827586207,0.8344827586206897,0.19655172413793104,0.9724137931034482,0.25517241379310346,0.38275862068965516,0.04827586206896552,0.5482758620689655,0.1413793103448276,0.6655172413793103,0.20689655172413793,0.7793103448275862,0.2655172413793103,0.27241379310344827,0.08620689655172414,0.3103448275862069,0.18620689655172415,0.3275862068965517,0.2655172413793103,0.3586206896551724,0.3310344827586207
2,0.0,0.0,0.22627737226277372,-0.014598540145985401,0.43795620437956206,0.010948905109489052,0.5875912408759124,0.043795620437956206,0.6970802919708029,0.0364963503649635,0.5145985401459854,-0.01824817518248175,0.7335766423357665,0.12043795620437957,0.8832116788321168,0.20072992700729927,1.0,0.2773722627737226,0.4343065693430657,-0.0072992700729927005,0.635036496350365,0.1678832116788321,0.7664233576642335,0.27007299270072993,0.8795620437956204,0.3613138686131387,0.3175182481751825,0.021897810218978103,0.4927007299270073,0.1678832116788321,0.6058394160583942,0.2737226277372263,0.7043795620437956,0.36496350364963503,0.19343065693430658,0.06934306569343066,0.2773722627737226,0.19708029197080293,0.3029197080291971,0.2956204379562044,0.3248175182481752,0.3795620437956204
2,0.0,0.0,-0.232,-0.116,-0.396,-0.264,-0.46,-0.452,-0.368,-0.568,-0.304,-0.592,-0.392,-0.788,-0.408,-0.884,-0.392,-0.884,-0.14,-0.636,-0.14,-0.876,-0.148,-1.0,-0.164,-0.996,0.016,-0.604,0.044,-0.816,0.048,-0.916,0.012,-0.856,0.176,-0.54,0.26,-0.688,0.264,-0.764,0.212,-0.724
2,0.0,0.0,-0.23893805309734514,-0.061946902654867256,-0.4469026548672566,-0.24336283185840707,-0.5353982300884956,-0.45132743362831856,-0.3672566371681416,-0.5796460176991151,-0.37610619469026546,-0.6106194690265486,-0.48672566371681414,-0.8451327433628318,-0.5132743362831859,-0.8672566371681416,-0.46017699115044247,-0.7389380530973452,-0.20353982300884957,-0.6592920353982301,-0.16371681415929204,-1.0,-0.2345132743362832,-1.0,-0.2610619469026549,-0.8584070796460177,-0.048672566371681415,-0.6415929203539823,-0.008849557522123894,-0.9380530973451328,-0.09734513274336283,-0.8761061946902655,-0.13716814159292035,-0.7256637168141593,0.11504424778761062,-0.5752212389380531,0.13274336283185842,-0.7920353982300885,0.05752212389380531,-0.7566371681415929,0.008849557522123894,-0.6327433628318584
2,0.0,0.0,-0.2413793103448276,-0.07327586206896551,-0.44396551724137934,-0.21982758620689655,-0.5603448275862069,-0.3922413793103448,-0.4353448275862069,-0.5344827586206896,-0.375,-0.5948275862068966,-0.5,-0.8017241379310345,-0.5301724137931034,-0.8491379310344828,-0.5,-0.7413793103448276,-0.20689655172413793,-0.6508620689655172,-0.1939655172413793,-0.9482758620689655,-0.2413793103448276,-1.0,-0.2672413793103448,-0.8836206896551724,-0.04741379310344827,-0.6336206896551724,-0.01293103448275862,-0.896551724137931,-0.06896551724137931,-0.8922413793103449,-0.11206896551724138,-0.7543103448275862,0.11637931034482758,-0.5689655172413793,0.15948275862068967,-0.7758620689655172,0.10344827586206896,-0.7844827586206896,0.04310344827586207,-0.6853448275862069
2,0.0,0.0,-0.2600896860986547,-0.07623318385650224,-0.47533632286995514,-0.2242152466367713,-0.5919282511210763,-0.40358744394618834,-0.4618834080717489,-0.5381165919282511,-0.3901345291479821,-0.6098654708520179,-0.5201793721973094,-0.8340807174887892,-0.547085201793722,-0.8699551569506726,-0.5067264573991032,-0.757847533632287,-0.23318385650224216,-0.6591928251121076,-0.21524663677130046,-0.9551569506726457,-0.2600896860986547,-1.0,-0.2914798206278027,-0.8878923766816144,-0.07174887892376682,-0.6412556053811659,-0.04484304932735426,-0.905829596412556,-0.09417040358744394,-0.9147982062780269,-0.13452914798206278,-0.7757847533632287,0.08968609865470852,-0.5829596412556054,0.13452914798206278,-0.7847533632286996,0.08968609865470852,-0.8071748878923767,0.03587443946188341,-0.7085201793721974
2,0.0,0.0,-0.2818181818181818,-0.07272727272727272,-0.5,-0.17272727272727273,-0.6545454545454545,-0.3,-0.6409090909090909,-0.45,-0.37272727272727274,-0.5772727272727273,-0.4727272727272727,-0.8,-0.5045454545454545,-0.8818181818181818,-0.4954545454545455,-0.8318181818181818,-0.21363636363636362,-0.6409090909090909,-0.24545454545454545,-0.9,-0.2681818181818182,-1.0,-0.2863636363636364,-0.9590909090909091,-0.06363636363636363,-0.6363636363636364,-0.07272727272727272,-0.8545454545454545,-0.10909090909090909,-0.9590909090909091,-0.1409090909090909,-0.8954545454545455,0.09090909090909091,-0.6045454545454545,0.11818181818181818,-0.7681818181818182,0.08181818181818182,-0.85,0.031818181818181815,-0.8227272727272728
2,0.0,0.0,-0.24778761061946902,-0.05752212389380531,-0.4557522123893805,-0.12831858407079647,-0.6150442477876106,-0.19469026548672566,-0.7123893805309734,-0.30973451327433627,-0.3274336283185841,-0.5663716814159292,-0.4247787610619469,-0.7433628318584071,-0.46017699115044247,-0.831858407079646,-0.48672566371681414,-0.8805309734513275,-0.17256637168141592,-0.6238938053097345,-0.19469026548672566,-0.8539823008849557,-0.22123893805309736,-0.9823008849557522,-0.23893805309734514,-1.0,-0.017699115044247787,-0.6061946902654868,0.0,-0.8185840707964602,-0.004424778761061947,-0.9070796460176991,-0.02654867256637168,-0.8982300884955752,0.12831858407079647,-0.5486725663716814,0.22566371681415928,-0.6814159292035398,0.24778761061946902,-0.7389380530973452,0.2345132743362832,-0.7389380530973452
2,0.0,0.0,-0.23478260869565218,-0.06086956521739131,-0.43478260869565216,-0.14782608695652175,-0.5869565217391305,-0.21739130434782608,-0.6652173913043479,-0.33043478260869563,-0.30869565217391304,-0.5782608695652174,-0.391304347826087,-0.7565217391304347,-0.43478260869565216,-0.8434782608695652,-0.46956521739130436,-0.8826086956521739,-0.14782608695652175,-0.6304347826086957,-0.1608695652173913,-0.8521739130434782,-0.1826086956521739,-0.9782608695652174,-0.20434782608695654,-1.0,0.0,-0.6130434782608696,0.030434782608695653,-0.8043478260869565,0.02608695652173913,-0.8913043478260869,0.0,-0.8956521739130435,0.13478260869565217,-0.5478260869565217,0.2391304347826087,-0.6695652173913044,0.2608695652173913,-0.7304347826086957,0.2608695652173913,-0.7434782608695653
2,0.0,0.0,-0.2391304347826087,-0.06086956521739131,-0.43478260869565216,-0.14782608695652175,-0.5956521739130435,-0.21739130434782608,-0.6695652173913044,-0.3347826086956522,-0.3130434782608696,-0.5695652173913044,-0.4,-0.7521739130434782,-0.4434782608695652,-0.8347826086956521,-0.4782608695652174,-0.8782608695652174,-0.1608695652173913,-0.6260869565217392,-0.17391304347826086,-0.8478260869565217,-0.1956521739130435,-0.9782608695652174,-0.21739130434782608,-1.0,-0.013043478260869565,-0.6086956521739131,0.008695652173913044,-0.8,0.004347826086956522,-0.8869565217391304,-0.02608695652173913,-0.8826086956521739,0.12608695652173912,-0.5521739130434783,0.22608695652173913,-0.6739130434782609,0.24782608695652175,-0.7347826086956522,0.24347826086956523,-0.7478260869565218
2,0.0,0.0,-0.20833333333333334,-0.04924242424242424,-0.3939393939393939,-0.12121212121212122,-0.5492424242424242,-0.17803030303030304,-0.6704545454545454,-0.23484848484848486,-0.29924242424242425,-0.4621212121212121,-0.4166666666666667,-0.6401515151515151,-0.4810606060606061,-0.7462121212121212,-0.5265151515151515,-0.8409090909090909,-0.17424242424242425,-0.5227272727272727,-0.2196969696969697,-0.7462121212121212,-0.24242424242424243,-0.8901515151515151,-0.25,-1.0,-0.04924242424242424,-0.5265151515151515,-0.045454545454545456,-0.7310606060606061,-0.041666666666666664,-0.8560606060606061,-0.041666666666666664,-0.9621212121212122,0.06818181818181818,-0.48863636363636365,0.125,-0.625,0.15151515151515152,-0.7121212121212122,0.18181818181818182,-0.7954545454545454
2,0.0,0.0,-0.2641509433962264,-0.07075471698113207,-0.4858490566037736,-0.15566037735849056,-0.6886792452830188,-0.1792452830188679,-0.8632075471698113,-0.18867924528301888,-0.36792452830188677,-0.5330188679245284,-0.5141509433962265,-0.7122641509433962,-0.5943396226415094,-0.8254716981132075,-0.6462264150943396,-0.910377358490566,-0.22169811320754718,-0.5754716981132075,-0.2971698113207547,-0.7877358490566038,-0.330188679245283,-0.910377358490566,-0.3490566037735849,-1.0,-0.06132075471698113,-0.5754716981132075,-0.08018867924528301,-0.7641509433962265,-0.08962264150943396,-0.8726415094339622,-0.10377358490566038,-0.9575471698113207,0.08962264150943396,-0.5471698113207547,0.15566037735849056,-0.6792452830188679,0.18396226415094338,-0.75,0.21226415094339623,-0.8160377358490566
2,0.0,0.0,-0.2553191489361702,-0.08085106382978724,-0.44680851063829785,-0.14893617021276595,-0.625531914893617,-0.19574468085106383,-0.7574468085106383,-0.25957446808510637,-0.3446808510638298,-0.502127659574468,-0.4765957446808511,-0.6808510638297872,-0.5574468085106383,-0.8042553191489362,-0.6042553191489362,-0.8936170212765957,-0.2,-0.548936170212766,-0.25957446808510637,-0.7659574468085106,-0.2936170212765957,-0.902127659574468,-0.3021276595744681,-1.0,-0.05106382978723404,-0.5531914893617021,-0.02553191489361702,-0.7489361702127659,-0.01276595744680851,-0.8765957446808511,-0.00851063829787234,-0.9787234042553191,0.08085106382978724,-0.5234042553191489,0.16170212765957448,-0.6553191489361702,0.2,-0.7361702127659574,0.23829787234042554,-0.8127659574468085
2,0.0,0.0,-0.32044198895027626,-0.022099447513812154,-0.580110497237569,-0.1270718232044199,-0.7403314917127072,-0.3259668508287293,-0.5911602209944752,-0.430939226519337,-0.5027624309392266,-0.580110497237569,-0.6298342541436464,-0.8011049723756906,-0.6574585635359116,-0.8839779005524862,-0.6077348066298343,-0.8121546961325967,-0.32044198895027626,-0.6629834254143646,-0.35359116022099446,-0.9723756906077348,-0.39779005524861877,-1.0,-0.39779005524861877,-0.8839779005524862,-0.143646408839779,-0.6685082872928176,-0.1712707182320442,-0.9558011049723757,-0.20441988950276244,-0.8342541436464088,-0.20441988950276244,-0.6519337016574586,0.049723756906077346,-0.6298342541436464,0.0055248618784530384,-0.8121546961325967,-0.04419889502762431,-0.7348066298342542,-0.06077348066298342,-0.6077348066298343
2,0.0,0.0,-0.3263157894736842,-0.02631578947368421,-0.5736842105263158,-0.07894736842105263,-0.7736842105263158,-0.19473684210526315,-0.7789473684210526,-0.3736842105263158,-0.5684210526315789,-0.5421052631578948,-0.7263157894736842,-0.7526315789473684,-0.7684210526315789,-0.8263157894736842,-0.7526315789473684,-0.8210526315789474,-0.4052631578947368,-0.631578947368421,-0.5052631578947369,-0.9052631578947369,-0.531578947368421,-1.0,-0.5368421052631579,-0.9894736842105263,-0.22105263157894736,-0.6526315789473685,-0.2894736842105263,-0.9,-0.3,-0.9473684210526315,-0.2736842105263158,-0.8315789473684211,-0.02631578947368421,-0.6473684210526316,-0.05263157894736842,-0.8526315789473684,-0.08421052631578947,-0.8842105263157894,-0.08947368421052632,-0.8
2,0.0,0.0,0.07307692307692308,0.1,0.10384615384615385,0.23461538461538461,0.11923076923076924,0.38076923076923075,0.12692307692307692,0.38846153846153847,-0.36153846153846153,0.25769230769230766,-0.5153846153846153,0.38846153846153847,-0.6307692307692307,0.38846153846153847,-0.7038461538461539,0.38846153846153847,-0.45,0.18076923076923077,-0.6730769230769231,0.3192307692307692,-0.8192307692307692,0.38076923076923075,-0.9538461538461539,0.38846153846153847,-0.49615384615384617,0.07307692307692308,-0.7076923076923077,0.17307692307692307,-0.8615384615384616,0.19615384615384615,-1.0,0.2,-0.5115384615384615,-0.038461538461538464,-0.6615384615384615,-0.019230769230769232,-0.7538461538461538,-0.03076923076923077,-0.8423076923076923,-0.06923076923076923
2,0.0,0.0,0.06405693950177936,0.09252669039145907,0.06761565836298933,0.21708185053380782,0.06761565836298933,0.35231316725978645,0.05338078291814947,0.398576512455516,-0.35587188612099646,0.1708185053380783,-0.5266903914590747,0.2918149466192171,-0.6619217081850534,0.37722419928825623,-0.7758007117437722,0.398576512455516,-0.4412811387900356,0.08540925266903915,-0.6832740213523132,0.18149466192170818,-0.8540925266903915,0.22419928825622776,-1.0,0.2526690391459075,-0.4626334519572954,-0.014234875444839857,-0.6654804270462633,0.046263345195729534,-0.8113879003558719,0.05693950177935943,-0.9395017793594306,0.06405693950177936,-0.4483985765124555,-0.1103202846975089,-0.594306049822064,-0.13167259786476868,-0.6868327402135231,-0.16370106761565836,-0.7722419928825622,-0.20284697508896798
2,0.0,0.0,0.08139534883720931,0.05426356589147287,0.08914728682170543,0.13565891472868216,0.08914728682170543,0.20155038759689922,0.06201550387596899,0.26744186046511625,-0.3449612403100775,0.031007751937984496,-0.5232558139534884,0.16279069767441862,-0.6666666666666666,0.22868217054263565,-0.7984496124031008,0.28294573643410853,-0.4186046511627907,-0.01937984496124031,-0.6782945736434108,0.08527131782945736,-0.8527131782945736,0.12790697674418605,-1.0,0.15503875968992248,-0.44573643410852715,-0.08527131782945736,-0.6705426356589147,-0.027131782945736434,-0.810077519379845,-0.007751937984496124,-0.9302325581395349,-0.003875968992248062,-0.4496124031007752,-0.15503875968992248,-0.6046511627906976,-0.16279069767441862,-0.7015503875968992,-0.18992248062015504,-0.7868217054263565,-0.2364341085271318
2,0.0,0.0,0.08673469387755102,0.03571428571428571,0.08673469387755102,0.09693877551020408,0.08163265306122448,0.10204081632653061,0.0663265306122449,0.11734693877551021,-0.23979591836734693,0.18877551020408162,-0.42346938775510207,0.29081632653061223,-0.5714285714285714,0.3469387755102041,-0.7091836734693877,0.3979591836734694,-0.34183673469387754,0.09183673469387756,-0.6071428571428571,0.20408163265306123,-0.8061224489795918,0.25,-1.0,0.29591836734693877,-0.3826530612244898,-0.02040816326530612,-0.6071428571428571,0.0663265306122449,-0.7755102040816326,0.08673469387755102,-0.9183673469387755,0.09693877551020408,-0.3826530612244898,-0.12244897959183673,-0.5306122448979592,-0.12755102040816327,-0.6275510204081632,-0.16326530612244897,-0.7193877551020408,-0.20918367346938777
2,0.0,0.0,0.09876543209876543,0.05761316872427984,0.11934156378600823,0.16049382716049382,0.13580246913580246,0.23868312757201646,0.12345679012345678,0.30864197530864196,-0.32510288065843623,0.0411522633744856,-0.49794238683127573,0.16872427983539096,-0.6378600823045267,0.23045267489711935,-0.7695473251028807,0.27983539094650206,-0.4156378600823045,-0.00823045267489712,-0.6790123456790124,0.10699588477366255,-0.8518518518518519,0.1440329218106996,-1.0,0.16872427983539096,-0.4444444444444444,-0.07407407407407407,-0.6748971193415638,-0.00823045267489712,-0.823045267489712,0.012345679012345678,-0.9506172839506173,0.01646090534979424,-0.4444444444444444,-0.1440329218106996,-0.6008230452674898,-0.1522633744855967,-0.6954732510288066,-0.18106995884773663,-0.7860082304526749,-0.23045267489711935
2,0.0,0.0,-0.19658119658119658,0.03418803418803419,-0.4188034188034188,0.02564102564102564,-0.6196581196581197,0.05128205128205128,-0.7863247863247863,0.09829059829059829,-0.46153846153846156,-0.3974358974358974,-0.6581196581196581,-0.5470085470085471,-0.7863247863247863,-0.6495726495726496,-0.8931623931623932,-0.7393162393162394,-0.34615384615384615,-0.5042735042735043,-0.5,-0.7222222222222222,-0.6025641025641025,-0.8675213675213675,-0.6837606837606838,-0.9914529914529915,-0.2094017094017094,-0.5384615384615384,-0.3076923076923077,-0.7478632478632479,-0.37606837606837606,-0.8803418803418803,-0.44017094017094016,-1.0,-0.05555555555555555,-0.5256410256410257,-0.01282051282051282,-0.6837606837606838,0.008547008547008548,-0.7863247863247863,0.021367521367521368,-0.8803418803418803
2,0.0,0.0,-0.17525773195876287,-0.07560137457044673,-0.23367697594501718,-0.16151202749140894,-0.2852233676975945,-0.21305841924398625,-0.35051546391752575,-0.24742268041237114,-0.24398625429553264,-0.46048109965635736,-0.2646048109965636,-0.6426116838487973,-0.2920962199312715,-0.7628865979381443,-0.3127147766323024,-0.8625429553264605,-0.18556701030927836,-0.46735395189003437,-0.20618556701030927,-0.7079037800687286,-0.2268041237113402,-0.865979381443299,-0.2542955326460481,-1.0,-0.13402061855670103,-0.44329896907216493,-0.12027491408934708,-0.6632302405498282,-0.12027491408934708,-0.8109965635738832,-0.13058419243986255,-0.9450171821305842,-0.08247422680412371,-0.3951890034364261,-0.048109965635738834,-0.5395189003436426,-0.041237113402061855,-0.6391752577319587,-0.03436426116838488,-0.7285223367697594
2,0.0,0.0,-0.291970802919708,-0.11678832116788321,-0.5255474452554745,-0.29927007299270075,-0.7007299270072993,-0.40875912408759124,-0.8394160583941606,-0.49635036496350365,-0.1678832116788321,-0.5182481751824818,-0.23357664233576642,-0.7226277372262774,-0.35036496350364965,-0.8175182481751825,-0.48175182481751827,-0.8905109489051095,0.058394160583941604,-0.48175182481751827,0.11678832116788321,-0.6642335766423357,0.072992700729927,-0.7299270072992701,0.0364963503649635,-0.781021897810219,0.24817518248175183,-0.38686131386861317,0.40145985401459855,-0.5328467153284672,0.45255474452554745,-0.583941605839416,0.49635036496350365,-0.6423357664233577,0.39416058394160586,-0.23357664233576642,0.6496350364963503,-0.291970802919708,0.8321167883211679,-0.26277372262773724,1.0,-0.24817518248175183
2,0.0,0.0,-0.29411764705882354,-0.11764705882352941,-0.5367647058823529,-0.2867647058823529,-0.7132352941176471,-0.39705882352941174,-0.8382352941176471,-0.49264705882352944,-0.15441176470588236,-0.5294117647058824,-0.22794117647058823,-0.7279411764705882,-0.34558823529411764,-0.8235294117647058,-0.4632352941176471,-0.8970588235294118,0.07352941176470588,-0.49264705882352944,0.11764705882352941,-0.6764705882352942,0.08088235294117647,-0.7279411764705882,0.051470588235294115,-0.7720588235294118,0.27205882352941174,-0.39705882352941174,0.41911764705882354,-0.5588235294117647,0.47794117647058826,-0.6029411764705882,0.5367647058823529,-0.6617647058823529,0.41911764705882354,-0.25,0.6617647058823529,-0.3088235294117647,0.8382352941176471,-0.2867647058823529,1.0,-0.2647058823529412
2,0.0,0.0,-0.2937062937062937,-0.1048951048951049,-0.5454545454545454,-0.25874125874125875,-0.7412587412587412,-0.3776223776223776,-0.8951048951048951,-0.4965034965034965,-0.22377622377622378,-0.5384615384615384,-0.35664335664335667,-0.7832167832167832,-0.48951048951048953,-0.8881118881118881,-0.6363636363636364,-0.9790209790209791,0.0,-0.5314685314685315,0.0,-0.7552447552447552,-0.06293706293706294,-0.8811188811188811,-0.11888111888111888,-1.0,0.1958041958041958,-0.45454545454545453,0.3076923076923077,-0.6293706293706294,0.3356643356643357,-0.7272727272727273,0.34965034965034963,-0.8251748251748252,0.35664335664335667,-0.3146853146853147,0.5594405594405595,-0.38461538461538464,0.7062937062937062,-0.3706293706293706,0.8251748251748252,-0.36363636363636365
2,0.0,0.0,-0.16666666666666666,-0.07539682539682539,-0.32142857142857145,-0.19047619047619047,-0.45634920634920634,-0.2857142857142857,-0.5555555555555556,-0.36507936507936506,-0.14285714285714285,-0.4801587301587302,-0.23412698412698413,-0.6825396825396826,-0.2896825396825397,-0.8055555555555556,-0.32936507936507936,-0.9166666666666666,-0.011904761904761904,-0.49206349206349204,0.011904761904761904,-0.7222222222222222,0.027777777777777776,-0.873015873015873,0.03968253968253968,-1.0,0.09523809523809523,-0.4365079365079365,0.16666666666666666,-0.6190476190476191,0.19444444444444445,-0.7380952380952381,0.21825396825396826,-0.8492063492063492,0.1746031746031746,-0.3373015873015873,0.2896825396825397,-0.38095238095238093,0.3611111111111111,-0.4126984126984127,0.42063492063492064,-0.4523809523809524
2,0.0,0.0,-0.1934156378600823,-0.09465020576131687,-0.3497942386831276,-0.2222222222222222,-0.46502057613168724,-0.3374485596707819,-0.5432098765432098,-0.4444444444444444,-0.12757201646090535,-0.5020576131687243,-0.18518518518518517,-0.7119341563786008,-0.20987654320987653,-0.8395061728395061,-0.2222222222222222,-0.9506172839506173,0.012345679012345678,-0.5185185185185185,0.04938271604938271,-0.7448559670781894,0.06995884773662552,-0.8888888888888888,0.09465020576131687,-1.0,0.13168724279835392,-0.48559670781893005,0.20164609053497942,-0.6707818930041153,0.2345679012345679,-0.7942386831275721,0.2551440329218107,-0.9053497942386831,0.23045267489711935,-0.411522633744856,0.3497942386831276,-0.5020576131687243,0.41975308641975306,-0.5720164609053497,0.4773662551440329,-0.6419753086419753
2,0.0,0.0,-0.24615384615384617,-0.08205128205128205,-0.4512820512820513,-0.19487179487179487,-0.5948717948717949,-0.3076923076923077,-0.6871794871794872,-0.4307692307692308,-0.18461538461538463,-0.4717948717948718,-0.26153846153846155,-0.6820512820512821,-0.28717948717948716,-0.8153846153846154,-0.30256410256410254,-0.9333333333333333,-0.015384615384615385,-0.49230769230769234,0.010256410256410256,-0.7230769230769231,0.03076923076923077,-0.8769230769230769,0.05641025641025641,-1.0,0.13846153846153847,-0.4666666666666667,0.21025641025641026,-0.6615384615384615,0.24102564102564103,-0.8,0.26666666666666666,-0.9282051282051282,0.2717948717948718,-0.4,0.41025641025641024,-0.517948717948718,0.48717948717948717,-0.6102564102564103,0.5538461538461539,-0.7025641025641025
2,0.0,0.0,-0.3769230769230769,-0.17692307692307693,-0.6384615384615384,-0.33076923076923076,-0.823076923076923,-0.45384615384615384,-0.9307692307692308,-0.6230769230769231,-0.23076923076923078,-0.5153846153846153,-0.3076923076923077,-0.7076923076923077,-0.3230769230769231,-0.8615384615384616,-0.3153846153846154,-1.0,0.03076923076923077,-0.5076923076923077,0.08461538461538462,-0.7,0.13846153846153847,-0.8538461538461538,0.2,-0.9692307692307692,0.26153846153846155,-0.47692307692307695,0.4,-0.6461538461538462,0.46153846153846156,-0.7846153846153846,0.5,-0.9153846153846154,0.45384615384615384,-0.4,0.6846153846153846,-0.5076923076923077,0.8307692307692308,-0.6076923076923076,0.9461538461538461,-0.7153846153846154
2,0.0,0.0,-0.3025210084033613,-0.04201680672268908,-0.5630252100840336,-0.1092436974789916,-0.8151260504201681,-0.18487394957983194,-1.0,-0.2857142857142857,-0.21008403361344538,-0.226890756302521,-0.2605042016806723,-0.12605042016806722,-0.2857142857142857,-0.14285714285714285,-0.31092436974789917,-0.15966386554621848,0.04201680672268908,-0.2184873949579832,0.06722689075630252,-0.15966386554621848,0.09243697478991597,-0.18487394957983194,0.12605042016806722,-0.19327731092436976,0.2857142857142857,-0.19327731092436976,0.3697478991596639,-0.15126050420168066,0.4369747899159664,-0.18487394957983194,0.4957983193277311,-0.226890756302521,0.47058823529411764,-0.11764705882352941,0.7058823529411765,-0.11764705882352941,0.8403361344537815,-0.19327731092436976,0.9495798319327731,-0.2857142857142857
2,0.0,0.0,-0.358974358974359,-0.02564102564102564,-0.6153846153846154,-0.07692307692307693,-0.8376068376068376,-0.1452991452991453,-0.9914529914529915,-0.26495726495726496,-0.21367521367521367,-0.23076923076923078,-0.2564102564102564,-0.1111111111111111,-0.2905982905982906,-0.09401709401709402,-0.3162393162393162,-0.07692307692307693,0.05982905982905983,-0.21367521367521367,0.07692307692307693,-0.09401709401709402,0.10256410256410256,-0.09401709401709402,0.15384615384615385,-0.08547008547008547,0.29914529914529914,-0.1794871794871795,0.39316239316239315,-0.1111111111111111,0.452991452991453,-0.11965811965811966,0.5042735042735043,-0.1452991452991453,0.49572649572649574,-0.09401709401709402,0.7264957264957265,-0.1111111111111111,0.8803418803418803,-0.20512820512820512,1.0,-0.3076923076923077
2,0.0,0.0,-0.36220472440944884,-0.08661417322834646,-0.6220472440944882,-0.18110236220472442,-0.8582677165354331,-0.25984251968503935,-1.0,-0.3937007874015748,-0.25984251968503935,-0.3779527559055118,-0.33858267716535434,-0.48031496062992124,-0.3700787401574803,-0.6062992125984252,-0.36220472440944884,-0.6929133858267716,-0.007874015748031496,-0.3858267716535433,0.015748031496062992,-0.5511811023622047,0.03937007874015748,-0.6692913385826772,0.07874015748031496,-0.7637795275590551,0.2204724409448819,-0.36220472440944884,0.3464566929133858,-0.49606299212598426,0.3858267716535433,-0.6299212598425197,0.4251968503937008,-0.7480314960629921,0.4251968503937008,-0.31496062992125984,0.6377952755905512,-0.4094488188976378,0.7716535433070866,-0.5118110236220472,0.8740157480314961,-0.6220472440944882
2,0.0,0.0,-0.23214285714285715,-0.09375,-0.41964285714285715,-0.21875,-0.5446428571428571,-0.3392857142857143,-0.6383928571428571,-0.44642857142857145,-0.1875,-0.45982142857142855,-0.2544642857142857,-0.6607142857142857,-0.2857142857142857,-0.7901785714285714,-0.30357142857142855,-0.90625,-0.03125,-0.48660714285714285,-0.026785714285714284,-0.71875,-0.017857142857142856,-0.8705357142857143,-0.013392857142857142,-1.0,0.10267857142857142,-0.45982142857142855,0.14285714285714285,-0.6696428571428571,0.14285714285714285,-0.8080357142857143,0.13839285714285715,-0.9330357142857143,0.24107142857142858,-0.39285714285714285,0.34375,-0.5267857142857143,0.39285714285714285,-0.6294642857142857,0.42410714285714285,-0.7276785714285714
2,0.0,0.0,0.38461538461538464,-0.23076923076923078,0.6035502958579881,-0.38461538461538464,0.7751479289940828,-0.5088757396449705,0.9171597633136095,-0.6272189349112426,0.27218934911242604,-0.650887573964497,0.3431952662721893,-0.8461538461538461,0.3727810650887574,-0.9467455621301775,0.3905325443786982,-1.0,0.08284023668639054,-0.6331360946745562,0.08284023668639054,-0.8047337278106509,0.10059171597633136,-0.8875739644970414,0.10650887573964497,-0.9171597633136095,-0.07692307692307693,-0.5621301775147929,-0.08875739644970414,-0.6923076923076923,-0.0650887573964497,-0.7692307692307693,-0.05325443786982249,-0.8165680473372781,-0.23076923076923078,-0.46745562130177515,-0.23076923076923078,-0.5266272189349113,-0.21301775147928995,-0.5384615384615384,-0.20118343195266272,-0.5384615384615384
2,0.0,0.0,0.35195530726256985,-0.22346368715083798,0.5642458100558659,-0.3743016759776536,0.7262569832402235,-0.5027932960893855,0.8603351955307262,-0.6256983240223464,0.25139664804469275,-0.6536312849162011,0.3240223463687151,-0.8491620111731844,0.35195530726256985,-0.9441340782122905,0.36312849162011174,-1.0,0.07262569832402235,-0.6312849162011173,0.07262569832402235,-0.8044692737430168,0.08379888268156424,-0.88268156424581,0.0893854748603352,-0.9162011173184358,-0.08379888268156424,-0.5586592178770949,-0.10614525139664804,-0.6983240223463687,-0.1005586592178771,-0.776536312849162,-0.10614525139664804,-0.8324022346368715,-0.22905027932960895,-0.44692737430167595,-0.2569832402234637,-0.4860335195530726,-0.26256983240223464,-0.4860335195530726,-0.2737430167597765,-0.4748603351955307
2,0.0,0.0,0.24761904761904763,-0.14761904761904762,0.43333333333333335,-0.30952380952380953,0.5857142857142857,-0.4523809523809524,0.6904761904761905,-0.5666666666666667,0.17142857142857143,-0.5857142857142857,0.22857142857142856,-0.7952380952380952,0.2523809523809524,-0.9142857142857143,0.2619047619047619,-1.0,0.014285714285714285,-0.5714285714285714,0.014285714285714285,-0.7666666666666667,0.02857142857142857,-0.8809523809523809,0.0380952380952381,-0.9619047619047619,-0.12380952380952381,-0.5142857142857142,-0.15714285714285714,-0.6761904761904762,-0.14761904761904762,-0.7666666666666667,-0.14761904761904762,-0.8333333333333334,-0.2619047619047619,-0.41904761904761906,-0.3523809523809524,-0.5047619047619047,-0.40476190476190477,-0.5523809523809524,-0.4380952380952381,-0.580952380952381
2,0.0,0.0,0.18352059925093633,-0.12359550561797752,0.32209737827715357,-0.27340823970037453,0.41198501872659177,-0.4307116104868914,0.46441947565543074,-0.550561797752809,0.07865168539325842,-0.5355805243445693,0.0898876404494382,-0.7528089887640449,0.0749063670411985,-0.8876404494382022,0.056179775280898875,-1.0,-0.052434456928838954,-0.5243445692883895,-0.0898876404494382,-0.7378277153558053,-0.12734082397003746,-0.8764044943820225,-0.17228464419475656,-0.9887640449438202,-0.15730337078651685,-0.46441947565543074,-0.23220973782771537,-0.6367041198501873,-0.2846441947565543,-0.7565543071161048,-0.3333333333333333,-0.8539325842696629,-0.250936329588015,-0.36329588014981273,-0.3707865168539326,-0.43820224719101125,-0.45692883895131087,-0.49063670411985016,-0.5318352059925093,-0.5393258426966292
2,0.0,0.0,0.19548872180451127,-0.12030075187969924,0.35714285714285715,-0.2669172932330827,0.45864661654135336,-0.41729323308270677,0.5037593984962406,-0.5375939849624061,0.13533834586466165,-0.5300751879699248,0.15789473684210525,-0.7518796992481203,0.15037593984962405,-0.8834586466165414,0.13533834586466165,-1.0,0.0037593984962406013,-0.5263157894736842,-0.02631578947368421,-0.7406015037593985,-0.06015037593984962,-0.8759398496240601,-0.09398496240601503,-0.9887218045112782,-0.10902255639097744,-0.4774436090225564,-0.16917293233082706,-0.650375939849624,-0.21428571428571427,-0.7706766917293233,-0.2518796992481203,-0.8721804511278195,-0.21428571428571427,-0.38721804511278196,-0.3308270676691729,-0.47368421052631576,-0.41353383458646614,-0.5375939849624061,-0.48872180451127817,-0.5977443609022557
2,0.0,0.0,0.3853211009174312,-0.3394495412844037,0.7155963302752294,-0.44954128440366975,0.8715596330275229,-0.5596330275229358,1.0,-0.7706422018348624,0.6697247706422018,-0.3211009174311927,0.8440366972477065,-0.43119266055045874,0.944954128440367,-0.5596330275229358,0.9908256880733946,-0.6238532110091743,0.48623853211009177,-0.3669724770642202,0.7064220183486238,-0.45871559633027525,0.8256880733944955,-0.6146788990825688,0.926605504587156,-0.6972477064220184,0.28440366972477066,-0.3944954128440367,0.44954128440366975,-0.48623853211009177,0.5412844036697247,-0.5963302752293578,0.6238532110091743,-0.6788990825688074,0.09174311926605505,-0.44954128440366975,0.09174311926605505,-0.4954128440366973,0.10091743119266056,-0.5779816513761468,0.09174311926605505,-0.6422018348623854
2,0.0,0.0,0.4152542372881356,-0.19491525423728814,0.7203389830508474,-0.3050847457627119,0.8983050847457628,-0.3983050847457627,1.0,-0.576271186440678,0.7203389830508474,-0.2627118644067797,0.8813559322033898,-0.3983050847457627,0.9745762711864406,-0.5338983050847458,0.9830508474576272,-0.635593220338983,0.5677966101694916,-0.2711864406779661,0.7542372881355932,-0.3728813559322034,0.8389830508474576,-0.5,0.8983050847457628,-0.5932203389830508,0.423728813559322,-0.3050847457627119,0.5847457627118644,-0.3983050847457627,0.6864406779661016,-0.4830508474576271,0.7457627118644068,-0.5423728813559322,0.3050847457627119,-0.3559322033898305,0.4152542372881356,-0.4152542372881356,0.5,-0.4745762711864407,0.5508474576271186,-0.5169491525423728
2,0.0,0.0,0.21238938053097345,-0.05752212389380531,0.3672566371681416,-0.18584070796460178,0.47345132743362833,-0.27876106194690264,0.5575221238938053,-0.35398230088495575,0.2345132743362832,-0.5707964601769911,0.3230088495575221,-0.7522123893805309,0.39823008849557523,-0.8539823008849557,0.47345132743362833,-0.9336283185840708,0.1504424778761062,-0.6106194690265486,0.23893805309734514,-0.8230088495575221,0.336283185840708,-0.9292035398230089,0.4424778761061947,-1.0,0.05752212389380531,-0.6150442477876106,0.11946902654867257,-0.827433628318584,0.22566371681415928,-0.9203539823008849,0.34513274336283184,-0.9734513274336283,-0.048672566371681415,-0.5796460176991151,-0.02654867256637168,-0.7610619469026548,0.035398230088495575,-0.8539823008849557,0.11504424778761062,-0.915929203539823
2,0.0,0.0,0.292817679558011,-0.10497237569060773,0.5248618784530387,-0.26519337016574585,0.6961325966850829,-0.3701657458563536,0.8674033149171271,-0.43646408839779005,0.425414364640884,-0.6574585635359116,0.6685082872928176,-0.8397790055248618,0.8453038674033149,-0.9116022099447514,1.0,-0.9502762430939227,0.30939226519337015,-0.7016574585635359,0.585635359116022,-0.8784530386740331,0.8011049723756906,-0.9116022099447514,0.994475138121547,-0.9005524861878453,0.1712707182320442,-0.7016574585635359,0.430939226519337,-0.8342541436464088,0.6243093922651933,-0.8176795580110497,0.7955801104972375,-0.7790055248618785,0.022099447513812154,-0.6629834254143646,0.19889502762430938,-0.6961325966850829,0.3370165745856354,-0.6574585635359116,0.4585635359116022,-0.6132596685082873
2,0.0,0.0,0.3136094674556213,-0.1242603550295858,0.5976331360946746,-0.3136094674556213,0.8047337278106509,-0.4319526627218935,1.0,-0.5443786982248521,0.40236686390532544,-0.7869822485207101,0.6627218934911243,-0.8284023668639053,0.8047337278106509,-0.7396449704142012,0.9112426035502958,-0.6331360946745562,0.22485207100591717,-0.8224852071005917,0.5266272189349113,-0.6923076923076923,0.6390532544378699,-0.44970414201183434,0.7041420118343196,-0.2603550295857988,0.047337278106508875,-0.7692307692307693,0.3076923076923077,-0.6390532544378699,0.40828402366863903,-0.3905325443786982,0.47337278106508873,-0.20710059171597633,-0.1301775147928994,-0.6686390532544378,0.04142011834319527,-0.6035502958579881,0.14792899408284024,-0.46745562130177515,0.23076923076923078,-0.35502958579881655
2,0.0,0.0,0.3221476510067114,-0.1342281879194631,0.6174496644295302,-0.348993288590604,0.8187919463087249,-0.5234899328859061,0.8859060402684564,-0.6912751677852349,0.348993288590604,-0.8993288590604027,0.610738255033557,-1.0,0.5973154362416108,-0.7248322147651006,0.5033557046979866,-0.6174496644295302,0.1476510067114094,-0.9194630872483222,0.38926174496644295,-0.87248322147651,0.37583892617449666,-0.5771812080536913,0.28859060402684567,-0.5570469798657718,-0.040268456375838924,-0.8523489932885906,0.20134228187919462,-0.7651006711409396,0.20134228187919462,-0.5100671140939598,0.11409395973154363,-0.5033557046979866,-0.21476510067114093,-0.7449664429530202,0.0,-0.6778523489932886,0.03355704697986577,-0.4899328859060403,-0.040268456375838924,-0.46308724832214765
2,0.0,0.0,0.24836601307189543,-0.2679738562091503,0.3333333333333333,-0.5490196078431373,0.33986928104575165,-0.7973856209150327,0.2549019607843137,-1.0,0.0718954248366013,-0.738562091503268,0.11764705882352941,-0.9477124183006536,0.20915032679738563,-0.7516339869281046,0.1830065359477124,-0.6143790849673203,-0.0457516339869281,-0.7124183006535948,0.0457516339869281,-0.9150326797385621,0.1437908496732026,-0.6535947712418301,0.0784313725490196,-0.5163398692810458,-0.1895424836601307,-0.673202614379085,-0.0457516339869281,-0.8496732026143791,0.0457516339869281,-0.5816993464052288,-0.0196078431372549,-0.45751633986928103,-0.35294117647058826,-0.6078431372549019,-0.16339869281045752,-0.7712418300653595,-0.0718954248366013,-0.6013071895424836,-0.12418300653594772,-0.49019607843137253
2,0.0,0.0,-0.06716417910447761,-0.3208955223880597,-0.1044776119402985,-0.6194029850746269,-0.014925373134328358,-0.8134328358208955,0.07462686567164178,-0.8805970149253731,-0.43283582089552236,-0.8208955223880597,-0.11194029850746269,-1.0,-0.029850746268656716,-0.8582089552238806,-0.05970149253731343,-0.746268656716418,-0.3208955223880597,-0.8731343283582089,0.03731343283582089,-0.9850746268656716,0.09701492537313433,-0.8134328358208955,0.04477611940298507,-0.6940298507462687,-0.14925373134328357,-0.8805970149253731,0.21641791044776118,-0.9402985074626866,0.2462686567164179,-0.7388059701492538,0.17164179104477612,-0.6343283582089553,0.04477611940298507,-0.8731343283582089,0.3656716417910448,-0.8507462686567164,0.373134328358209,-0.6567164179104478,0.291044776119403,-0.5522388059701493
2,0.0,0.0,-0.10429447852760736,-0.2883435582822086,-0.07975460122699386,-0.5644171779141104,0.06134969325153374,-0.7239263803680982,0.2331288343558282,-0.7914110429447853,-0.20245398773006135,-0.7116564417177914,-0.09815950920245399,-1.0,0.03680981595092025,-0.9325153374233128,0.09202453987730061,-0.8159509202453987,-0.1165644171779141,-0.7239263803680982,0.1901840490797546,-0.8650306748466258,0.2883435582822086,-0.7239263803680982,0.26993865030674846,-0.6012269938650306,0.018404907975460124,-0.6932515337423313,0.36809815950920244,-0.6932515337423313,0.4539877300613497,-0.50920245398773,0.44785276073619634,-0.36809815950920244,0.1656441717791411,-0.6257668711656442,0.44785276073619634,-0.5705521472392638,0.5214723926380368,-0.4233128834355828,0.5398773006134969,-0.3067484662576687
2,0.0,0.0,0.20155038759689922,-0.11627906976744186,0.3682170542635659,-0.2713178294573643,0.47674418604651164,-0.43410852713178294,0.5426356589147286,-0.562015503875969,0.25193798449612403,-0.4883720930232558,0.32945736434108525,-0.686046511627907,0.35271317829457366,-0.813953488372093,0.35658914728682173,-0.9263565891472868,0.12015503875968993,-0.5077519379844961,0.11627906976744186,-0.7325581395348837,0.09689922480620156,-0.875968992248062,0.06589147286821706,-1.0,-0.003875968992248062,-0.4806201550387597,-0.06201550387596899,-0.6782945736434108,-0.10077519379844961,-0.810077519379845,-0.13565891472868216,-0.9224806201550387,-0.11627906976744186,-0.4108527131782946,-0.20930232558139536,-0.5348837209302325,-0.26356589147286824,-0.624031007751938,-0.3023255813953488,-0.7054263565891473
2,0.0,0.0,-0.01775147928994083,-0.11242603550295859,0.005917159763313609,-0.24260355029585798,0.04142011834319527,-0.3609467455621302,0.08284023668639054,-0.4437869822485207,0.08875739644970414,-0.3668639053254438,0.21301775147928995,-0.5384615384615384,0.28402366863905326,-0.6035502958579881,0.35502958579881655,-0.6804733727810651,0.16568047337278108,-0.3609467455621302,0.20118343195266272,-0.6568047337278107,0.21301775147928995,-0.8402366863905325,0.23668639053254437,-1.0,0.21893491124260356,-0.28994082840236685,0.378698224852071,-0.47337278106508873,0.4970414201183432,-0.5739644970414202,0.5976331360946746,-0.650887573964497,0.27218934911242604,-0.17751479289940827,0.4319526627218935,-0.27218934911242604,0.5443786982248521,-0.31952662721893493,0.6390532544378699,-0.3609467455621302
2,0.0,0.0,0.015444015444015444,-0.22007722007722008,0.0694980694980695,-0.43243243243243246,0.11583011583011583,-0.6177606177606177,0.13127413127413126,-0.803088803088803,0.19305019305019305,-0.5598455598455598,0.23552123552123552,-0.7760617760617761,0.2471042471042471,-0.9111969111969112,0.26640926640926643,-1.0,0.20463320463320464,-0.4864864864864865,0.3281853281853282,-0.6525096525096525,0.3783783783783784,-0.7451737451737451,0.4517374517374517,-0.8185328185328186,0.1969111969111969,-0.3938223938223938,0.3552123552123552,-0.4826254826254826,0.4555984555984556,-0.525096525096525,0.5598455598455598,-0.555984555984556,0.15444015444015444,-0.305019305019305,0.24324324324324326,-0.3127413127413127,0.3088803088803089,-0.2972972972972973,0.38223938223938225,-0.277992277992278
2,0.0,0.0,-0.14705882352941177,-0.16911764705882354,-0.22426470588235295,-0.38235294117647056,-0.2867647058823529,-0.5551470588235294,-0.3272058823529412,-0.6838235294117647,0.0,-0.5147058823529411,-0.03676470588235294,-0.6764705882352942,-0.1323529411764706,-0.6801470588235294,-0.20220588235294118,-0.6470588235294118,0.11029411764705882,-0.5,0.15073529411764705,-0.7389705882352942,0.17279411764705882,-0.8897058823529411,0.20588235294117646,-1.0,0.19117647058823528,-0.4264705882352941,0.3161764705882353,-0.6066176470588235,0.39705882352941174,-0.7242647058823529,0.4632352941176471,-0.8125,0.24632352941176472,-0.3014705882352941,0.4007352941176471,-0.35661764705882354,0.5,-0.39338235294117646,0.5808823529411765,-0.41911764705882354
2,0.0,0.0,-0.3582089552238806,-0.13432835820895522,-0.6169154228855721,-0.3333333333333333,-0.8159203980099502,-0.4626865671641791,-1.0,-0.582089552238806,-0.4427860696517413,-0.6069651741293532,-0.7661691542288557,-0.5223880597014925,-0.9104477611940298,-0.3781094527363184,-0.9850746268656716,-0.2736318407960199,-0.30845771144278605,-0.5522388059701493,-0.6616915422885572,-0.4079601990049751,-0.8208955223880597,-0.24378109452736318,-0.8855721393034826,-0.11442786069651742,-0.22885572139303484,-0.4626865671641791,-0.5323383084577115,-0.3482587064676617,-0.6965174129353234,-0.20398009950248755,-0.7611940298507462,-0.07960199004975124,-0.15920398009950248,-0.373134328358209,-0.40298507462686567,-0.32338308457711445,-0.527363184079602,-0.21890547263681592,-0.5970149253731343,-0.13432835820895522
2,0.0,0.0,0.2111801242236025,-0.006211180124223602,0.42857142857142855,-0.10559006211180125,0.6024844720496895,-0.19254658385093168,0.7204968944099379,-0.2981366459627329,0.45962732919254656,-0.4720496894409938,0.6894409937888198,-0.6832298136645962,0.8509316770186336,-0.8509316770186336,0.9751552795031055,-1.0,0.32919254658385094,-0.546583850931677,0.5341614906832298,-0.7018633540372671,0.7267080745341615,-0.7515527950310559,0.8695652173913043,-0.782608695652174,0.16770186335403728,-0.5093167701863354,0.32298136645962733,-0.37267080745341613,0.33540372670807456,-0.19254658385093168,0.30434782608695654,-0.07453416149068323,0.018633540372670808,-0.38509316770186336,0.14285714285714285,-0.15527950310559005,0.17391304347826086,-0.006211180124223602,0.17391304347826086,0.055900621118012424
2,0.0,0.0,0.19282511210762332,-0.13452914798206278,0.25112107623318386,-0.2556053811659193,0.2914798206278027,-0.3273542600896861,0.3273542600896861,-0.40358744394618834,0.08968609865470852,-0.5695067264573991,0.18385650224215247,-0.7802690582959642,0.2556053811659193,-0.9103139013452914,0.3452914798206278,-1.0,0.05829596412556054,-0.5829596412556054,0.19282511210762332,-0.820627802690583,0.33183856502242154,-0.9372197309417041,0.47085201793721976,-0.9955156950672646,0.04932735426008968,-0.5650224215246636,0.273542600896861,-0.6502242152466368,0.4439461883408072,-0.6053811659192825,0.5739910313901345,-0.5426008968609866,0.06278026905829596,-0.5067264573991032,0.23318385650224216,-0.5695067264573991,0.36771300448430494,-0.5426008968609866,0.484304932735426,-0.49327354260089684
2,0.0,0.0,0.27624309392265195,0.0,0.5138121546961326,-0.13259668508287292,0.7016574585635359,-0.23756906077348067,0.850828729281768,-0.32044198895027626,0.425414364640884,-0.4530386740331492,0.574585635359116,-0.6795580110497238,0.6795580110497238,-0.850828729281768,0.7513812154696132,-1.0,0.281767955801105,-0.5027624309392266,0.46408839779005523,-0.46408839779005523,0.4696132596685083,-0.3259668508287293,0.425414364640884,-0.23756906077348067,0.14917127071823205,-0.4696132596685083,0.3314917127071823,-0.3701657458563536,0.3314917127071823,-0.2265193370165746,0.287292817679558,-0.13812154696132597,0.03867403314917127,-0.39779005524861877,0.20441988950276244,-0.3149171270718232,0.2265193370165746,-0.20994475138121546,0.2154696132596685,-0.1270718232044199
2,0.0,0.0,0.14220183486238533,-0.03211009174311927,0.23394495412844038,-0.0871559633027523,0.3119266055045872,-0.10550458715596331,0.3669724770642202,-0.08256880733944955,0.06422018348623854,-0.463302752293578,0.11467889908256881,-0.6559633027522935,0.14220183486238533,-0.7844036697247706,0.1743119266055046,-0.8807339449541285,0.0045871559633027525,-0.5045871559633027,0.013761467889908258,-0.7431192660550459,0.045871559633027525,-0.8899082568807339,0.0963302752293578,-1.0,-0.013761467889908258,-0.5045871559633027,0.10091743119266056,-0.7247706422018348,0.21559633027522937,-0.8348623853211009,0.3211009174311927,-0.9036697247706422,0.0045871559633027525,-0.4724770642201835,0.16055045871559634,-0.5596330275229358,0.2798165137614679,-0.5779816513761468,0.38990825688073394,-0.573394495412844
2,0.0,0.0,0.06557377049180328,-0.3114754098360656,0.2459016393442623,-0.6065573770491803,0.3770491803278688,-0.819672131147541,0.47540983606557374,-1.0,0.5081967213114754,-0.4098360655737705,0.7540983606557377,-0.5245901639344263,0.8852459016393442,-0.5901639344262295,0.9836065573770492,-0.6721311475409836,0.47540983606557374,-0.3442622950819672,0.7049180327868853,-0.4262295081967213,0.8360655737704918,-0.5409836065573771,0.9344262295081968,-0.6229508196721312,0.39344262295081966,-0.3114754098360656,0.5573770491803278,-0.39344262295081966,0.639344262295082,-0.4918032786885246,0.7213114754098361,-0.5737704918032787,0.29508196721311475,-0.2786885245901639,0.39344262295081966,-0.39344262295081966,0.45901639344262296,-0.47540983606557374,0.5081967213114754,-0.5573770491803278
2,0.0,0.0,0.30666666666666664,-0.03333333333333333,0.44,-0.08666666666666667,0.5466666666666666,-0.11333333333333333,0.6466666666666666,-0.14666666666666667,0.12666666666666668,-0.43333333333333335,0.11333333333333333,-0.5533333333333333,0.12666666666666668,-0.6066666666666667,0.12666666666666668,-0.6533333333333333,0.03333333333333333,-0.52,0.06,-0.58,0.06666666666666667,-0.5466666666666666,0.08666666666666667,-0.56,-0.013333333333333334,-0.6,0.06666666666666667,-0.7866666666666666,0.12,-0.9,0.15333333333333332,-1.0,-0.02,-0.6866666666666666,0.10666666666666667,-0.8666666666666667,0.24,-0.9466666666666667,0.34,-0.9933333333333333
2,0.0,0.0,0.3783783783783784,-0.02702702702702703,0.4864864864864865,-0.060810810810810814,0.6013513513513513,-0.06756756756756757,0.7027027027027027,-0.14189189189189189,0.16216216216216217,-0.3310810810810811,0.14189189189189189,-0.4391891891891892,0.14189189189189189,-0.5337837837837838,0.14864864864864866,-0.5878378378378378,0.033783783783783786,-0.4189189189189189,-0.006756756756756757,-0.6216216216216216,0.013513513513513514,-0.777027027027027,0.08108108108108109,-0.8851351351351351,-0.060810810810810814,-0.5067567567567568,0.013513513513513514,-0.7297297297297297,0.12837837837837837,-0.8918918918918919,0.22972972972972974,-1.0,-0.14189189189189189,-0.6013513513513513,-0.006756756756756757,-0.7702702702702703,0.1554054054054054,-0.8513513513513513,0.2972972972972973,-0.8851351351351351
2,0.0,0.0,0.2781065088757396,-0.029585798816568046,0.3905325443786982,-0.07100591715976332,0.4911242603550296,-0.10059171597633136,0.5798816568047337,-0.14201183431952663,0.10059171597633136,-0.38461538461538464,0.04142011834319527,-0.5443786982248521,0.029585798816568046,-0.6627218934911243,0.03550295857988166,-0.7337278106508875,0.0,-0.4556213017751479,0.011834319526627219,-0.7100591715976331,0.05325443786982249,-0.8757396449704142,0.1301775147928994,-1.0,-0.07100591715976332,-0.5088757396449705,0.03550295857988166,-0.7159763313609467,0.17159763313609466,-0.8284023668639053,0.28402366863905326,-0.8875739644970414,-0.1242603550295858,-0.5502958579881657,0.01775147928994083,-0.6863905325443787,0.14792899408284024,-0.7337278106508875,0.26627218934911245,-0.7455621301775148
2,0.0,0.0,0.25,-0.023255813953488372,0.36627906976744184,-0.08139534883720931,0.46511627906976744,-0.11046511627906977,0.5523255813953488,-0.12790697674418605,0.12209302325581395,-0.4127906976744186,0.13953488372093023,-0.5523255813953488,0.18604651162790697,-0.6569767441860465,0.23837209302325582,-0.7267441860465116,0.029069767441860465,-0.47674418604651164,0.06395348837209303,-0.7151162790697675,0.12209302325581395,-0.8662790697674418,0.19767441860465115,-0.9825581395348837,-0.05232558139534884,-0.5116279069767442,0.01744186046511628,-0.7383720930232558,0.12209302325581395,-0.8953488372093024,0.22093023255813954,-1.0,-0.12209302325581395,-0.5348837209302325,0.023255813953488372,-0.6744186046511628,0.16279069767441862,-0.7267441860465116,0.29069767441860467,-0.7441860465116279
2,0.0,0.0,0.21105527638190955,-0.04020100502512563,0.3969849246231156,-0.1457286432160804,0.5226130653266332,-0.22613065326633167,0.6381909547738693,-0.2914572864321608,0.38190954773869346,-0.542713567839196,0.5477386934673367,-0.7336683417085427,0.6532663316582915,-0.8793969849246231,0.7386934673366834,-1.0,0.2814070351758794,-0.6030150753768844,0.48743718592964824,-0.6432160804020101,0.6532663316582915,-0.6331658291457286,0.7889447236180904,-0.6080402010050251,0.1658291457286432,-0.6180904522613065,0.35678391959798994,-0.5477386934673367,0.4623115577889447,-0.4120603015075377,0.542713567839196,-0.2814070351758794,0.04020100502512563,-0.5979899497487438,0.20100502512562815,-0.5326633165829145,0.2914572864321608,-0.4371859296482412,0.36683417085427134,-0.34673366834170855
2,0.0,0.0,0.24285714285714285,-0.05714285714285714,0.4666666666666667,-0.18095238095238095,0.6285714285714286,-0.2714285714285714,0.7666666666666667,-0.30952380952380953,0.34285714285714286,-0.5047619047619047,0.46190476190476193,-0.7333333333333333,0.5238095238095238,-0.8809523809523809,0.580952380952381,-1.0,0.21428571428571427,-0.5238095238095238,0.2571428571428571,-0.6952380952380952,0.32857142857142857,-0.7142857142857143,0.40476190476190477,-0.7,0.07142857142857142,-0.5142857142857142,0.09047619047619047,-0.6666666666666666,0.16666666666666666,-0.6285714285714286,0.23333333333333334,-0.5428571428571428,-0.09047619047619047,-0.49047619047619045,-0.06190476190476191,-0.6047619047619047,0.0,-0.5904761904761905,0.07142857142857142,-0.5428571428571428
2,0.0,0.0,0.2636363636363636,-0.08181818181818182,0.4636363636363636,-0.18636363636363637,0.6363636363636364,-0.2818181818181818,0.7727272727272727,-0.3181818181818182,0.3409090909090909,-0.4954545454545455,0.42272727272727273,-0.7272727272727273,0.44545454545454544,-0.8681818181818182,0.4772727272727273,-1.0,0.20454545454545456,-0.5136363636363637,0.22727272727272727,-0.6863636363636364,0.2590909090909091,-0.7772727272727272,0.30454545454545456,-0.8363636363636363,0.06363636363636363,-0.4909090909090909,0.05,-0.6454545454545455,0.04090909090909091,-0.6772727272727272,0.04090909090909091,-0.6409090909090909,-0.09090909090909091,-0.4681818181818182,-0.11818181818181818,-0.6045454545454545,-0.10909090909090909,-0.6318181818181818,-0.07727272727272727,-0.5954545454545455
2,0.0,0.0,0.14903846153846154,-0.15865384615384615,0.30288461538461536,-0.3269230769230769,0.4375,-0.4567307692307692,0.5673076923076923,-0.5240384615384616,0.25,-0.625,0.15384615384615385,-0.8365384615384616,0.019230769230769232,-0.9278846153846154,-0.1201923076923077,-1.0,0.12980769230769232,-0.6105769230769231,-0.028846153846153848,-0.7692307692307693,-0.1875,-0.7836538461538461,-0.3173076923076923,-0.7788461538461539,0.02403846153846154,-0.5769230769230769,-0.10576923076923077,-0.7163461538461539,-0.2403846153846154,-0.7403846153846154,-0.35096153846153844,-0.7259615384615384,-0.0625,-0.5480769230769231,-0.16826923076923078,-0.6586538461538461,-0.25961538461538464,-0.6778846153846154,-0.33653846153846156,-0.6730769230769231
2,0.0,0.0,-0.24338624338624337,-0.13227513227513227,-0.3968253968253968,-0.35978835978835977,-0.544973544973545,-0.5502645502645502,-0.708994708994709,-0.7142857142857143,-0.20105820105820105,-0.671957671957672,-0.47619047619047616,-0.8677248677248677,-0.6613756613756614,-0.9470899470899471,-0.798941798941799,-1.0,-0.12169312169312169,-0.6455026455026455,-0.4021164021164021,-0.8253968253968254,-0.6137566137566137,-0.8624338624338624,-0.7724867724867724,-0.8783068783068783,-0.10052910052910052,-0.5978835978835979,-0.3386243386243386,-0.7354497354497355,-0.5185185185185185,-0.7513227513227513,-0.6507936507936508,-0.7301587301587301,-0.08994708994708994,-0.5502645502645502,-0.2698412698412698,-0.6507936507936508,-0.4126984126984127,-0.6666666666666666,-0.5238095238095238,-0.6402116402116402
2,0.0,0.0,-0.2670157068062827,-0.14659685863874344,-0.44502617801047123,-0.3612565445026178,-0.6020942408376964,-0.5549738219895288,-0.7696335078534031,-0.7172774869109948,-0.18324607329842932,-0.6649214659685864,-0.4293193717277487,-0.8795811518324608,-0.5863874345549738,-0.9581151832460733,-0.7172774869109948,-1.0,-0.04712041884816754,-0.6492146596858639,-0.32460732984293195,-0.8115183246073299,-0.5130890052356021,-0.7853403141361257,-0.6387434554973822,-0.7486910994764397,0.02617801047120419,-0.581151832460733,-0.21465968586387435,-0.6910994764397905,-0.36649214659685864,-0.680628272251309,-0.4712041884816754,-0.6387434554973822,0.07329842931937172,-0.5130890052356021,-0.09947643979057591,-0.612565445026178,-0.2356020942408377,-0.6178010471204188,-0.33507853403141363,-0.5706806282722513
2,0.0,0.0,-0.31843575418994413,-0.24022346368715083,-0.5139664804469274,-0.46368715083798884,-0.6927374301675978,-0.6145251396648045,-0.8547486033519553,-0.7486033519553073,-0.16759776536312848,-0.7318435754189944,-0.2122905027932961,-0.888268156424581,-0.26256983240223464,-0.9553072625698324,-0.2905027932960894,-1.0,-0.00558659217877095,-0.6480446927374302,-0.0893854748603352,-0.7094972067039106,-0.1452513966480447,-0.6536312849162011,-0.16759776536312848,-0.6201117318435754,0.10614525139664804,-0.5195530726256983,0.05027932960893855,-0.5810055865921788,0.0111731843575419,-0.5418994413407822,-0.01675977653631285,-0.49162011173184356,0.18994413407821228,-0.4134078212290503,0.13966480446927373,-0.44692737430167595,0.09497206703910614,-0.4134078212290503,0.0670391061452514,-0.3743016759776536
2,0.0,0.0,-0.3873239436619718,-0.13380281690140844,-0.6338028169014085,-0.2535211267605634,-0.8309859154929577,-0.29577464788732394,-1.0,-0.34507042253521125,-0.2746478873239437,-0.5915492957746479,-0.28169014084507044,-0.7676056338028169,-0.2676056338028169,-0.852112676056338,-0.2535211267605634,-0.9154929577464789,-0.07746478873239436,-0.5352112676056338,0.014084507042253521,-0.6971830985915493,0.09859154929577464,-0.7816901408450704,0.19014084507042253,-0.852112676056338,0.07746478873239436,-0.4295774647887324,0.16901408450704225,-0.5845070422535211,0.2676056338028169,-0.6549295774647887,0.352112676056338,-0.6971830985915493,0.18309859154929578,-0.29577464788732394,0.23943661971830985,-0.352112676056338,0.28169014084507044,-0.33098591549295775,0.323943661971831,-0.323943661971831
2,0.0,0.0,-0.29347826086956524,-0.08152173913043478,-0.5978260869565217,-0.125,-0.8152173913043478,-0.07608695652173914,-0.9836956521739131,-0.016304347826086956,-0.5815217391304348,-0.32608695652173914,-0.8260869565217391,-0.1956521739130435,-0.9239130434782609,-0.05434782608695652,-1.0,0.04891304347826087,-0.5163043478260869,-0.28804347826086957,-0.7119565217391305,-0.14130434782608695,-0.7989130434782609,-0.010869565217391304,-0.8478260869565217,0.09782608695652174,-0.45652173913043476,-0.22282608695652173,-0.6086956521739131,-0.10869565217391304,-0.6902173913043478,-0.010869565217391304,-0.7445652173913043,0.059782608695652176,-0.4076086956521739,-0.16304347826086957,-0.5380434782608695,-0.08695652173913043,-0.6032608695652174,-0.010869565217391304,-0.6413043478260869,0.043478260869565216
2,0.0,0.0,0.2465753424657534,-0.1917808219178082,0.4520547945205479,-0.5068493150684932,0.5753424657534246,-0.547945205479452,0.6712328767123288,-0.2191780821917808,0.3561643835616438,-0.3150684931506849,0.5205479452054794,-0.3013698630136986,0.7671232876712328,-0.2602739726027397,1.0,-0.1780821917808219,-0.0958904109589041,-0.2328767123287671,0.0547945205479452,0.1095890410958904,0.2191780821917808,0.4794520547945205,0.4520547945205479,0.8767123287671232,-0.4794520547945205,-0.1095890410958904,-0.4383561643835616,0.1917808219178082,-0.3835616438356164,0.5342465753424658,-0.2465753424657534,0.863013698630137,-0.8082191780821918,-0.0273972602739726,-0.8767123287671232,0.1917808219178082,-0.7945205479452054,0.4657534246575342,-0.6164383561643836,0.7123287671232876
2,0.0,0.0,0.29591836734693877,0.030612244897959183,0.5714285714285714,0.05102040816326531,0.7959183673469388,0.12244897959183673,1.0,0.11224489795918367,0.23469387755102042,-0.5,0.32653061224489793,-0.4387755102040816,0.3163265306122449,-0.3469387755102041,0.32653061224489793,-0.19387755102040816,-0.10204081632653061,-0.4489795918367347,0.15306122448979592,0.061224489795918366,0.32653061224489793,0.47959183673469385,0.46938775510204084,0.826530612244898,-0.3469387755102041,-0.2755102040816326,-0.14285714285714285,0.21428571428571427,0.030612244897959183,0.5612244897959183,0.16326530612244897,0.8469387755102041,-0.5510204081632653,-0.05102040816326531,-0.4897959183673469,0.25510204081632654,-0.3673469387755102,0.5408163265306123,-0.2857142857142857,0.7857142857142857
2,0.0,0.0,0.2882882882882883,-0.05405405405405406,0.5585585585585585,-0.16216216216216217,0.7927927927927928,-0.2072072072072072,1.0,-0.26126126126126126,0.26126126126126126,-0.8198198198198198,0.36936936936936937,-0.6756756756756757,0.5045045045045045,-0.6036036036036037,0.6486486486486487,-0.5405405405405406,-0.04504504504504504,-0.7747747747747747,0.24324324324324326,-0.38738738738738737,0.45045045045045046,-0.06306306306306306,0.6036036036036037,0.1891891891891892,-0.3063063063063063,-0.5945945945945946,-0.06306306306306306,-0.26126126126126126,0.11711711711711711,0.02702702702702703,0.25225225225225223,0.25225225225225223,-0.5045045045045045,-0.36036036036036034,-0.36036036036036034,-0.0990990990990991,-0.21621621621621623,0.13513513513513514,-0.12612612612612611,0.3063063063063063
2,0.0,0.0,0.27325581395348836,-0.12790697674418605,0.6046511627906976,-0.06395348837209303,0.8430232558139535,0.06976744186046512,0.9825581395348837,0.11046511627906977,0.5,-0.16279069767441862,0.7790697674418605,-0.11046511627906977,0.9011627906976745,-0.0872093023255814,1.0,-0.09302325581395349,0.36627906976744184,-0.05813953488372093,0.6337209302325582,0.12790697674418605,0.7732558139534884,0.19767441860465115,0.8546511627906976,0.20930232558139536,0.23837209302325582,0.040697674418604654,0.4883720930232558,0.1744186046511628,0.6104651162790697,0.20930232558139536,0.6511627906976745,0.20348837209302326,0.13372093023255813,0.11627906976744186,0.3546511627906977,0.18023255813953487,0.45348837209302323,0.18604651162790697,0.5174418604651163,0.18023255813953487
2,0.0,0.0,0.3184713375796178,-0.09554140127388536,0.5796178343949044,-0.18471337579617833,0.7643312101910829,-0.2356687898089172,0.9363057324840764,-0.28662420382165604,0.4394904458598726,-0.7388535031847133,0.6815286624203821,-0.7070063694267515,0.8535031847133758,-0.6496815286624203,1.0,-0.6050955414012739,0.267515923566879,-0.7261146496815286,0.5796178343949044,-0.5414012738853503,0.7197452229299363,-0.3630573248407643,0.8152866242038217,-0.2484076433121019,0.11464968152866242,-0.6178343949044586,0.42038216560509556,-0.4140127388535032,0.5923566878980892,-0.27388535031847133,0.7197452229299363,-0.18471337579617833,-0.006369426751592357,-0.4585987261146497,0.24203821656050956,-0.2929936305732484,0.3821656050955414,-0.17834394904458598,0.4840764331210191,-0.11464968152866242
2,0.0,0.0,0.2909090909090909,-0.048484848484848485,0.5212121212121212,-0.14545454545454545,0.6909090909090909,-0.18181818181818182,0.8424242424242424,-0.23030303030303031,0.4666666666666667,-0.6121212121212121,0.7090909090909091,-0.6909090909090909,0.8727272727272727,-0.793939393939394,1.0,-0.8727272727272727,0.3696969696969697,-0.6424242424242425,0.6181818181818182,-0.6424242424242425,0.7454545454545455,-0.6303030303030303,0.8363636363636363,-0.6303030303030303,0.26666666666666666,-0.593939393939394,0.5151515151515151,-0.5878787878787879,0.6424242424242425,-0.5757575757575758,0.7333333333333333,-0.5878787878787879,0.17575757575757575,-0.47878787878787876,0.37575757575757573,-0.43636363636363634,0.4666666666666667,-0.3878787878787879,0.5333333333333333,-0.34545454545454546
2,0.0,0.0,0.1962025316455696,-0.0379746835443038,0.2721518987341772,-0.13924050632911392,0.34177215189873417,-0.15822784810126583,0.4050632911392405,-0.20253164556962025,0.0379746835443038,-0.569620253164557,0.08227848101265822,-0.7721518987341772,0.20253164556962025,-0.8924050632911392,0.31645569620253167,-0.9367088607594937,-0.012658227848101266,-0.6265822784810127,0.06962025316455696,-0.8734177215189873,0.21518987341772153,-0.9746835443037974,0.37341772151898733,-1.0,-0.02531645569620253,-0.6772151898734177,0.10759493670886076,-0.9050632911392406,0.2911392405063291,-0.9683544303797469,0.4430379746835443,-0.9620253164556962,0.006329113924050633,-0.7025316455696202,0.189873417721519,-0.8417721518987342,0.37341772151898733,-0.8607594936708861,0.5126582278481012,-0.8227848101265823
2,0.0,0.0,-0.35514018691588783,-0.1588785046728972,-0.6542056074766355,-0.07476635514018691,-0.8317757009345794,0.12149532710280374,-1.0,0.21495327102803738,-0.5514018691588785,0.411214953271028,-0.7102803738317757,0.7383177570093458,-0.8037383177570093,0.8130841121495327,-0.8598130841121495,0.8130841121495327,-0.35514018691588783,0.5607476635514018,-0.5233644859813084,0.8130841121495327,-0.6355140186915887,0.8130841121495327,-0.719626168224299,0.8130841121495327,-0.18691588785046728,0.6355140186915887,-0.308411214953271,0.8130841121495327,-0.40186915887850466,0.8130841121495327,-0.48598130841121495,0.8130841121495327,-0.028037383177570093,0.6635514018691588,-0.12149532710280374,0.8130841121495327,-0.18691588785046728,0.8130841121495327,-0.2523364485981308,0.8130841121495327
2,0.0,0.0,0.1520912547528517,-0.12167300380228137,0.24714828897338403,-0.2889733840304182,0.3269961977186312,-0.4448669201520912,0.4144486692015209,-0.5437262357414449,0.019011406844106463,-0.5095057034220533,0.019011406844106463,-0.7300380228136882,0.0038022813688212928,-0.8783269961977186,-0.011406844106463879,-1.0,-0.10646387832699619,-0.49809885931558934,-0.16730038022813687,-0.7262357414448669,-0.20912547528517111,-0.8745247148288974,-0.24714828897338403,-1.0,-0.20532319391634982,-0.44106463878326996,-0.28517110266159695,-0.6311787072243346,-0.33460076045627374,-0.7566539923954373,-0.376425855513308,-0.8669201520912547,-0.28517110266159695,-0.34600760456273766,-0.376425855513308,-0.46387832699619774,-0.43346007604562736,-0.5437262357414449,-0.4866920152091255,-0.6273764258555133
2,0.0,0.0,0.14601769911504425,-0.06637168141592921,0.25663716814159293,-0.16371681415929204,0.3672566371681416,-0.2345132743362832,0.49557522123893805,-0.27876106194690264,0.09292035398230089,-0.4646017699115044,0.09734513274336283,-0.7079646017699115,0.084070796460177,-0.8539823008849557,0.05752212389380531,-1.0,-0.05752212389380531,-0.4469026548672566,-0.12831858407079647,-0.5929203539823009,-0.19469026548672566,-0.6858407079646017,-0.2610619469026549,-0.7743362831858407,-0.18584070796460178,-0.3805309734513274,-0.2831858407079646,-0.49557522123893805,-0.35398230088495575,-0.5442477876106194,-0.42035398230088494,-0.588495575221239,-0.28761061946902655,-0.2920353982300885,-0.415929203539823,-0.3938053097345133,-0.5088495575221239,-0.4336283185840708,-0.5973451327433629,-0.4690265486725664
